{"X": [58.21681269138117, 43.85657144617765, 46.720266439431406, 61.08050768463493, 52.7461865787472, 38.62032984625406, 35.15116418075881, 18.713695805636554, 22.1828614711318, 29.90322161783544, 89.0035695953088, 77.98411019203675, 83.53224716621556, 94.5517065694876, 86.83523317726069, 25.63034029588581, 22.38916769412188, 30.963403685082035, 34.20457628684596, 28.599819457667, 76.34023826325131, 74.69901432808437, 90.17045392704267, 91.8116778622096, 83.58716269828425, 65.90878797175077, 64.82217002986513, 45.41325048571669, 46.49986842760233, 56.09955900366385, 112.62899277437518, 106.2213049933637, 88.68568851091302, 95.0933762919245, 102.33797239487177, 63.46134216320297, 48.82778089942541, 49.487890118051155, 64.12145138182872, 56.965876032545275, 26.016921020784135, 38.06622634982386, 34.16438063920014, 22.115075310160417, 31.456393731451698, 77.43425002016889, 91.53667361351765, 95.45766724868159, 81.35524365533283, 87.23805417519827], "Y": [82.4245716852944, 78.53041369688599, 67.97014596295845, 71.86430395136686, 75.27333183530894, 29.28202427012548, 44.42068486482161, 40.653885248835984, 25.515224654139857, 36.851051690403814, 57.17491709182932, 51.85529878575527, 40.362468542474865, 45.68208684854892, 50.25299430611565, 69.59355794434751, 60.453532336315085, 57.412996131412626, 66.55302173944504, 63.572397846464185, 89.77630371518536, 72.00640349523498, 70.57746485928293, 88.34736507923331, 82.11973737616363, 26.2129438169312, 35.93522620447215, 33.765974235786956, 24.043691848246006, 30.119879174236605, 29.512086651113236, 42.943099417919896, 34.57718111987498, 21.14616835306832, 32.819076688715995, 62.0097839986835, 61.000074568246625, 51.433214637697446, 52.442924068134325, 56.88015580787599, 81.31786370911347, 84.59784350960702, 98.93163004909569, 95.65165024860214, 90.20437897644493, 99.49321647079061, 93.14899577002184, 101.86488315130502, 108.2091038520738, 101.8263200133443]}