{"X": [21.60228912368388, 17.149149652359338, 34.293588202594925, 38.746727673919466, 29.28967625563255, 74.07600827793765, 71.75661810625444, 80.29854719488519, 82.6179373665684, 77.74920930593778, 48.99810661927779, 60.136649623041905, 53.67073833306718, 42.532195329303065, 51.86855859849362, 68.23068251848362, 87.39980175759246, 88.7309072207725, 69.56178798166366, 80.0335769492842, 35.73565780583426, 33.86606702090257, 22.20694158743695, 24.07653237236864, 29.579311274321878, 52.84178667362851, 40.978787649348824, 37.64575227194465, 49.50875129622434, 45.247414748312124, 87.80411635370507, 96.7171125821286, 110.89833843630007, 101.98534220787653, 100.95189611174675, 23.56197329264061, 32.3280643478207, 28.488637232719647, 19.722546177539556, 26.55034060440145], "Y": [68.56111059110151, 59.411384299287796, 51.067246607424835, 60.21697289923855, 59.93077137012255, 72.29934467321917, 52.531532683450784, 51.529293974096426, 71.2971059638648, 62.9926406998304, 66.12792643246482, 70.42373628015847, 87.18910381628774, 82.8932939685941, 77.5108626581224, 31.214783678345075, 29.66618761514485, 46.14312433859061, 47.69172040179083, 40.07882767559403, 75.94134054056283, 95.34434622391832, 94.22092267673725, 74.81791699338176, 85.81209456493167, 46.3481612878196, 50.66557397761132, 41.507358566903655, 37.18994587711194, 44.631333294316896, 99.15083558717126, 87.46036064381005, 98.27234331902474, 109.96281826238595, 100.28888506698046, 22.873766584721487, 24.760202579400378, 42.60166011394676, 40.715224119267866, 33.361449309415526]}