{"X": [31.386058392259763, 33.39025476265438, 49.4283957520257, 47.424199381631084, 41.20800859109809, 91.99055484274939, 97.17973580074687, 109.18799075266404, 103.99880979466656, 101.21875485208126, 82.17013650927612, 71.43942959123433, 78.77962580541868, 89.51033272346046, 80.57851313680493, 57.7301139650813, 56.69447314522812, 48.61049711500176, 49.64613793485494, 53.53924454777727, 58.7907278148424, 61.347851426625056, 70.91623575086595, 68.3591121390833, 64.88638928505797, 78.97422594362239, 92.19009892662368, 82.08194843947068, 68.86607545646939, 81.27551465442386, 25.399671118648374, 40.22148961893403, 38.85033128552597, 24.028512785240313, 34.293996927129434, 86.87562065352172, 74.47548721758322, 74.21995284190605, 86.62008627784455, 80.80498179098352, 45.94811057712765, 49.15486123772799, 65.12093067074095, 61.914180010140605, 57.246046233205924], "Y": [33.38570072423614, 18.06464564434419, 20.162646323224443, 35.48370140311639, 28.405780419940356, 37.74022776782785, 28.154389664585725, 34.6549175541807, 44.240755657422824, 36.61870590372086, 37.721216531126956, 24.077146143989072, 18.304272502880966, 31.948342890018846, 28.717549841960246, 77.70394958761568, 94.00528591701001, 93.49170252762121, 77.19036619822688, 85.91938295951437, 42.68094412445027, 35.01815066134343, 38.21118223656837, 45.87397569967521, 40.54776938677937, 78.65012680933334, 90.70822925873203, 101.78692372926527, 89.72882127986658, 91.88822752318295, 87.51335209333277, 88.64940371849266, 106.53860831345824, 105.40255668829835, 98.09724359677358, 65.01864555599172, 65.39490397423413, 56.97340374397226, 56.597145325729876, 62.17300419913262, 67.05842603525458, 53.30207012198871, 57.02392815069321, 70.78028406395909, 62.779670037586556]}