{"X": [67.70232487329963, 72.48430332529209, 56.42517882885004, 51.64320037685759, 62.91340330228882, 61.97881523052839, 42.91551871105771, 43.999953545719, 63.063250065189685, 53.43213183079094, 42.82239189072122, 33.07957900139367, 24.663227851364656, 34.406040740692205, 35.45688257682402, 88.68634915932451, 81.47700486548293, 73.60627896295851, 80.8156232568001, 81.86857492734836, 80.39502759229377, 71.51891956855886, 76.61910396549395, 85.49521198922886, 79.46744236584063, 108.66965666208952, 96.73074151984362, 87.53522084811718, 99.47413599036308, 99.03235831875597, 22.977885175532535, 32.579481253017505, 27.986241998725596, 18.384645921240626, 26.24317427350013, 37.51498970853373, 38.99890566948007, 19.226272342213992, 17.74235638126766, 28.676344981248025], "Y": [54.15434035880533, 66.29475084127913, 72.62026902789336, 60.47985854541955, 64.98557203564185, 98.14114537159891, 96.60310204326119, 83.16206145077406, 84.70010477911178, 91.15686767653808, 44.33990309881483, 49.31589674825677, 32.83699017352558, 27.86099652408364, 39.02957355003878, 88.33473286715135, 97.17849473853784, 90.7623594220337, 81.9185975506472, 90.2058190327755, 45.10213144722175, 41.21113591381696, 29.576635884321888, 33.46763141772668, 38.5277650924101, 99.51695861210192, 110.2041160413478, 99.93154901729707, 89.24439158805119, 101.64483083801252, 64.9741853049985, 71.37726678294867, 78.26495486857299, 71.86187339062282, 72.54002103195079, 87.10826521519569, 105.41572184504805, 107.01839810846882, 88.71094147861645, 97.78988768387667]}