{"X": [16.129696483684818, 28.80558337649918, 41.15855330245051, 28.482666409636145, 29.7898879342353, 73.95296448460275, 66.29980072232735, 60.7141266535854, 68.3672904158608, 67.73970287035806, 36.67537583610169, 33.769767863070754, 41.97520933159653, 44.88081730462747, 39.77468881721232, 57.16990268819111, 74.03231997381477, 68.55748975309334, 51.69507246746968, 65.35525852872155, 49.49432219248884, 54.54506778505022, 63.818335869793756, 58.76759027723237, 56.82113883346829, 85.1842014798368, 66.99117192450649, 70.63092735077414, 88.82395690610446, 79.29128999712951, 29.484173894418703, 47.284947769533574, 46.336700030829704, 28.535926155714833, 38.69870418937946], "Y": [86.16737726073897, 76.21036618642, 91.9364559138442, 101.89346698816317, 89.82014421689351, 82.32052779880866, 88.22010768679107, 80.97415472362226, 75.07457483563985, 81.72924588526774, 76.2617953559373, 68.68326598944032, 65.5372999318848, 73.11582929838178, 71.88129669536008, 90.96056390971042, 95.77036930991149, 114.96425847347071, 110.15445307326964, 104.225641058257, 31.682346810111433, 20.042685478323442, 24.066592752991873, 35.706254084779864, 29.084163990644484, 53.73879210333619, 47.60952509079322, 36.80592036795242, 42.935187380495385, 45.684467901895985, 38.15277184896358, 39.46625167991582, 52.31726254166567, 51.00378271071343, 45.623251758713096]}