{"X": [30.90627552760774, 20.823514802712292, 29.064019206292045, 39.146779931187496, 31.00139832805614, 66.51157776427333, 54.758911593085465, 48.947454819186746, 60.70012099037461, 59.877085339162896, 102.83915919090893, 110.08556765739623, 94.92574607744871, 87.67933761096141, 99.41203767140985, 53.739731420298604, 50.360283402644725, 63.227383826792796, 66.60683184444667, 60.078000256713075, 72.80443573644365, 83.5743071842597, 80.58649775298184, 69.8166263051658, 77.73529751359668, 77.91629693564839, 93.15620054887648, 98.24841588971883, 83.00851227649073, 89.24654572368958, 26.67567952903225, 32.07549755078396, 45.87672000928072, 40.47690198752901, 38.21729671506425, 110.3529389015146, 100.73978792823597, 94.10265748187548, 103.71580845515412, 103.49011836969316, 36.4105152043893, 24.837117285349045, 33.34065897900851, 44.91405689804876, 35.120887044637755, 55.860107506264995, 49.27724045751906, 61.652410549190265, 68.2352775979362, 60.37131409885657], "Y": [68.36369631178135, 53.442274793471626, 47.873969250210365, 62.79539076852009, 59.17629758702694, 86.39987883932653, 90.48873428997527, 73.7847660875573, 69.69591063690856, 80.37156573646782, 18.893984115105255, 32.49016896830615, 40.569954631230985, 26.97376977803009, 30.37552109760384, 107.92534446261459, 100.53337979865803, 94.65081690798726, 102.04278157194382, 101.83207015843065, 41.58075078919478, 45.04444521995762, 54.334619087387324, 50.87092465662448, 49.369253230582444, 71.75796158578461, 63.938793928943554, 73.86374686230872, 81.68291451914978, 74.22103476462942, 32.6136421643355, 23.18929362073656, 31.09690542104633, 40.52125396464527, 32.216749367071515, 98.00705062503685, 101.81054424863842, 85.03550968192043, 81.23201605831886, 92.75669946654595, 105.36374002668252, 96.80522606197388, 85.30616534329211, 93.86467930800075, 95.99528561671886, 50.638900100628106, 44.44543863786991, 31.292196317894405, 37.4856577806526, 41.54795469128786]}