{"X": [48.063665297850726, 41.50996303432287, 35.50710543002712, 42.06080769355497, 42.38393290247835, 59.51338467107202, 44.287726652154795, 51.517817090940525, 66.74347510985774, 56.01577921247324, 25.835074214515462, 39.97331845572905, 35.168793071567144, 21.03054883035356, 31.279449970629763, 58.86656990639653, 69.07819054208443, 67.29965648803883, 57.08803585235094, 64.253057152256, 78.54180731771093, 89.08211588029096, 104.59809018196701, 94.05778161938699, 92.11098028317086, 99.94207774827143, 83.5955601535211, 90.57383597078945, 106.92035356553977, 95.86853345876348, 37.62894753158404, 40.884976468365736, 57.38761374343061, 54.13158480664892, 47.88048612357994], "Y": [52.6183066164216, 57.421351251146625, 49.230517215484845, 44.42747258075982, 51.22405595712049, 85.18147396929672, 72.87069620105167, 63.92870353908134, 76.23948130732639, 76.37647940583906, 90.01095158511049, 99.1276133018288, 106.57853727543909, 97.46187555872078, 99.5297555008544, 47.85849906485909, 49.186867512408234, 62.85906447031867, 61.530696022769526, 55.915036788875874, 65.08742925856212, 49.63467352833962, 60.21810341255568, 75.67085914277818, 63.22811860117163, 44.21259058680771, 34.59418864590919, 22.734577337407192, 32.3529792783057, 33.66838806386122, 28.159456476828424, 19.96653142440113, 26.52500280757387, 34.71792786000117, 27.42820269028368]}