{"X": [61.20159089183748, 77.75532807541076, 81.04107194233167, 64.4873347587584, 71.51732527763022, 49.1577049291243, 42.93321818293117, 31.69227084538644, 37.91675759157957, 41.11478574812369, 72.88702327290405, 70.36857343183374, 83.74222081776257, 86.26067065883288, 78.545605233761, 32.39803360685739, 25.590437175876026, 38.468078928201415, 45.27567535918278, 35.64384420245916, 85.96908007742405, 96.79276831848877, 87.2377733413075, 76.41408510024279, 87.04588690298638, 58.07737760428337, 47.561160235419464, 47.18535175659275, 57.70156912545666, 52.74365562809701, 26.146669606170157, 26.01046829977482, 44.46023441948274, 44.596435725878074, 36.661362095603806], "Y": [32.118535029428095, 25.512349407384427, 33.745745127306726, 40.351930749350394, 34.69810542081874, 102.5451087783365, 109.98769595793928, 100.5865124677465, 93.14392528814372, 102.27126238986239, 108.0657638564271, 95.89012795875709, 93.12387735659608, 105.29951325426609, 101.32870748879597, 41.82070680204615, 30.3600415328367, 22.71076586049748, 34.17143112970694, 33.04165319024507, 53.404283523893625, 66.70048402615554, 74.47866748242605, 61.18246698016414, 64.43854753049023, 53.90441898786854, 54.17397990997676, 39.51279081218455, 39.24322989007633, 47.2068064114576, 81.68418616791143, 71.91292157744242, 71.65575094973843, 81.42701554020745, 77.80514492723096]}