{"X": [58.94033960868286, 56.378696848464166, 46.17248036731216, 48.73412312753086, 52.81925126939905, 97.7477495787598, 99.12534562894285, 83.7034875444686, 82.32589149428554, 92.19678719645789, 94.88181509659543, 102.75021043815744, 86.28517349878697, 78.41677815722497, 90.60405858957702, 40.03012734675605, 50.852246646467734, 60.31008578336229, 49.48796648365061, 50.19039655039067, 34.055970125010035, 51.156099622409144, 58.56726505396104, 41.46713555656193, 47.67627071277246, 30.6217667189591, 35.993409927120375, 19.690675651856957, 14.319032443695685, 26.338168075266402], "Y": [24.70696472613924, 43.41974172393318, 42.02258508805546, 23.30980809026152, 34.96914321236472, 53.533396139221345, 66.63260055803406, 68.25446171115445, 55.155257292341744, 61.75645753520018, 86.5318625691283, 101.52132518037283, 110.16429146358053, 95.17482885233599, 99.75268280227714, 64.06587252327854, 50.52989076210106, 58.091504338629065, 71.62748609980655, 62.58163007729379, 94.55219424798405, 84.26166176525591, 96.5770486336123, 106.86758111634045, 97.22621630848543, 56.73528831409929, 67.02840184269343, 75.53627184732336, 65.24315831872923, 67.14431100042854]}