{"X": [75.60397580341773, 64.97417934733264, 65.96452602860369, 76.59432248468877, 72.33059530305552, 76.11586663879459, 85.35403588539305, 90.03961048484962, 80.80144123825116, 83.39718848515142, 40.74234058209605, 45.510902302907, 63.81913385112742, 59.05057213031647, 52.83868151941984, 28.762810532117705, 22.41978284238758, 37.79109950284853, 44.13412719257866, 34.46412447360345, 29.021560527871767, 14.266725174450176, 22.713033163401303, 37.46786851682289, 26.470593819489803, 100.21355031823639, 110.02625431503189, 106.12015748775424, 96.30745349095874, 103.99077872170102, 55.401131083912205, 55.60374714611355, 67.0083425020549, 66.80572643985356, 62.263167577416986, 84.09812537384275, 92.89143282888745, 97.12064800112333, 88.32734054607863, 92.23408893647216], "Y": [102.47274773910445, 101.91744576558676, 82.95986206354496, 83.51516403706265, 92.9840839418647, 66.00207842771114, 61.466034505718945, 71.00873998030168, 75.54478390229387, 69.0622568977899, 38.96795080387164, 24.139449239986785, 30.02702538923291, 44.85552695311776, 35.252226196671806, 93.11348910468848, 84.80287490496721, 73.07080735114144, 81.38142155086271, 84.2314348511991, 71.83195354485879, 63.844257761641096, 48.242276025794254, 56.22997180901195, 60.416863424626364, 76.68198457173436, 78.8382935815133, 96.61374773723615, 94.45743872745722, 87.0051203918336, 78.17471440756732, 62.475373358729, 62.62256133272307, 78.32190238156139, 71.07906199086379, 25.993317541534665, 23.82838839371344, 41.0062204444466, 43.171149592267824, 34.21133478846383]}