{"X": [93.85471100438, 88.073333391533, 79.75631017480819, 85.53768778765519, 88.05117757058632, 47.69839363385364, 61.6483078429863, 68.65853000697412, 54.70861579784146, 58.29017545803985, 72.35390692536363, 85.33213442272091, 90.03159483175311, 77.05336733439583, 82.84647559111922, 93.38856822944678, 107.25467055744201, 111.83611102001444, 97.9700086920192, 104.64667745020947, 26.235344251089334, 38.548300335883326, 27.093575353741723, 14.780619268947728, 27.108684196320908, 71.02033933479981, 60.27820098025709, 56.22342094084993, 66.96555929539265, 64.37545450001006, 98.83996218299129, 94.89718509168671, 81.11640348092564, 85.05918057223022, 91.37306621126633, 32.952407875947536, 28.958251871785528, 36.93789786634185, 40.93205387050386, 35.79102191044363], "Y": [94.99982514237124, 102.87420717733875, 96.76784205342463, 88.89346001845712, 96.34298388395543, 41.53579071615149, 35.22083091693062, 50.70659818763534, 57.02155798685621, 47.53673685700468, 65.81931805590219, 60.985999960940305, 73.60479829056374, 78.43811638552562, 70.0214625414119, 50.27906712278514, 46.28611941698583, 62.195850008093124, 66.18879771389244, 56.62573171688992, 20.872405804240188, 33.4608594389369, 44.664898454480394, 32.07644481978368, 33.27334092061423, 83.4404541029671, 89.71077819223935, 82.76424599383662, 76.49392190456437, 84.6237828195217, 34.15437162299357, 41.749211235492, 34.595070686458605, 27.00023107396018, 35.15407000538052, 86.88300334259623, 79.50080297254422, 75.18339767837989, 82.5655980484319, 81.5664038064848]}