{"X": [62.58750759716608, 66.21678276413205, 81.53088363200337, 77.9016084650374, 72.64501715707196, 31.44442578973939, 18.235899611506845, 22.553881402260785, 35.76240758049333, 27.551325736091805, 55.94613168957157, 44.621502640718255, 46.052885093164164, 57.37751414201748, 52.71436340793469, 72.61129640470656, 75.42342434996486, 67.39706525673972, 64.58493731148143, 70.22359897822972, 53.99209883740697, 56.67771699611093, 40.67956669004353, 37.99394853133957, 49.380820170907214, 54.521038286807695, 50.22621563182118, 58.149453002557195, 62.44427565754371, 56.95900737597204, 99.1942717891807, 90.5295615633427, 85.88606562013493, 94.55077584597294, 92.65617797096259, 94.00083100349339, 102.1726055964421, 105.9948711616769, 97.82309656872819, 100.26315536657914, 98.148758001322, 110.02076482761547, 107.23675525823958, 95.36474843194611, 102.69521400382429], "Y": [90.94071493170372, 77.99306121156192, 82.28566025579778, 95.23331397593958, 86.93891072725786, 45.40140597468968, 40.37760669496063, 29.02480927121863, 34.04860855094768, 38.04365991354704, 105.45923295715819, 104.4168033093433, 88.86671286921951, 89.90914251703441, 97.81041188392345, 20.097596130127357, 37.82847269796749, 39.101458194109036, 21.3705816262689, 30.25464531620769, 61.06182230663607, 72.8683769655575, 76.50745070119503, 64.7008960422736, 69.45738787813785, 51.67970269224473, 32.699058534794574, 30.90623743355097, 49.88688159100113, 42.09979281612894, 111.71851381611172, 113.91509079493768, 95.59816078492976, 93.4015838061038, 104.46361405555761, 34.6489033040636, 32.82916263292348, 49.9935273849181, 51.81326805605823, 42.9362734833363, 60.24772080488939, 63.29625123578861, 74.13812451252925, 71.08959408163003, 68.39519428802446]}