{"X": [74.02512649017001, 92.39575465454564, 94.84326317561036, 76.47263501123473, 85.81600711115895, 72.49184499049522, 60.99177078315018, 63.86027070007066, 75.36034490741571, 68.54747034592579, 38.46052122199429, 43.07663818338316, 35.11116011374991, 30.495043152361042, 36.94791137975644, 55.76552051239711, 66.68223706598785, 67.67521897983258, 56.75850242624184, 63.392126433816564, 49.875799629760486, 62.42333224327487, 51.513925494496526, 38.96639288098214, 50.717837749210084, 36.41632027016179, 43.59859598236139, 35.5717903365982, 28.389514624398604, 36.491072244804705, 70.20554580133582, 55.101716323667425, 52.9395732264679, 68.0434027041363, 63.07851007874025, 112.18700362218824, 96.32475906679721, 87.39153236703488, 103.25377692242591, 102.08426329413062], "Y": [84.61483952548012, 80.53685853229507, 91.56247857436001, 95.64045956754507, 89.58279979449644, 54.53156643872037, 50.95916170530856, 41.72505628611558, 45.29746101952739, 48.16592696170108, 80.66332050026713, 87.89905898543118, 92.9807211403303, 85.74498265516625, 87.1639030373595, 17.943624534064355, 17.195946034712858, 31.694292724750348, 32.44197122410185, 24.842806978437743, 91.85906229003116, 100.99019260711906, 115.98134180999737, 106.85021149290948, 104.13549414075135, 57.03249003232773, 70.68772548885568, 74.90960298189819, 61.25436752537024, 66.92679458334642, 77.84927513531527, 80.11032432916764, 65.66718848974826, 63.40613929589588, 72.14096921949965, 65.75707318316493, 74.11468153427684, 57.15994752098383, 48.802339169871914, 61.86147911879204]}