{"X": [56.02887845151156, 65.92284804393506, 68.55198277100455, 58.65801317858104, 62.89150300681097, 101.22220471259865, 105.0099362557279, 91.62770199225784, 87.8399704491286, 96.9865443968654, 26.11778721844836, 43.64957012065979, 43.83546454526635, 26.303681643054915, 35.20280804943978, 63.10701442660773, 54.82514130460548, 46.14253822491466, 54.42441134691691, 55.01339777496368, 49.184090137154946, 56.08858794949055, 50.506873804506306, 43.6023759921707, 50.39992235468418, 87.3248124144959, 105.06193779738173, 110.11700522020548, 92.37987983731965, 99.61297388309085, 39.16764287668788, 41.8302816448537, 24.8999936275152, 22.23735485934938, 33.43485506064007, 88.66444011081012, 75.78764092187863, 81.59987490612676, 94.47667409505824, 86.32821129107654, 53.957335574299584, 48.92076437296671, 66.42470737257307, 71.46127857390594, 61.19626582194988], "Y": [76.4814641982537, 73.84317526601183, 83.7028152493801, 86.34110418162197, 80.99674119354461, 54.67959505940392, 68.99868018743476, 72.53859285532326, 58.21950772729243, 65.31917544565873, 68.63324027509893, 68.23419131789291, 76.4012611374767, 76.80031009468271, 74.42967036163495, 95.77626142993475, 108.16170476559975, 102.35583935360927, 89.97039601794427, 100.15845524150991, 22.354016754785015, 28.402587178594036, 34.77416432869639, 28.725593904887372, 29.608571697445427, 23.15827437856397, 14.967354996773555, 25.913911850562005, 34.104831232352424, 25.422798197110833, 81.84255228994525, 95.85186413771744, 99.06966967456452, 85.06035782679233, 92.06139652880941, 97.16563548037277, 92.08333145898457, 77.35714240392619, 82.43944642531439, 87.69995777586728, 62.24353869456563, 47.65435398957866, 41.611531377876844, 56.20071608286381, 53.45054273213455]}