{"X": [38.99071704400761, 49.05740432026357, 35.148293205166226, 25.081605928910264, 38.100417763223106, 34.18127980251235, 21.990457043619212, 21.94522234924242, 34.13604510813556, 28.891896343476567, 57.43815335811695, 51.600945698369465, 68.22531568223533, 74.06252334198282, 64.13459013894267, 87.17628423945182, 96.90905464044587, 94.86150933719186, 85.1287389361978, 91.39129015126794, 103.99747217935197, 91.46099446525258, 89.24009577444747, 101.77657348854686, 97.42352015056117, 73.9802546374074, 87.62173630791244, 80.02514275444472, 66.38366108393967, 77.4575469342337], "Y": [43.28972825133537, 59.46104864594045, 68.11950500384506, 51.94818460923997, 57.68554249894761, 104.04186364284381, 104.07698870972929, 88.37742738225701, 88.34230231537153, 97.36733146820984, 44.43322562291192, 34.75303111312124, 24.72844950888276, 34.40864401867344, 35.65500289995501, 94.39069142815768, 96.31901343574074, 106.65353653086578, 104.72521452328272, 100.81035013963476, 55.26682428775305, 57.52156605783737, 45.173257567721635, 42.91851579763732, 51.407470539246944, 50.1874414588581, 61.16607072353683, 70.60520827154652, 59.626579006867786, 61.11774266798679]}