{"X": [77.29642431848046, 68.37316276815962, 61.223278507391164, 70.14654005771202, 70.41319210468909, 58.86925380863381, 49.132410929035316, 46.020706607523444, 55.757549487121935, 52.72720656167068, 87.54604199819305, 77.92558964209707, 66.48687510389307, 76.10732745998905, 78.25048877906792, 23.939309561106157, 41.53539849519057, 37.75875660385455, 20.162667669770137, 31.07910171626031, 45.94048328266692, 58.854973013208536, 71.03534414526689, 58.12085441472527, 59.969825094097814, 90.93990300104849, 92.43583683651786, 111.99396575379512, 110.49803191832575, 102.27979428976623, 103.29737934420173, 93.74283254666193, 82.15996366714823, 91.71451046468803, 92.85000205535216, 15.888362738304693, 17.191769312706157, 34.12103672481251, 32.81763015041105, 25.633283306141628], "Y": [28.549592623717526, 38.06439761630848, 31.359027683552146, 21.844222690961185, 31.282247454224688, 64.45800131240784, 67.73175648601716, 58.4768872427179, 55.20313206910858, 61.57648944745732, 82.95348758225637, 93.19876010643962, 82.45764922139298, 72.21237669720973, 83.08001544831792, 38.4543273269523, 46.81502875145518, 54.763420066731534, 46.402718642228656, 48.858570416397335, 102.51245483563737, 88.39369723477647, 99.53513632921643, 113.65389393007733, 101.66880953767148, 76.35679889354539, 66.43721504956974, 69.38670035722159, 79.30628420119723, 73.53825177477404, 38.47258283679101, 50.547022348644774, 41.38145713541608, 29.307017623562317, 41.844819818811956, 83.55167185828405, 63.676728223211896, 64.78695619919476, 84.66189983426692, 75.66027929857056]}