{"X": [89.2019096476671, 95.39906496569508, 109.05809855803261, 102.86094324000463, 100.98343921785737, 63.70596186128542, 55.090323483708126, 56.99360669698261, 65.60924507455991, 61.64149067740076, 89.79356862347056, 75.27543525526066, 69.74559902501544, 84.26373239322534, 80.90747453132579, 65.73205560703927, 75.2998268830812, 77.88430344081782, 68.3165321647759, 73.31932730141605, 103.10161717830263, 107.41495626394654, 98.73895756681588, 94.42561848117198, 101.25993089716604, 44.7194525204756, 35.33022288783082, 28.245980791996274, 37.63521042464105, 36.57568883606617], "Y": [85.26840462422379, 75.74010778250764, 84.62387306312746, 94.15216990484362, 85.28725474599835, 48.617119839514565, 47.75980585818386, 28.63262462379675, 29.489938605127456, 38.76655521257564, 46.231360624984205, 51.59381571388934, 36.62252018524916, 31.260065096344025, 41.526931998046145, 72.24036652784396, 70.6401935326593, 86.09332306748347, 87.69349606266813, 80.18569604154166, 27.70324512654784, 39.076013378437395, 42.366551219223126, 30.993782967333576, 36.43029348045187, 81.06821744500748, 85.79191577202626, 71.71066603798185, 66.98696771096307, 76.94955771189852]}