{"X": [94.3919195363743, 96.13361075429872, 76.8862763112941, 75.14458509336968, 87.57024435567185, 17.709512002197748, 16.11836599274194, 35.69622432848627, 37.28737033794208, 28.248162779817562, 95.16361575757722, 102.44526955815466, 91.20133532355212, 83.91968152297467, 94.57877657892153, 50.87330824953896, 64.95344080055644, 70.40591906552086, 56.325786514503385, 61.52734638474192, 40.658684161421746, 31.328584052247066, 33.29390208039919, 42.62400218957387, 39.23209365243865, 75.44057665103844, 67.67112515066088, 75.59286744379489, 83.36231894417244, 76.84843561106365, 54.89746018393473, 56.08368113224225, 64.85318644387596, 63.66696549556845, 60.76136235560316], "Y": [63.18857075583744, 81.85743479064485, 83.65309377157335, 64.98422973676594, 75.62941072334215, 41.281319660157486, 25.701387635474088, 23.701941738325267, 39.28187376300866, 32.52382494001194, 38.89119628661909, 52.203168667780794, 58.35360483971128, 45.04163245854958, 49.23997084901913, 90.15416070531326, 85.89081952992818, 103.89820236513056, 108.16154354051564, 98.47771335889126, 92.90221209903427, 91.89195325934783, 73.74154147506067, 74.75180031474711, 84.12609375163329, 32.71151805823844, 27.01753690763722, 16.208299764571574, 21.9022809151728, 25.24514251093588, 55.58731133243059, 45.97057586026333, 47.052291265356985, 56.66902673752424, 51.48603235957618]}