{"X": [61.20169097949096, 53.04385093807146, 43.81473403122507, 51.972574072644576, 52.64059409772671, 62.45474476812594, 71.22624047477667, 62.40190877802112, 53.63041307137039, 63.044327319149254, 91.61848576923525, 84.71076342847543, 71.61054249323057, 78.51826483399039, 83.4109117506432, 60.07293648220332, 43.390479024603884, 47.032679139415734, 63.71513659701517, 54.75949025214552, 46.98358414886555, 30.645213557261357, 22.341207393847277, 38.67957798545147, 35.973705451854315, 89.25816917499516, 99.3971740118923, 85.75012658241509, 75.61112174551795, 87.9354661055876, 33.32936416762304, 25.97987866202262, 16.976614506162626, 24.326100011763046, 25.309543305062874, 93.62540940755152, 86.75720198327215, 99.61872127842612, 106.48692870270548, 98.5614990313749], "Y": [43.76290241318732, 49.074128643611346, 34.89855859947815, 29.587332369054128, 39.87810383222462, 56.774867247022364, 72.03036875196237, 77.10411788876321, 61.8486163838232, 67.26794013943235, 90.23561512548983, 96.46515417003538, 81.9387681603813, 75.70922911583575, 86.32033776320368, 101.48737915832012, 97.83413070822643, 81.20212516645873, 84.85537361655243, 91.44272565147469, 70.7771167707873, 81.91160194148509, 69.72658143870757, 58.59209626800979, 70.62403262144618, 38.68179745629763, 49.25322010675836, 62.342043103614316, 51.77062045315358, 52.16791710350361, 102.5937554069296, 108.72985781830707, 97.94624389199862, 91.81014148062116, 101.43849388627352, 82.83551461331544, 74.9311862314503, 63.75559002100482, 71.65991840286996, 74.03732864633504]}