{"X": [59.798411689991624, 67.78771115657206, 63.76436960001584, 55.775070133435406, 63.378004901975096, 64.00281170346662, 75.31677860544349, 88.8436717726556, 77.52970487067873, 77.0407160550993, 36.92004601897746, 26.937344118008482, 14.50058788130267, 24.483289782271648, 25.958073459253097, 45.51861847689787, 29.62422565283364, 33.43448382282851, 49.32887664689274, 40.925757668786076, 85.26711332739046, 73.78976837146126, 73.87661801648639, 85.35396297241559, 81.09125334981464, 93.22976849573656, 79.56992084987968, 73.21053169499804, 86.87037934085492, 83.5254018320642, 31.62974221530032, 41.725794404337776, 34.383339308889866, 24.287287119852408, 33.86226528413956, 97.5543551537992, 90.193459343417, 103.1243222747808, 110.48521808516298, 102.03971091990189, 70.17337228306579, 73.39026980749004, 62.381322255132794, 59.16442473070855, 67.22332989396496], "Y": [75.26362641703508, 77.46747051097712, 92.0527493154182, 89.84890522147616, 84.1483404282578, 107.32032987206067, 91.16872899894227, 100.64412544927983, 116.79572632239822, 106.25884597612549, 69.10800111668149, 84.4591839648153, 76.3717009770699, 61.020518128936104, 74.15550040231231, 48.53196400895702, 44.44144779524788, 29.63604501698012, 33.726561230689256, 39.20887123881745, 84.22562950704629, 84.15362708525794, 70.30960197477707, 70.38160439656542, 78.56059455216138, 33.74479222117128, 46.33480485121207, 39.43502726329106, 26.845014633250276, 36.674427983673716, 89.17520231807185, 99.30926587433848, 106.62418051126772, 96.4901169550011, 99.53365147303846, 67.69182821696072, 59.74686513287417, 47.766603705763295, 55.71156678984985, 58.53266085203528, 49.8350205576389, 60.15931889352245, 63.58954291219554, 53.265244576311986, 57.159586400855645]}