{"X": [33.72621428718316, 28.11078372001144, 45.23035612196471, 50.84578668913643, 40.67616473892189, 83.06943832082223, 97.5110203168103, 107.33692583634038, 92.89534384035231, 95.82249232252713, 41.26797579564415, 28.91001520434253, 36.2436657600834, 48.60162635138502, 39.70693646940956, 27.41121813989257, 37.832025791255575, 48.11198699691545, 37.69117934555244, 39.60653749072631, 52.120251807834904, 43.244332379973656, 44.487519766702135, 53.363439194563384, 48.99039025557286, 74.33121831671002, 69.89443961362446, 56.89656496711592, 61.33334367020149, 65.65501446207638, 97.12170226891168, 87.66748396355457, 76.37693651298257, 85.83115481833967, 87.54321926016766, 70.25893999968639, 87.67615606670658, 87.0174858032662, 69.600269736246, 79.09310833537987, 70.07480197816888, 62.26989230002402, 66.24409912282844, 74.0490088009733, 69.11037522535482], "Y": [34.807213537337304, 24.729178121770317, 15.190238616324121, 25.26827403189111, 26.379192885349692, 56.56959489907692, 43.62624452887236, 54.58952808270254, 67.5328784529071, 57.04214614864723, 86.845789511569, 77.49786154453787, 67.80277565193589, 77.15070361896701, 78.64009587104002, 102.14422524734705, 92.76811476281567, 104.19348123694051, 113.5695917214719, 104.57937526668404, 64.5109291211755, 63.765295638594, 48.966562298277, 49.712195780858494, 56.86727843813572, 97.93854048222371, 108.87869975380733, 103.60741512390291, 92.6672558523193, 100.8784529159985, 80.95993101145987, 90.83787211017038, 80.0316424193864, 70.15370132067589, 81.11713262124448, 22.183437414366104, 23.176697929350308, 34.72674157066505, 33.73348105568084, 30.212830978005336, 73.67458485272245, 70.13661394534881, 61.369349853490675, 64.90732076086431, 68.21886932352498]}