{"X": [92.8806781960466, 89.64040467160798, 75.99852964012982, 79.23880316456844, 85.69404591618478, 61.093409480030196, 70.50922687583893, 75.15906724928782, 65.74324985347907, 68.6008596762891, 36.03433976141862, 43.22527947730157, 32.24692664601233, 25.05598693012938, 34.81568977730199, 56.53559463328131, 68.28757190732146, 74.74187348953495, 62.9898962154948, 67.23633617965329, 53.01492023790558, 67.52357780247797, 76.44526540730232, 61.93660784272992, 66.9383757923404, 93.18011045926478, 98.72492705244548, 108.98385857573179, 103.43904198255109, 102.25281686082955, 35.75920095293253, 48.14804917044289, 42.208761623299566, 29.819913405789208, 40.08232331137037, 27.889984452458894, 36.30994204232182, 50.88189131503812, 42.461933725175186, 41.15824841468305], "Y": [63.72816496014014, 74.1701615222016, 69.93692832532412, 59.494931763262656, 68.09861127349716, 35.25366596128191, 30.39287580640292, 39.40006321442294, 44.260853369301934, 38.52397610092027, 94.75740933803328, 101.97648963093047, 112.91204792734769, 105.6929676344505, 104.05945287993394, 75.75738221765732, 69.21783709232811, 80.81662631394937, 87.35617143927858, 79.77740924963226, 99.23139701493321, 91.47223256847911, 108.15466161734929, 115.91382606380338, 104.41510348762587, 56.574797542834496, 48.6158590465281, 55.76302996197382, 63.721968458280216, 56.76149341403212, 33.06266354215027, 39.255249650045364, 51.13735038464761, 44.944764276752515, 43.42257035254363, 83.21109735942365, 69.69728177879661, 78.776523251782, 92.29033883240903, 81.46400602903668]}