{"X": [83.29312503721451, 78.06467340261435, 93.28082013213748, 98.50927176673764, 90.20059084342357, 65.42924639767979, 55.03208849437894, 61.29858658893163, 71.69574449223248, 63.88022901473037, 49.29166264514655, 45.59419509872077, 34.904835549995106, 38.60230309642089, 42.605729373091506, 46.00039984558715, 52.21445196685733, 35.584556814067405, 29.37050469279722, 41.909301952925524, 94.25231699523347, 108.12614996433912, 103.46170050662148, 89.58786753751583, 99.3152330092142, 58.203615404583246, 67.57341080257555, 75.59738004493525, 66.22758464694294, 67.28260786339915], "Y": [49.903362697862256, 42.92568333590778, 31.524057793457096, 38.501737155411575, 40.76447801943246, 61.895051773363726, 58.453079616477545, 39.52388227841998, 42.96585443530616, 51.36675749275688, 64.10999997288181, 83.31189843273856, 81.25358320385027, 62.051684743993526, 75.12195045087333, 30.62114227107942, 43.03680128552415, 51.36008361233962, 38.944424597894894, 42.251081012324065, 51.24871199092462, 54.680171700401566, 73.53914081214273, 70.1076811026658, 62.604305120292615, 81.48306608936996, 76.9102760980445, 93.35165001272578, 97.92444000405123, 87.98305776327331]}