{"X": [72.79141612122542, 79.06892232867025, 63.68413354932507, 57.40662734188024, 69.30916388709481, 41.80965053979472, 43.39853072710814, 29.083227000788938, 27.494346813475513, 36.70282287053043, 95.45624312739677, 77.63849148525449, 71.18495909038579, 89.00271073252807, 84.6680904379503, 99.57674726580555, 101.53802063478011, 91.4541125739178, 89.49283920494324, 96.72183239556827, 16.31941392988756, 26.26037721390623, 36.485729547025855, 26.544766263007183, 27.273450997881298], "Y": [74.31246053322111, 90.87437285405932, 96.7057107570533, 80.14379843621509, 86.51639866145327, 78.58322973174933, 92.78971726661314, 94.39076766068865, 80.18428012582484, 86.6113956781375, 47.722407414282586, 55.61702116764269, 41.05171866917034, 33.15710491581024, 45.36482196375511, 72.11946319180007, 90.45114355287727, 91.5300026615572, 73.19832230048, 82.0651960130092, 40.73277409462442, 30.633403883135053, 40.6983732803413, 50.797743491830666, 42.07133961574268]}