{"X": [25.07414391864367, 35.849998971533516, 26.998987493533093, 16.223132440643248, 27.39828560743649, 66.91286804489467, 74.3650579100635, 66.61492541320153, 59.16273554803271, 67.70529234252575, 30.885080227591132, 37.11855682155811, 51.436061728724596, 45.20258513475762, 41.7193352013781, 73.9286404267589, 74.40938217783076, 65.96519654886336, 65.4844547977915, 70.92857515327914, 96.44261966956259, 91.5325197838865, 104.17902039359063, 109.08912027926672, 101.95020390217532, 64.93493816677655, 49.741390246013935, 45.528232241577975, 60.72178016234058, 55.99827122866799, 56.246008329337975, 51.118382029233146, 42.10863146357834, 47.23625776368317, 49.213308000907546, 77.22123266836053, 74.7976410797185, 86.08470527785252, 88.50829686649455, 82.42968448097213], "Y": [35.65603763944374, 50.407502368031544, 56.8731122930961, 42.121647564508294, 48.07052958596623, 46.80524501948214, 61.69689256850974, 65.57527195243503, 50.683624403407435, 56.20091155470006, 87.0868978337987, 70.48284257690801, 75.85790489403635, 92.46196015092704, 82.52649293910589, 17.699693149448258, 33.80576676933043, 34.05781284098345, 17.951739221101278, 27.62783405561575, 47.08407984991914, 40.11537481990752, 31.204740644621246, 38.173445674632866, 39.29705517160093, 104.38096050542241, 111.09067482635425, 101.5503553766206, 94.84064105568876, 104.74909097822332, 43.299222141360204, 55.27872138473292, 51.422246834396944, 39.44274759102423, 48.51333653084012, 51.15601436507194, 41.06821018765146, 38.356496779069516, 48.44430095649, 44.791403456283675]}