{"X": [69.63734290399724, 80.6985594207009, 82.64345779134744, 71.58224127464378, 77.58852356743365, 43.028694926389164, 37.66068926919651, 29.74756783603266, 35.11557349322531, 36.87539680203766, 80.2120393328641, 73.39656508118361, 65.0660325024194, 71.88150675409989, 73.43906252905319, 41.819671135901594, 41.54204283572716, 57.73393837404033, 58.01156667421476, 51.25572382979859, 79.11636422306341, 88.11074830604727, 87.09040763436158, 78.09602355137773, 84.68351870439838, 57.429404841186795, 60.267537851770996, 48.84368641163948, 46.00555340105528, 54.35113400908774], "Y": [76.35212843240201, 75.00593149058005, 90.98646250529903, 92.33265944712099, 84.08878769615723, 58.81540420134978, 64.77669496503282, 57.651110539918776, 51.68981977623574, 58.73361382128145, 49.402141641421544, 66.53992713666051, 63.22698274783466, 46.0891972525957, 57.97896046190684, 88.40737634721698, 71.90864731018772, 71.63618217515734, 88.13491121218661, 81.36616365380127, 24.776693466553674, 25.32134533005205, 42.17125719427175, 41.62660533077337, 33.55322335643205, 24.30505459043019, 31.877242446059178, 36.1590181360462, 28.58683028041721, 30.481368672452334]}