{"X": [92.0189964734467, 88.11985523569209, 104.75626715848192, 108.65540839623654, 99.14883106625867, 93.6360441305468, 89.18896263297742, 102.23004811333044, 106.67712961089981, 99.55994916846562, 73.2581360837497, 78.27157322962259, 69.48906931513402, 64.47563216926113, 72.11368433372775, 49.329823505799965, 56.853296034710965, 47.3664767157275, 39.8430041868165, 48.92292067725214, 67.09017034684459, 62.82481052264896, 49.28686471411815, 53.55222453831378, 58.686495943504816, 102.20000357355146, 104.12569001315494, 86.33416242983957, 84.40847599023608, 95.2376121244383, 41.87921846294583, 23.173675168830204, 17.830541543230794, 36.53608483734642, 30.007104614244902, 28.591498932029513, 32.95363901632266, 40.252195165292726, 35.89005508099958, 34.83588064818404], "Y": [101.67245468798922, 85.25272752926861, 81.30213083850867, 97.72185799722928, 92.4808571026179, 70.94234718051229, 62.6918740858097, 55.66260809315586, 63.91308118785845, 63.66565532499693, 21.423638645033694, 28.132300318681896, 34.695536549780584, 27.98687487613238, 28.782935124532173, 75.61927053412577, 79.7167216983427, 97.13580045550341, 93.0383492912865, 87.36944105539729, 58.49198845816458, 68.31355575300124, 62.43422830755353, 52.61266101271687, 60.55404070679263, 16.293926903738914, 35.47211176900546, 37.25856359683571, 18.080378731569162, 28.650927253933077, 60.4019218298065, 66.88214802942403, 51.458887439262284, 44.97866123964475, 56.941503437822256, 78.51078002846788, 70.46838334653934, 74.42706949372055, 82.46946617564909, 76.62733543951289]}