{"X": [56.758154038282356, 43.69308044357676, 55.00664973617245, 68.07172333087804, 55.98456594962125, 42.64737624272344, 27.9742837439454, 32.479659833385895, 47.152752332163935, 38.78880537435228, 94.35858261394642, 90.9953440868722, 107.57328691380962, 110.93652544088386, 102.53482376214369, 77.30057429298755, 91.46034953097099, 86.34358932465919, 72.18381408667575, 82.00495889851513, 77.64078277107063, 63.92681119372646, 68.97318613216103, 82.6871577095052, 73.665087042474, 51.603100040880996, 53.80325131236514, 42.94751879493922, 40.747367523455075, 48.136026046693225], "Y": [113.30645518191253, 98.78634411837555, 88.60648979220912, 103.12660085574609, 103.11365642267626, 47.773314730642, 40.39363590867584, 31.435549561426075, 38.81522838339223, 40.76706554131091, 61.91757802140434, 42.63355802289837, 39.742274150577686, 59.026294149083654, 51.54062890833128, 15.270897402328584, 21.780821855008192, 32.91031728843218, 26.400392835752577, 25.29887390832765, 70.09227941759758, 65.64109641251136, 50.093354970464524, 54.54453797555075, 61.17649996807746, 68.49083405152018, 76.9446036032756, 79.76988214379921, 71.3161125920438, 74.42771196307866]}