{"X": [56.30784549953083, 48.925686873175756, 38.43530573905919, 45.81746436541426, 49.15889166325452, 74.21259530135461, 65.22938750302409, 64.65131555663075, 73.63452335496127, 69.50379576913583, 22.8463043718705, 25.864070160136574, 44.58831372435651, 41.570547936090435, 34.43630993805925, 93.39817527077994, 89.02027544794694, 103.31143626887197, 107.68933609170497, 99.15612293075317, 90.561230385201, 102.3586806886064, 92.6829261563963, 80.88547585299091, 93.01666487436772, 41.383253802424846, 57.09131634461312, 53.37845714423669, 37.67039460204842, 48.466509631508686, 49.29620864109652, 63.984170876197155, 62.1717018883487, 47.483739653248065, 56.841362522120406], "Y": [56.42679529903739, 62.97743840184039, 51.1554452986237, 44.604802195820696, 54.51271334518322, 105.11370129865462, 105.63298818765831, 95.63285044722763, 95.11356355822393, 100.8114928945454, 105.82754864729914, 94.56900702107703, 99.58789699059655, 110.84643861681866, 104.15170103995666, 84.86570643932252, 76.95423009025363, 69.04606381818117, 76.95754016725006, 77.23140764595846, 36.151302256139076, 44.69847100502732, 58.053680969326436, 49.50651222043819, 47.341308347312335, 23.63105142212907, 29.806608537405324, 39.250586374738155, 33.0750292594619, 33.52567762922767, 76.92555263535714, 79.88601879670172, 88.87834453019978, 85.9178783688552, 84.51858927871133]}