{"X": [80.10410125605718, 85.66873041483859, 99.7179825340073, 94.15335337522589, 91.12643441848157, 44.33097493350864, 60.865550494451, 55.628062395909154, 39.0934868349668, 51.18273128508967, 48.54415926614332, 67.4451188272239, 67.91656840484002, 49.01560884375944, 58.27414344185866, 17.55606297920456, 18.07004563557059, 33.74334958007423, 33.229366923708206, 26.927094692967316, 69.73102857259539, 69.71443667635589, 59.70405250177611, 59.72064439801562, 65.23503532014206, 92.7578709108546, 104.35417530547582, 102.9866364090001, 91.39033201437888, 98.89385768905366, 26.010373379655405, 34.06336411723083, 26.518913945133704, 18.465923207558276, 26.41918413436607], "Y": [41.7343907924451, 32.34135726291603, 40.664427520849785, 50.057461050378855, 42.035882892190365, 47.293741061024775, 52.58702607541298, 68.94730943054714, 63.65402441615893, 59.66078490636096, 23.190114911377904, 22.450264356924645, 34.49438508911213, 35.234235643565384, 29.383713617669912, 78.6379473439388, 70.37439505491794, 71.34925503204076, 79.61280732106162, 75.1380006624248, 90.77578166613031, 102.39780021214989, 102.38350912709572, 90.76149058107615, 97.95002509134689, 77.63157692694233, 78.68283067034199, 93.76805382848474, 92.71680008508508, 86.79035224802219, 84.07130918249663, 87.60366622198475, 104.80333960630423, 101.27098256681612, 94.93571497375223]}