{"X": [33.64469271092259, 22.973879989591868, 28.574729663278937, 39.245542384609664, 32.25296567557889, 34.8707675474939, 33.21839237925471, 19.394224701121697, 21.046599869360886, 28.04593165636966, 54.10725697155494, 65.31316640051504, 57.67630847869351, 46.4703990497334, 55.96552479694702, 33.67184926271601, 25.3102510483338, 28.10766084714551, 36.46925906152772, 31.03635413824631, 87.12426422039783, 95.77412980697855, 96.68636449762175, 88.03649891104104, 92.55320321109689, 109.89783990372925, 93.15958029381167, 93.3232253002327, 110.06148491015028, 101.96234846982122, 78.29564028026765, 71.73287875391848, 63.32622688958731, 69.88898841593648, 72.13148048495286, 95.25425984893806, 102.93886837972767, 89.947291855613, 82.2626833248234, 94.60441734702593], "Y": [92.1591144791775, 88.23547927936002, 73.00327370861245, 76.92690890842994, 83.78441420147817, 42.53806842453011, 51.93999875086409, 49.51042199374419, 40.108491667410206, 46.22434835918288, 56.462538713620575, 64.73464154393108, 75.08000836894144, 66.80790553863093, 66.7130995340636, 37.065735786959685, 35.42255825344279, 21.187445916812983, 22.830623450329877, 30.01488430315477, 26.25420451555224, 25.60505690938035, 37.760547251572795, 38.40969485774468, 32.62582905478516, 103.3131132266581, 102.99301498047002, 94.43585281553722, 94.7559510617253, 100.06138823281972, 83.81262540013411, 90.27131935627752, 81.72921288780698, 75.27051893166357, 83.32626844681754, 43.126908953739516, 51.78507221561593, 63.315829579040965, 54.65766631716455, 53.79760744577342]}