{"X": [95.94154179694954, 106.54097235990498, 104.47364894432098, 93.87421838136554, 100.52086252977648, 76.35266210125599, 91.88747692182551, 90.67135922768537, 75.13654440711585, 84.57002510547501, 23.066263134550862, 40.657253551819295, 43.55315463422856, 25.962164216960133, 34.239664533658136, 101.72349970983221, 108.67657815742118, 98.76403526261272, 91.81095681502376, 100.54561464296496, 50.992096140553755, 33.197354307604826, 32.99689037415122, 50.79163220710015, 42.493330424244874, 19.016749328100467, 32.99872787864954, 39.6623683599119, 25.68038980936283, 29.38339966135888, 53.26729341862842, 58.39470573997079, 68.4823750877672, 63.35496276642482, 61.49761758739196, 40.33569915665557, 27.280761288919255, 32.553648768564294, 45.608586636300615, 37.59836279763628], "Y": [38.39967474026185, 40.73753814599016, 50.11039155605851, 47.7725281503302, 44.56906594689285, 26.75279308046086, 28.10317876192096, 42.0933768496687, 40.742991168208604, 35.49149581971537, 96.72193944047164, 92.1181440730233, 103.18331185832677, 107.78710722577512, 101.71823437879122, 76.10904211248132, 88.57404770613896, 94.10334232577094, 81.6383367321133, 85.7969473145968, 80.35422807237671, 80.7658387492377, 72.09938731063986, 71.68777663377887, 77.50621278282422, 30.40983138539128, 19.446455865770304, 27.9448310341511, 38.908206553772075, 30.500411337169428, 35.88121287502186, 18.700219823926652, 21.710734987613417, 38.89172803870862, 29.946503957295565, 63.41453533861622, 57.46669829720995, 45.89321066614073, 51.841047707547, 56.01253426089929]}