{"X": [72.56456924979227, 81.1755953668848, 90.81536808570036, 82.20434196860782, 83.06653685080485, 82.24922465791168, 90.05961374252067, 98.8853175778131, 91.07492849320411, 91.04922340334423, 38.12335035414712, 30.037215320916573, 19.75853439962401, 27.84466943285456, 30.389571395548398, 72.78839637559362, 79.71279208074452, 72.86389030499028, 65.93949459983938, 73.41753261230664, 61.015652284072345, 48.246334584792045, 42.06100058715661, 54.83031828643691, 52.66516602109355, 100.47784522291482, 110.15857412858836, 105.11027778600385, 95.42954888033032, 103.12827117797038, 84.51907145772135, 98.77740347105346, 93.58615940125473, 79.32782738792262, 89.49863982954459, 38.01317128134153, 32.05085557689444, 39.22832379858208, 45.19063950302917, 38.8544233094564], "Y": [66.19482858591535, 54.04973645660491, 60.884458973384184, 73.02955110269463, 63.67223197373266, 39.07690206182655, 33.744110516915555, 46.67020753732891, 52.00299908223991, 43.90034783932651, 43.466121112111814, 56.11955273124985, 49.55099454128398, 36.897562922145944, 47.58323148359728, 18.031107288272175, 25.371274017631087, 31.832231621134348, 24.492064891775435, 25.425514900165716, 99.32274355624074, 105.07306524095974, 91.33774759745194, 85.58742591273294, 95.80529539889152, 66.65014416129786, 73.63020702435858, 80.63174687963631, 73.65168401657559, 74.00394641903085, 80.33771546168131, 89.44611568041319, 97.57251326197851, 88.46411304324664, 90.60569263224149, 31.50157627783903, 23.917831133612328, 18.274929020938316, 25.858674165165016, 25.620328230273618]}