{"X": [71.87610188499865, 58.93055269480769, 68.28571387711035, 81.23126306730131, 71.16402591771434, 95.15609157260816, 88.11865253318906, 75.72543298089703, 82.76287202031612, 86.02234546443448, 22.355354599265524, 35.77572894193309, 28.704313357052975, 15.283939014385409, 25.621268380148837, 52.42447098182232, 49.920734514752084, 38.28322980470032, 40.78696627177055, 46.196244969187646, 31.620030769449098, 22.962121630876503, 31.075248943394296, 39.73315808196689, 32.33161400395753, 56.17375562092481, 56.096009658938684, 65.57432431461298, 65.6520702765991, 61.562764564629234, 75.45191709464297, 75.92306503277091, 91.96998480393978, 91.49883686581184, 84.34359660837559, 43.21013811347234, 53.60872499310295, 49.649642437484744, 39.25105555785413, 46.56678292076107, 87.97975466112139, 92.21637692246132, 100.35816487047201, 96.12154260913208, 94.32449464113093], "Y": [91.80420809067495, 79.7193288206285, 69.69790481121855, 81.78278408126499, 82.36851111952237, 67.0732361129742, 78.26547564503537, 70.47288624846709, 59.280646716405926, 69.78320389862877, 68.50678811933582, 82.00474948800499, 89.03551818630223, 75.53755681763306, 80.06595800858469, 54.39697061774034, 70.31495859271914, 68.48449829999505, 52.56651032501625, 61.91313228573996, 44.780381378762414, 37.76149744525762, 27.753821044434744, 34.77270497793954, 37.550649406761224, 38.83265558738776, 25.498319719166275, 25.443056322609067, 38.777392190830554, 32.69054345573299, 47.51437736611468, 38.85881953635705, 39.73230144384291, 48.38785927360053, 44.68075215825114, 81.82137207799393, 85.50768726919333, 96.67571327427054, 92.98939808307114, 89.51008162634572, 106.14112730687795, 93.98463282428112, 96.8221021388958, 108.97859662149263, 102.5418497077952]}