{"X": [38.93312174552709, 55.25163229797924, 51.73638167064722, 35.417871118195066, 45.484033313660504, 36.62340130009787, 27.14044953978466, 17.128591306040835, 26.611543066354038, 26.972208907253968, 37.62619348331606, 47.743798221052145, 63.98382137037517, 53.86621663263908, 52.34838659611644, 50.05226074967547, 62.42076438446468, 60.80878066352243, 48.44027702873321, 56.446106301973686, 79.66484802146013, 90.94284896788984, 102.3622237254414, 91.08422277901168, 92.45653780894834, 16.890787646514383, 26.569689333562863, 31.69256404088204, 22.01366235383356, 24.71733193878044, 57.777522778521224, 71.31652562109483, 71.15942527050314, 57.620422427929526, 65.93794182031822, 82.92477399590535, 73.12291300223336, 84.19190776671516, 93.99376876038716, 84.51826107482792, 102.78353292155475, 97.2483108408202, 89.68196101151133, 95.21718309224589, 97.16661089752567, 104.15036369444682, 95.71553145239916, 87.20458253688626, 95.63941477893393, 95.84112572657418], "Y": [92.96506723134075, 97.68916963164237, 109.83193233995479, 105.10782993965317, 103.48370274222736, 39.11620178698187, 47.91608089188496, 37.12707259644284, 28.327193491539745, 38.254800575406556, 82.03193653133806, 65.11310587724084, 74.8247779493733, 91.74360860347052, 80.85287996159524, 43.12079800411126, 45.35617590745142, 54.27539555344671, 52.04001765010654, 49.43045029856121, 30.46891574696213, 18.485477222442167, 29.23261954388708, 41.21605806840704, 30.925451827699888, 87.44370000705209, 82.94913167362381, 93.98106999758497, 98.47563833101324, 90.97062113106482, 15.190509926225948, 15.302083048844013, 34.36565358734517, 34.25408046472711, 25.258196814034612, 93.02026082412848, 85.73680394591244, 70.84047795191438, 78.12393483013042, 83.42563396661767, 98.06473918583697, 106.28677004639871, 101.19296447013369, 92.97093360957194, 99.95478092716543, 50.43151341460137, 65.75267544810539, 61.067102241190454, 45.74594020768643, 57.81063182060607]}