{"X": [87.61167729312965, 86.19935524575457, 66.5906861039413, 68.00300815131637, 77.66723157599405, 57.96206988801177, 60.55248848332863, 46.25535264273651, 43.66493404741965, 53.440218281884725, 56.51730894407229, 59.0500384990066, 71.25347578688384, 68.72074623194953, 64.4265064652228, 98.61859595040964, 91.38917894583886, 76.72144458331756, 83.95086158788834, 88.0230460168327, 35.12667605931652, 18.405280328723755, 25.649731595454643, 42.37112732604741, 32.12118656338395, 45.16508704030031, 61.60787696136635, 57.71379555600528, 41.271005634939236, 52.05216649934871, 109.66192736150288, 92.48279090997823, 94.83253065771379, 112.01166710923843, 102.74027341390523, 92.03178049126006, 83.28221181889081, 91.45520903310802, 100.20477770547727, 91.82077348198173], "Y": [34.38808717855222, 42.616477739226305, 39.25084316652836, 31.022452605854276, 37.225669440475976, 37.15080736654453, 51.441778087920014, 54.033314188812426, 39.74234346743694, 45.836886823662155, 78.81809957531422, 63.334549533548625, 65.33073298033068, 80.81428302209628, 72.76521701777455, 56.50465044859208, 70.09881723472817, 62.29847390459617, 48.70430711846008, 61.31591714479484, 84.10387585654095, 74.37509901572089, 61.92365332382954, 71.6524301646496, 73.5921664732694, 93.7561296310511, 102.52494506776102, 109.82690768130027, 101.05809224459034, 102.40016903253915, 50.571980229547464, 46.4739596963092, 36.62371628622493, 40.721736819463196, 43.98226929592709, 112.33845498988008, 96.9330267166489, 92.29114340665136, 107.69657167988254, 103.99741861010533]}