{"X": [75.2146376929293, 89.93765290509191, 86.02265655536141, 71.2996413431988, 81.7914214591914, 82.37586464474992, 64.79329638356415, 58.19330787586517, 75.77587613705094, 71.21717820203037, 47.00775817352834, 57.527663184628786, 67.95818617356406, 57.4382811624636, 59.50035652303414, 27.886637680488924, 44.744776158631474, 44.50906009613191, 27.65092161798936, 36.64526777535634, 46.002693775815644, 45.65470479819404, 55.14141993208568, 55.48940890970729, 51.63158186338808], "Y": [54.406110941778614, 59.108243490354326, 71.3666284289292, 66.66449588035348, 63.24449627070255, 35.310629110524026, 44.51370171530868, 31.9043533549222, 22.70128075013755, 34.11021142514846, 89.89040101926464, 81.84340869198716, 95.47932464629288, 103.52631697357036, 93.7998857853956, 35.11443820556238, 35.5480612072867, 44.71209080751184, 44.27846780578752, 41.791381381167405, 72.87894156216028, 64.768248713709, 64.36122155066452, 72.4719143991158, 69.3549125181039]}