{"X": [62.53052020350273, 60.72343380723212, 79.84013787986419, 81.6472242761348, 71.61395048787908, 30.380440039311466, 40.487506836883796, 43.033543788273775, 32.926476990701445, 37.66950580835195, 64.84590547153732, 68.8551188349044, 82.36596166680039, 78.3567483034333, 75.34634526390249, 28.85552537010514, 18.76319457991895, 27.31717958923356, 37.40951037941976, 29.646221978226325, 77.26632368855385, 90.5559666818343, 88.90231840214338, 75.61267540886293, 83.81010790950857, 52.05695865511916, 48.63618033685064, 31.9830139225144, 35.40379224078292, 42.29801353228178, 95.1152917336072, 89.44581093472488, 105.28226705889224, 110.95174785777456, 100.52683443662, 51.60939249886381, 47.181330241453985, 54.92212350792563, 59.35018576533546, 53.7262774644956, 77.32323980803807, 74.06913875998411, 81.6298903580801, 84.88399140613406, 79.79148655743876], "Y": [88.66546597977788, 77.72164579191997, 74.56502084028631, 85.50884102814422, 82.80981114447572, 93.85798546095029, 90.88722615087889, 99.54930976349155, 102.52006907356295, 96.78348132462511, 51.986244800688254, 42.3872989456826, 48.03040314172743, 57.629348996733086, 51.27836150196698, 77.26516173049495, 71.42439749059561, 56.64385803677498, 62.48462227667433, 67.91025504364238, 23.060982189500493, 25.245552650542187, 35.305377071616505, 33.12080661057481, 30.483065361756463, 33.212602744458536, 41.962857062143584, 35.45255592889035, 26.7023016112053, 34.62886777089064, 59.07385744624946, 48.12850842131496, 39.92552798517062, 50.87087701010512, 49.954500807569154, 68.68308842305215, 53.28520926663555, 51.05914201688762, 66.45702117330423, 60.85712445652016, 105.2698912584075, 97.32513329128216, 94.22831778082274, 102.17307574794808, 100.76362303185523]}