{"X": [38.96765299011449, 33.37969010378132, 43.22931968565706, 48.817282571990226, 41.217437076326824, 84.19390126588743, 65.79063872053202, 64.44052877451091, 82.84379131986633, 74.80925364144738, 99.51723699923015, 98.70262292090135, 81.11511939045481, 81.92973346878361, 90.95148705406616, 71.48226430202892, 72.58273371788586, 83.52540581316707, 82.42493639731013, 77.70517595778762, 107.3845701385195, 100.92207469149882, 92.33972127667829, 98.80221672369898, 100.32697570194249, 60.54501276832927, 62.75428820611191, 70.80894677297205, 68.59967133518941, 66.57049709726223, 20.773907713098087, 27.983414460213705, 41.73274073290639, 34.523233985790775, 33.18613759087718], "Y": [33.629792790306425, 23.898894565740115, 18.242750263593344, 27.973648488159654, 26.281148009059535, 55.23850490923586, 56.84752395120094, 41.40555144888839, 39.796532406923305, 49.56993024715119, 65.45546916873897, 78.94900653373762, 77.88723691832732, 64.39369955332867, 71.86468307547764, 30.983360189812284, 18.12870524859928, 19.06549242987168, 31.92014737108468, 25.74467262907727, 95.1379987100717, 100.444829125326, 89.99350215083432, 84.68667173558002, 93.34258228178878, 86.66497958259485, 78.71153029216167, 80.94891921383295, 88.90236850426614, 83.83994546357007, 87.50623364904452, 76.28261732275493, 85.11451763451852, 96.33813396080811, 87.79458400515118]}