{"X": [80.27930260737108, 85.06521109763018, 103.41883050413662, 98.63292201387752, 93.08392509091232, 49.02064987192953, 32.74510737793519, 27.712601381961655, 43.98814387595599, 39.590578438806055, 33.01888467352475, 20.211590341353563, 21.249126906495007, 34.056421238666196, 27.157621162100174, 83.74444823996359, 77.46462295622912, 65.1231706693824, 71.40299595311687, 74.62018998861504, 75.05378293364541, 90.49853181318458, 90.46482161147543, 75.02007273193625, 83.93762754177109, 34.0707041814358, 40.58104909834237, 58.808167428893796, 52.29782251198723, 48.747420471991845, 94.01047110384184, 109.36526959624376, 112.66236025943238, 97.30756176703045, 103.46265624751848, 93.8732051658419, 97.83818855950331, 108.58077329238448, 104.61578989872307, 102.37295792676274, 63.763705832449126, 49.6452567327959, 41.19496433951131, 55.313413439164535, 52.76513078243838], "Y": [100.67894095455232, 87.20483659498288, 93.7239150138909, 107.19801937346034, 98.11107271367021, 59.95352878095404, 67.98540628865342, 57.78769534121522, 49.755817833515835, 60.01515473868892, 100.18196240325705, 99.04639475394616, 87.34472627279476, 88.48029392210564, 94.20101549381525, 39.23453492904038, 47.03232326913121, 37.09333022023297, 29.295541880142142, 38.75399166585091, 68.30096790665841, 68.35514701574425, 77.96485837610776, 77.91067926702192, 73.97647337137447, 29.84954462803681, 13.080457010339765, 20.156860323298105, 36.92594794099515, 26.667245866431518, 53.469045732670956, 50.466773457382054, 67.329388870759, 70.3316611460479, 61.77785952781584, 40.25850810032059, 30.76914655756339, 35.25776993638119, 44.74713147913839, 38.908445494051605, 76.48513486804731, 86.2718517272359, 74.08134649975895, 64.29462964057036, 75.71555457201903]}