{"X": [60.46739365940206, 51.073775624976136, 51.54872528207544, 60.942343316501365, 56.53250161598843, 85.95594585607446, 74.14184492085764, 68.71923448460569, 80.53333541982252, 78.17785586529007, 43.45643129737804, 51.517993716939415, 52.264843751993304, 44.20328133243193, 48.47195370458613, 99.8648682398363, 88.85537100583565, 81.87941401488236, 92.888911248883, 90.94931892763252, 21.33787131943285, 23.15425831605669, 35.74222496333957, 33.925837966715726, 29.156900379181053, 58.04682233527969, 65.93314765605223, 60.70943679289595, 52.82311147212342, 61.00098643391612, 31.044843035748432, 17.820657967682838, 19.49468944159855, 32.71887450966415, 25.33217161254023, 33.751887817562015, 41.96234781302306, 42.62222170876618, 34.41176171330514, 38.699917110511755, 101.96753962920097, 110.89661907602292, 102.65899695323115, 93.72991750640921, 102.88035629791621, 22.839058303473706, 33.5314876473459, 32.805045963692606, 22.11261661982041, 28.606256069545882, 98.86953785391313, 111.72415054086345, 103.48015282167756, 90.62554013472725, 101.4524541569957], "Y": [37.92581659479062, 37.480507104959585, 27.461642099263713, 27.906951589094742, 33.49274754241647, 22.396297908361955, 32.714744324904515, 26.506128760110347, 16.187682343567786, 26.360531474116453, 52.81829381685499, 52.452483988358566, 68.91124946326556, 69.27705929176199, 61.06467172772522, 41.1104604693372, 50.55118458656026, 42.41602691827342, 32.975302801050354, 42.43899969415326, 90.83730329032831, 80.69051143819487, 82.9438954895541, 93.09068734168753, 87.31860155368032, 69.90526871085689, 72.99435202392777, 86.33030935281917, 83.24122603974828, 78.28184794784893, 59.73974307291652, 58.094416291403846, 44.63951950763232, 46.284846289144994, 53.71171172138706, 24.702367903950524, 24.163697430731123, 34.221550037107896, 34.7602205103273, 30.167754770250536, 61.77015776024449, 69.19571542527255, 79.10128557978398, 71.67572791475591, 70.78551928999913, 96.38434234061292, 97.27710764762601, 105.97752007840667, 105.08475477139358, 101.23803401075963, 86.59707790799104, 96.25503434306778, 107.22768662045343, 97.56973018537668, 97.10303816283653]}