{"X": [42.48396380008994, 50.19095084869572, 44.32759022617121, 36.62060317756543, 43.60528843236739, 58.61204848631991, 58.10812165060365, 73.82583251871068, 74.32975935442694, 67.64142969272898, 98.48041171788971, 108.30812942019605, 102.31160729296165, 92.48388959065531, 101.0712411785904, 42.637971009159486, 48.9360075598413, 37.08320107015001, 30.785164519468196, 40.26480713373028, 105.7745156741003, 99.57863303816329, 88.48978330725929, 94.6856659431963, 98.60631039852585, 70.37730300142582, 59.337706519447664, 63.37758420701721, 74.41718068899536, 67.23390244275268, 26.6109457330561, 39.85599243001871, 30.733032210302042, 17.48798551333943, 28.691895212109696], "Y": [14.428682878736344, 16.97279005998424, 34.734952248817855, 32.19084506756996, 25.432671466845918, 35.451183971081115, 18.769024321577255, 18.294231101222017, 34.976390750725876, 27.864712493568568, 57.65960765972198, 67.70338538155521, 73.57091135576968, 63.52713363393646, 65.89308179725717, 51.63936059030853, 63.72388199133489, 69.90115670689741, 57.816635305871046, 62.10737061611574, 102.75632185594961, 108.28445626454904, 95.85617460168882, 90.3280401930894, 99.5185409767721, 89.49286465868433, 84.2798780212985, 75.7245866673042, 80.93757330469002, 83.86931279643639, 70.87601054155186, 84.87529652457873, 93.50673917609555, 79.50745319306868, 82.85385468272334]}