{"X": [92.46222634672058, 99.17356437757925, 107.98424972935946, 101.27291169850079, 100.70276974628185, 64.56911760428471, 56.828427473712914, 44.9997833274534, 52.7404734580252, 55.90948480842058, 62.94687921682638, 80.41385689408575, 74.91963856368368, 57.45266088642431, 69.17542168601068, 35.312776213364714, 31.06882317467196, 23.06547603888579, 27.309429077578546, 29.415886539838596, 41.09465879478575, 51.11111912537439, 39.45574093961216, 29.439280609023527, 40.781544615364325, 94.60792382577092, 85.35848175799667, 79.01325994405458, 88.26270201182884, 87.4063434392069, 42.47021534295306, 27.925816608075014, 23.51925854678678, 38.06365728166483, 33.17157878994151, 110.7025326651236, 98.54750944885986, 95.58837214045003, 107.74339535671378, 103.6822151314583, 54.97319515795623, 62.7725539446259, 73.48392548737567, 65.68456670070601, 65.20974881263048], "Y": [58.29095302305048, 43.24413341258163, 47.173966374637686, 62.22078598510653, 54.123189142217086, 56.30671697989814, 64.47301030761543, 53.260840314869014, 45.09454698715173, 55.23231140665491, 72.0029744433833, 77.72252590956622, 94.50135716906854, 88.78180570288562, 84.05162097485145, 91.64757664658258, 100.15804561836381, 96.1669812587785, 87.65651228699727, 94.34961335468614, 65.80507908294891, 73.1943841172197, 88.99365518455849, 81.6043501502877, 78.75222600692825, 33.89047559302658, 37.48213899205218, 21.14158726018412, 17.54992386115852, 28.643210167748748, 58.992021936385605, 68.35852539681952, 61.51597868101464, 52.14947522058072, 62.22900172751244, 93.92756853537816, 97.80881320525982, 88.5415843281558, 84.66033965827414, 92.56577342157503, 32.81382408800401, 23.265084555379524, 32.01407487748409, 41.56281441010858, 33.05292981346857]}