{"X": [94.62973470549753, 102.80676210404127, 98.01006199941605, 89.83303460087231, 98.06453821855817, 79.75561891058207, 76.6052558237578, 62.258049223787914, 65.40841231061219, 71.27083012242214, 99.45219904988244, 83.39742061027931, 79.47524352240299, 95.53002196200612, 89.5635568869052, 38.4453500971387, 27.308009845559955, 40.11661900555407, 51.25395925713282, 40.271505004327445, 40.203788484767884, 29.450954906388493, 36.583396662024825, 47.33623024040422, 40.04544041123129, 19.03633033088554, 35.73962418460805, 40.05506507458997, 23.351771220867462, 29.634191054748833, 74.63725655574453, 65.36815751661047, 52.10668007198453, 61.37577911111859, 63.83399709136739], "Y": [41.35501900650392, 44.04074028209555, 58.64491702023376, 55.95919574464214, 50.19965141857689, 33.83128904385263, 45.80777169104913, 42.0337996991833, 30.057317051986796, 38.95722446598064, 90.55271935437449, 94.12333436458614, 76.4878054804432, 72.91719047023155, 84.09180446720765, 109.23518186419831, 95.118428097924, 85.0131418029154, 99.12989556918971, 97.32920339001208, 37.73049199400266, 32.2135389411343, 18.312032353912734, 23.828985406781094, 28.806869085081193, 65.09472078516539, 58.955003669977344, 70.6952965762133, 76.83501369140134, 69.19872444829015, 81.72634197245374, 96.71160202403742, 88.50874485530316, 73.52348480371948, 85.18621634620095]}