{"X": [48.872887879859874, 47.806491687879635, 28.078065372647682, 29.144461564627925, 39.37786812032552, 79.93105134467199, 83.28384702158627, 68.91710750517215, 65.56431182825787, 75.66007949959634, 83.62426408067559, 68.8266639696939, 74.45402500385246, 89.25162511483416, 79.18191507953844, 72.79161751512946, 60.75053236831633, 59.70318622349113, 71.74427137030426, 66.628827935242, 48.630282779748256, 62.112290595525145, 63.02475076954882, 49.54274295377193, 55.871185570337445, 24.68626111675792, 41.34773025870369, 43.8262045332566, 27.164735391310828, 34.61659001806264, 61.660733921790964, 47.642623702004244, 45.31508244882701, 59.333192668613734, 54.29673846504968, 77.05475653295115, 79.38432678913838, 68.76939420238246, 66.43982394619522, 73.30407624209444, 103.70412191684395, 99.27694188331293, 83.33976701967427, 87.76694705320529, 94.05296994935613, 105.11337086948643, 92.59544343680017, 101.32814763674085, 113.84607506942712, 103.44185692955615], "Y": [21.620056159424266, 35.5359862142752, 34.024170718408115, 20.10824066355718, 28.866616639830557, 95.16016214779768, 103.64268785600764, 109.32127272553134, 100.83874701732138, 102.57864168543725, 91.33291604656179, 85.50869833821534, 71.21125232340273, 77.03547003174918, 82.9136407981265, 56.1210882568465, 57.34982625494335, 47.08630048495838, 45.857562486861525, 51.674166898522124, 73.79412606840135, 72.54445201044332, 82.38845502821691, 83.63812908617494, 79.38099400564452, 59.16641538234426, 53.80694562578608, 61.51200312593122, 66.87147288248941, 61.26161841451496, 109.16168493538399, 111.12134626724027, 94.47166843886146, 92.51200710700518, 101.89924657923622, 23.572125582527836, 38.4920593759722, 40.14945488240565, 25.229521088961285, 32.828506388205426, 45.80075956403266, 56.50846484975548, 49.91912189863122, 39.2114166129084, 48.71778688562039, 35.252063655936865, 26.01866007158158, 14.179541758677797, 23.41294534303308, 24.75473943254188]}