{"X": [35.64305000670464, 41.468600601230335, 54.528207915696115, 48.70265732117042, 45.859207408048114, 98.0862781842312, 101.45060309408011, 91.64940721606509, 88.28508230621618, 94.91473853408327, 97.53048376684563, 96.64089052058661, 83.35410784958532, 84.24370109584434, 91.18689446352666, 59.242676554390236, 65.13184407084202, 52.723235947171695, 46.83406843071991, 55.9980263103415, 62.32595206734054, 48.07237829431747, 47.70271637418881, 61.95629014721188, 56.466621809852214, 81.43155797405473, 75.02508913696158, 69.24334907886674, 75.64981791595989, 76.3844787691389], "Y": [30.912952351184394, 21.985726818729447, 30.507904608286943, 39.43513014074189, 31.39594852949863, 51.22155006495239, 61.19473667047288, 64.50104274324423, 54.527856137723745, 58.990633242730354, 98.69113001915181, 108.95157845323197, 107.79959838096002, 97.53914994687986, 103.8386930737141, 88.99434722624584, 98.50316691702238, 106.18828181694865, 96.6794621261721, 98.26520938843609, 63.3501943027252, 63.796681654021555, 51.99566772981329, 51.54918037851694, 58.4313064775135, 38.993026354831684, 44.11301897823936, 36.8785285735042, 31.758535950096523, 38.49451113223479]}