{"X": [36.91110755181224, 42.02785884493012, 28.865269840278877, 23.748518547161, 34.55914239362444, 79.83166759573704, 96.17968293443595, 88.53972075832279, 72.19170541962389, 84.69740113273414, 45.51260279367915, 49.42856605346507, 58.40294743712926, 54.48698417734334, 51.98427683633397, 66.06973557436328, 61.174997999256206, 69.82095235860396, 74.71568993371103, 68.53153568673183, 49.603641479071115, 59.64316816215333, 61.21641256953501, 51.176885886452794, 55.52185372741255, 87.50346980027507, 93.4537229448345, 76.81841558318041, 70.86816243862098, 84.37713511615647], "Y": [42.32831214560322, 49.139577772246696, 59.027563060454824, 52.21629743381135, 50.684850963236656, 40.72465897800611, 51.47430476143882, 63.093126568076364, 52.34348078464365, 52.949160565927514, 35.931469664410294, 17.80553832701647, 19.744382026883905, 37.87031336427773, 29.017145682720802, 87.45979865648859, 70.89410022126553, 68.33944320871377, 84.90514164393683, 79.8728362117814, 97.31019256319472, 96.18789994402013, 110.26143917707206, 111.38373179624665, 104.91385104670293, 16.24899663151179, 27.779695499642344, 36.364109252131826, 24.83341038400127, 27.762677187788878]}