{"X": [86.03066322026945, 102.2192226416118, 110.98379412738188, 94.79523470603954, 98.80263070949901, 44.0616149702697, 47.82013876737804, 38.58329390056035, 34.82477010345201, 41.78417002506979, 86.17449297962676, 76.35952783074957, 68.80516225808029, 78.62012740695748, 78.11696642068296, 18.19857104067222, 13.767760654400108, 32.71818467463538, 37.148995060907495, 27.13351417107254, 70.69237011572977, 78.69178959151019, 73.54388770519145, 65.54446822941104, 72.49892161908723, 46.0772339688399, 37.97145417532812, 51.00452340946479, 59.11030320297657, 49.08593230641181, 72.82253141176903, 77.76174714788495, 62.6220782459481, 57.68286250983219, 68.84483260779274], "Y": [52.58481585680804, 41.96555300233791, 55.32672394654009, 65.94598680101022, 55.722884430074835, 22.371172139929627, 37.25408322016323, 39.58675194706578, 24.70384086683217, 31.417017861283444, 35.892168588290104, 43.0358237818601, 32.65656655170076, 25.512911358130765, 34.62786546470061, 106.84198742016699, 90.46545832625557, 85.33825859476079, 101.7147876886722, 96.27455524254275, 66.02640941478288, 69.73893776336291, 80.83116999495661, 77.11864164637657, 73.90792653984397, 62.92417638771364, 54.41322484985161, 42.00060696857969, 50.51155850644172, 52.89810704467769, 89.95526650140079, 98.96688338232843, 107.26484942639016, 98.25323254546251, 99.81478706163061]}