{"X": [35.32761843449933, 42.51244950351151, 28.673704784325338, 21.488873715313154, 32.31363160205818, 61.91706522354743, 65.42187852324217, 74.24461423294662, 70.73980093325189, 68.42991990899908, 29.739522995432466, 44.140263317651666, 47.99147922113454, 33.59073889891534, 39.376411243281666, 25.416920432550462, 33.369133769206165, 25.68284196189571, 17.73062862524001, 26.461781986541975, 106.46222091489855, 94.97743715277136, 91.8262539788648, 103.31103774099199, 99.4991762396039, 98.1633509160887, 91.71060014720383, 73.33735185771515, 79.79010262660002, 87.45031915727115], "Y": [30.634523356100786, 48.93347179630955, 54.36706506203289, 36.06811662182413, 43.919291590419576, 64.27122787473942, 47.42590803658562, 49.26155388671824, 66.10687372487206, 58.559083878919836, 81.21925484093121, 76.84372883611097, 89.51885865816219, 93.89438466298243, 85.83781775770109, 93.01120967042948, 106.02620219330848, 110.72255773189781, 97.70756520901881, 103.55476037898478, 67.7050075302877, 71.29247169785847, 61.20438282596971, 57.61691865839893, 64.97170274635174, 35.43012927548273, 51.35972945513301, 43.91710750041716, 27.98750732076688, 41.62113662782178]}