{"X": [47.87045349990348, 54.64045174265357, 45.187208257564315, 38.41721001481423, 47.04498507977286, 51.783139063975455, 55.51187842739327, 71.72058842567333, 67.99184906225551, 63.00188568994326, 90.98911708714273, 72.31502823885319, 74.22079360816066, 92.8948824564502, 82.8966027400904, 37.48058035934324, 27.673005479712103, 34.83335072495854, 44.64092560458968, 36.62565471569038, 37.28460393317465, 30.862860165188664, 39.96341419844552, 46.38515796643151, 39.380477681032424, 111.09771498628787, 94.86186883278502, 83.61114525739283, 99.84699141089568, 98.4105530149934, 97.38645719514764, 93.25794999100381, 105.4497061248116, 109.57821332895543, 101.84819083518444, 56.00810997684489, 64.86928299781584, 78.22105185749858, 69.35987883652763, 68.29385030284027], "Y": [45.63906009976755, 61.19088783574718, 65.30605956146535, 49.75423182548571, 56.18652094785887, 34.867030996945594, 27.366854952134265, 35.42507313790902, 42.92524918272034, 35.62243513703757, 56.81669028889114, 53.69994370529772, 42.28148831409622, 45.39823489768964, 51.144311145763986, 36.56893710474267, 31.36325034515783, 17.873075964714374, 23.078762724299217, 27.45575453968266, 110.79814937966245, 93.01994731364981, 89.73269554706022, 107.51089761307286, 101.0594635095405, 100.85500835546321, 112.0283624371732, 95.68009174335663, 84.50673766164664, 99.9607584002493, 34.94555298939933, 23.89080352935859, 19.33766976440715, 30.392419224447895, 28.25741872596872, 85.92248320019846, 77.91682149343222, 92.69540424339596, 100.70106595016219, 90.38936425904481]}