{"X": [72.05789634662196, 65.35867564736583, 57.01914546201411, 63.71836616127024, 64.92295263743715, 47.666426891318274, 45.53591864020066, 62.43600465874865, 64.56651290986626, 55.502783253306106, 102.42107361212042, 97.29798075993136, 89.47001288315035, 94.5931057353394, 96.03870457085078, 39.22125084983124, 47.84471120446517, 38.81729754390384, 30.19383718926991, 40.725944785241055, 88.23588586521508, 88.85389595269845, 97.93928426964364, 97.32127418216027, 93.84147552769771, 29.664807142064667, 17.998694859842736, 21.233544620973333, 32.899656903195265, 26.07949301804351, 93.13374449131081, 100.80223183903992, 106.45012429074399, 98.78163694301487, 100.72410579652264, 54.60678254059496, 58.15353209976323, 73.77778317134897, 70.23103361218071, 65.36542826629749, 71.7744932347853, 82.1191862952524, 83.45656756976192, 73.11187450929481, 78.8095604991605, 109.72495836608637, 111.4698058776596, 95.67649671405484, 93.93164920248161, 103.62119001371428, 67.33008123636478, 69.67693383395901, 82.77669027578821, 80.42983767819398, 75.30823644528962], "Y": [62.587958375981486, 79.60873156240943, 76.32636873271565, 59.305595546287705, 71.0253439799031, 49.8939397694149, 36.894118768319345, 34.1244058081117, 47.12422680920726, 42.61770364350618, 19.2745175478915, 33.174723278314005, 30.28962883766622, 16.38942310724372, 25.489952839713858, 79.85509428766815, 84.28975330161194, 101.84410044802328, 97.4094414340795, 91.605144924551, 87.95570655461192, 79.82850510204312, 80.51937780420813, 88.64657925677693, 84.6108022522265, 40.352800214202844, 37.64966030381482, 23.688814109933862, 26.391954020321883, 33.37570507828139, 50.168345964535064, 44.514696541992365, 52.17537525944786, 57.82902468199056, 52.136565731522964, 106.20039618866244, 95.2706815704637, 100.34083276253696, 111.2705473807357, 104.4059588658906, 26.23346258640923, 25.525542800113975, 45.068433191719734, 45.77635297801499, 36.36226933688618, 92.96752318816995, 104.30760555845661, 106.73765106375446, 95.39756869346779, 100.15602803732608, 89.99893514291122, 80.39218953974733, 83.59235728679724, 93.19910288996113, 86.98891230006033]}