{"X": [72.30739980262413, 67.62483234545829, 79.0581031486092, 83.74067060577505, 76.80291969721907, 28.708152519591426, 35.85865175497666, 48.842151852025594, 41.691652616640354, 38.979711461536844, 59.515015900927835, 75.90150291876292, 80.43124665942167, 64.0447596415866, 71.26483279108467, 58.71988432730965, 65.36748265325826, 54.157779180402905, 47.5101808544543, 56.64138221821742, 78.14918212118484, 78.07453577513185, 94.68341757636851, 94.7580639224215, 87.22300749827876, 90.5659295205815, 96.58167490835298, 108.06226570105761, 102.04652031328614, 99.91345628628757, 52.519240842701755, 61.12841530983374, 65.31905222295018, 56.709877755818184, 59.803827563595874, 38.38566321649809, 42.688863310936895, 49.625739847127335, 45.32253975268853, 44.63332769680544, 60.89588594602112, 43.94825819683843, 41.28111825055725, 58.228745999739935, 51.634378676625325], "Y": [66.67986260152365, 57.66554222145582, 51.72642983865454, 60.74075021872237, 59.44278528734479, 45.3863374996561, 38.040160123250544, 50.677822237801585, 58.02399961420714, 48.25478530673796, 39.3671072508588, 32.248856114481036, 42.67649986830843, 49.7947510046862, 41.772928453230364, 69.07419746472543, 81.49738255269894, 87.4956515564081, 75.0724664684346, 79.56034268665137, 99.84376631778287, 89.56981994484121, 89.44914651581169, 99.72309288875334, 95.22441154207837, 80.63270445804723, 69.75741839284832, 76.10799259347662, 86.98327865867553, 78.54808205494098, 95.49081499396821, 90.86681239950732, 98.66912729367296, 103.29312988813385, 98.1253531106989, 105.34664677543049, 98.09711774175595, 102.21473250362342, 109.46426153729796, 104.7273676202289, 33.75890279958687, 37.12176686135411, 23.68033891948412, 20.31747485771688, 28.886171337239197]}