{"X": [81.96141900469692, 94.55020724625955, 89.11808314171788, 76.52929490015525, 85.86526268790477, 78.96821452850847, 90.86683261678806, 78.74958927131652, 66.85097118303693, 80.0270640125308, 70.23279846255059, 63.141108266947825, 51.893104654428015, 58.98479485003078, 61.97569395261513, 103.74145938921693, 95.49018611489939, 97.50601885519778, 105.75729212951532, 101.54839534644988, 36.78051507967828, 35.35095549590993, 20.192318316632036, 21.621877900400392, 28.75439260179564, 40.211285612420895, 56.58722281751678, 54.42230608746213, 38.046368882366245, 48.615881542014726, 22.68598650243459, 31.747934028783018, 28.41509547817333, 19.353147951824905, 25.753570618261126, 67.24981207116035, 53.57304500409592, 46.09225219744583, 59.76901926451026, 58.182532216759576], "Y": [31.86693261463617, 39.31590379456661, 48.496213182554015, 41.04724200262358, 41.201317194211086, 78.75587488760846, 93.2860108172778, 103.20872947238084, 88.6785935427115, 92.20773101206942, 34.68729898651033, 44.69432358469898, 36.72318729375294, 26.716162695564297, 36.07530971046384, 79.72075311728312, 78.7560438441341, 61.51438640549015, 62.47909567863917, 71.14894993758296, 58.3072050180172, 73.6225932069699, 72.20766497993775, 56.89227679098504, 66.50917617998677, 90.10810769721779, 91.90766865268706, 111.60832970442202, 109.80876874895274, 100.88855095799669, 33.08103933167381, 35.194258034977466, 49.4862042553097, 47.37298555200604, 41.67443775132474, 70.03480487086024, 76.58406440628347, 60.96198375118961, 54.412724215766374, 66.31060231950454]}