{"X": [33.72338887265335, 25.848603969046277, 35.28375755687404, 43.158542460481115, 35.38835965096725, 73.02850787817405, 82.09371817033461, 74.60798372214796, 65.5427734299874, 73.84203737720328, 38.35802396447248, 44.46132701724751, 59.18252964996957, 53.079226597194534, 48.98039916053156, 115.00135103501643, 100.04832742157885, 89.80874525662125, 104.76176887005883, 103.14447562375467, 92.77616734876335, 97.27290954404059, 84.75800350218782, 80.26126130691058, 89.20149316016251, 47.763736048127456, 52.89219427017238, 64.57233994367893, 59.443881721634, 56.44727874331392, 106.7917147233086, 91.61286695448186, 101.08411355960867, 116.26296132843541, 105.18395265104492, 40.32895957614047, 31.438411501128908, 23.78749002525894, 32.6780381002705, 32.992836174612926, 58.56176058867961, 49.92207045880707, 57.7859333433807, 66.42562347325324, 58.63834600677142, 106.18063151064274, 101.71747051442425, 85.06840080299088, 89.53156179920937, 95.78314967137494], "Y": [95.15340949042698, 79.8119335095166, 74.96886592403183, 90.3103419049422, 85.94784240429993, 71.38830209827417, 80.94239819398328, 88.0450854900174, 78.49098939430829, 80.81940914574763, 58.75618463366487, 48.646069399337364, 57.53300677703865, 67.64312201136616, 59.41782262297101, 70.01529832893307, 79.45002909881258, 63.22140343488165, 53.78667266500214, 67.40997465383833, 39.307724545683115, 52.3824829325904, 56.686677656730225, 43.61191926982294, 48.15019854412004, 103.35910847737702, 92.903443804546, 98.6325046522633, 109.08816932509431, 102.0935790708142, 115.03762032601335, 104.25422740894386, 90.92237429871645, 101.70576721578594, 104.99748203639044, 28.696135234529162, 35.077771172580384, 24.418923526042267, 18.037287587991045, 27.279508156697446, 44.72560021075994, 33.60804326276927, 27.496868041058242, 38.61442498904891, 36.91364414969998, 19.859548083262013, 34.53790817944246, 29.47552531974356, 14.797165223563114, 26.46036448061919]}