{"X": [54.33879467802319, 68.56032516491302, 77.52212496921874, 63.300594482328904, 67.18818458305564, 109.49016201498328, 99.00070358209865, 91.29221497083448, 101.78167340371911, 100.57494997499224, 46.613176501207086, 38.24855093303504, 24.672166076912895, 33.03679164508494, 37.21206629086612, 58.690108030575104, 75.48492652803172, 81.56404979977977, 64.76923130232315, 71.50714520480166, 18.299222724725723, 28.180896156473153, 35.86855230612167, 25.98687887437424, 28.411814829580376, 32.79039407080411, 34.94682126193193, 50.09588595726568, 47.93945876613786, 41.964521823478165, 95.7736029827343, 92.85126208852749, 109.25596216385298, 112.1783030580598, 103.43641221422735, 86.9315066287455, 84.22501783089315, 92.64559963190266, 95.352088429755, 90.49542288618855, 73.44224106581855, 88.07699780442148, 83.68622118245251, 69.05146444384958, 79.12067689737111], "Y": [74.29921458571016, 65.50880769546167, 80.00762563706598, 88.79803252731448, 77.25506227960997, 107.51793119330715, 112.71199145698438, 97.14461896543473, 91.9505587017575, 102.56783289789806, 80.70196817288151, 97.54600635218867, 90.80407340938801, 73.96003523008085, 86.55540035383386, 21.27585399068079, 15.536972514401093, 33.32750755065683, 39.066389026936534, 28.37411092504279, 49.314251701052676, 42.82437977646379, 54.52983535542021, 61.019707280009094, 52.68377139515767, 34.07547582228513, 25.695464150778484, 29.593770777277356, 37.973782448784, 31.935745582659145, 84.42362241468733, 76.93099959409217, 70.53268927803744, 78.0253120986326, 77.97291662614289, 38.0823291323873, 24.647410685348873, 22.95106914031661, 36.38598758735503, 31.737553068313364, 41.21211707909592, 48.30387317255442, 57.364809125404335, 50.273053031945835, 49.49619755009436]}