{"X": [56.20957112668723, 47.159511386160204, 57.976302739580184, 67.02636248010721, 57.4189123290115, 104.9803292255867, 106.37168704713179, 90.14409884758274, 88.75274102603765, 99.55440313374618, 47.004722735487505, 60.56384241015328, 63.64542041142242, 50.08630073675665, 55.44739759546885, 94.73644285735965, 107.59861004090553, 99.11871314183266, 86.25654595828678, 98.08480288837582, 74.14219979750497, 61.41348689410658, 74.69839429824982, 87.42710720164821, 76.49080975876011, 39.11108121992884, 30.23097244036758, 19.028793828012887, 27.90890260757415, 30.627455183922997], "Y": [102.80869817297945, 86.01483775302157, 80.18576656263993, 96.97962698259781, 93.85507946966719, 46.79044153879811, 64.37367866863178, 65.65776427809823, 48.07452714826454, 57.567739137278544, 44.13928924045487, 38.570773522807436, 46.07429636886994, 51.642812086517374, 45.57692121676708, 82.68668395738808, 91.34071544905174, 103.94407282303095, 95.29004133136729, 93.860099231506, 84.4742409597992, 72.87894344181183, 58.295464921036285, 69.89076243902366, 72.40098161382232, 74.7862732648183, 82.75326595954374, 70.26717886778039, 62.300186173054946, 72.91645141807074]}