{"X": [42.15834598059055, 34.13491615569707, 39.53487148533286, 47.55830131022634, 42.109954571484, 58.59648464493613, 68.81447326993482, 55.966109921853906, 45.74812129685521, 58.92881721056148, 102.00382868246848, 94.0636728408804, 95.71060010636015, 103.65075594794823, 99.21836002425026, 40.32728558652201, 51.11170145547755, 38.26877103642232, 27.48435516746678, 40.9490222753039, 86.38738633320233, 96.65873108593529, 100.60802375388496, 90.336679001152, 95.20659195812705, 74.61951837105678, 82.19485836988952, 100.07838505866636, 92.50304505983362, 87.5427628282723], "Y": [106.40045391460035, 102.17079572105996, 91.92737635656832, 96.1570345501087, 99.17110439785786, 67.64729497433123, 83.45197201909829, 91.75865428591558, 75.95397724114852, 80.26236829042467, 31.22312559786389, 30.24338327669894, 16.896139960598447, 17.8758822817634, 24.931492882511368, 36.77366408437932, 48.29863211630695, 60.31632294472874, 48.79135491280111, 49.34235221591859, 89.44168520751775, 87.37165041953217, 106.96772037806004, 109.03775516604561, 98.4144304358227, 75.7304512924677, 57.32054550382762, 64.67929011670219, 83.08919590534228, 71.99463274039041]}