{"X": [73.82173938455524, 92.32176133159525, 93.92376939750186, 75.42374745046185, 85.00861507291599, 21.82078686916684, 29.72144440150374, 37.90918568756737, 30.008528155230472, 30.26085724585591, 73.52602523121931, 61.38498502313679, 50.08487624533943, 62.225916453421945, 62.66273777654364, 21.260073385688763, 19.23972497749923, 27.539557935468018, 29.559906343657552, 24.79688295481492, 51.277884502712105, 43.504673596664794, 38.06262595633887, 45.83583686238618, 45.9334294540711, 87.62458829176946, 84.06128093414964, 68.3238691048425, 71.88717646246232, 79.08341862054576, 91.7175683839074, 101.94285526947685, 100.22461519899292, 89.99932831342348, 98.06614797723346, 105.20576835840968, 92.81422485181628, 101.18622493137211, 113.57776843796552, 104.90525725111891, 52.90240880048361, 65.54934324025045, 70.18589355700043, 57.53895911723359, 63.03496134545665], "Y": [75.9318162856205, 74.0396309885462, 89.70257077802253, 91.59475607509684, 85.02826791077301, 90.00197791933508, 79.91404906265029, 86.32651893466951, 96.41444779135429, 88.44113905347407, 99.21113845015242, 107.65426187861436, 91.40493469663139, 82.96181126816944, 96.51640888348003, 35.49279483375784, 25.73806239982524, 24.019045049175975, 33.773777483108574, 29.971031513605443, 65.16479972017541, 67.48560886060672, 49.25826593435946, 46.93745679392815, 57.895444730955155, 53.63851673378658, 61.43607261324698, 54.24442997186795, 46.446874092407555, 54.25242475198021, 14.709630510711817, 15.639084773183113, 34.54211031019469, 33.61265604772339, 25.328544974258826, 70.52151929837609, 63.431165621672264, 48.799737070530185, 55.89009074723401, 60.36632861304564, 18.655799467173626, 14.967630178485797, 30.866615092890097, 34.554784381577925, 24.997363066452458]}