{"X": [82.72045432387762, 72.53179837135296, 82.09012612862313, 92.27878208114778, 82.59925932577912, 40.15120434227817, 47.762182949550024, 40.11991314324185, 32.50893453597, 41.17362013242092, 108.89700547525487, 89.63543168136015, 87.38768351117292, 106.64925730506765, 99.59475459260425, 28.567687679076517, 30.652862411208456, 40.49702821164123, 38.4118534795093, 34.65199470600314, 60.27819589450924, 49.559138053116214, 53.57856487296864, 64.29762271436167, 57.48593489943553, 68.51996200963458, 77.45706410891479, 78.47987068802982, 69.54276858874961, 74.6000678366781, 77.20025647594322, 84.12578516276882, 96.0871587381818, 89.1616300513562, 88.00169863885232, 42.41284382072329, 33.665353441745324, 32.35154168227415, 41.09903206125212, 37.859056691307565], "Y": [74.62751171571547, 65.1479449102875, 54.8746365409083, 64.35420334633626, 65.78811100307895, 38.13935959346102, 44.98658703430882, 53.48128835820836, 46.634060917360564, 46.177388250242906, 44.46833850868919, 47.60949749917647, 33.82631511927509, 30.68515612878781, 39.99040526311503, 75.80819391231826, 64.4236391897377, 66.22667903505253, 77.61123375763309, 72.42773036326163, 85.71666800194063, 83.3813721478741, 64.9321172081969, 67.26741306226343, 75.81231231518962, 18.49707869214339, 17.763140020037564, 30.21775942187292, 30.951698093978745, 24.66100711012041, 98.79359548411927, 87.2524232377974, 94.43010277175989, 105.97127501808176, 96.6507395424412, 96.1922992849895, 97.5798776479647, 89.29742237738787, 87.90984401441268, 93.53961036221493]}