{"X": [17.268765493520043, 20.882584617290405, 38.78147018696838, 35.167651063198015, 29.931665338424278, 92.93964988731095, 102.61866153344117, 94.04894581944741, 84.36993417331719, 93.82699189857256, 63.69494435073099, 46.401192108278345, 49.98645255287447, 67.28020479532712, 57.05740250559765, 69.65639878750252, 83.78947988351857, 85.42080055182308, 71.28771945580704, 78.28121627914598, 43.15481490884958, 35.585180971460176, 24.380257793727232, 31.949891731116633, 34.6569356177544, 93.27738521585765, 91.91945380326794, 109.73896816457126, 111.09689957716097, 101.87176286438685, 79.6449392060858, 75.14547521331835, 66.02093802161538, 70.52040201438282, 73.44457342026982, 67.77493010341286, 57.07740842573742, 55.27048829518888, 65.96800997286432, 61.61700663579192, 48.98050008884297, 58.69776748579802, 56.97513172855409, 47.257864331599045, 53.48623351793745, 31.135414309165213, 36.26551454054541, 44.65155494063261, 39.52145470925241, 38.686430506850975, 79.05054567493394, 65.71184156623276, 68.43096742753409, 81.76967153623526, 73.8474020021302, 34.77837148337997, 26.92913694086354, 16.711639819518442, 24.56087436203487, 26.340298287468215], "Y": [71.29023487385305, 58.07151286217699, 62.96482515883812, 76.18354717051419, 67.73790068625627, 34.109344537935854, 50.87262514511001, 55.82072451441081, 39.05744390723666, 45.21722755010617, 69.0113646452611, 61.970663865711195, 53.16435213696951, 60.20505291651941, 63.260680761170185, 95.86690716126537, 94.13867016892476, 107.47919429896885, 109.20743129130946, 102.32365263815626, 43.20044258399978, 54.771239500253834, 47.440960750580025, 35.87016383432597, 46.975984834511415, 106.3236159327479, 86.64883954744457, 85.41895627790039, 105.09373266320372, 96.9279730822448, 47.822862772604346, 58.92615783141491, 55.22855938633379, 44.125264327523226, 52.58413817849621, 29.332957350770542, 31.689153366355143, 23.485435535359997, 21.129239519775396, 26.501065768719748, 81.5834329660072, 82.46881181915954, 101.37519547751762, 100.48981662436528, 91.90293536279125, 28.972419508842098, 16.940066451041936, 20.51552900522304, 32.5478820630232, 25.128352411093058, 88.84840339339297, 86.75796914140268, 69.40769119619415, 71.49812544818444, 79.4982358437284, 94.18685085606454, 103.86091503180675, 95.5707559129511, 85.89669173720888, 96.3462870668373]}