{"X": [48.113261356106996, 59.081493005692614, 56.013120494124614, 45.044888844538995, 52.4380087811255, 91.99117402980129, 94.87929825574071, 106.79745204718931, 103.90932782124989, 100.10501423832162, 90.25111507836233, 83.99698549030519, 91.73615431987643, 97.99028390793357, 91.36960873650095, 61.193903612788816, 69.15786997893608, 59.22864806157773, 51.264681695430475, 62.19771675404129, 66.4368537781274, 67.92043725893103, 82.88331026337472, 81.3997267825711, 75.11401015845007, 40.88847108200841, 31.754563186436133, 16.79146786951419, 25.925375765086468, 30.62504146668237, 110.2244513622664, 97.23148408867274, 93.88253472557363, 106.87550199916728, 102.48543772851188, 26.678574653645576, 13.35040515467482, 22.080226861381796, 35.408396360352555, 25.159685281061822, 22.98245972355582, 24.932377779209222, 34.67271431937124, 32.72279626371783, 29.87738261048487, 76.62256086927812, 86.27224832474508, 81.82389415516136, 72.1742066996944, 80.23037961896688, 44.81398919010468, 56.834948913351354, 53.07032638936772, 41.049366666121045, 49.835785458342194], "Y": [57.28477824963396, 61.18456503024816, 69.81442670919826, 65.91463992858405, 64.1306435218637, 34.00778948992497, 22.78992826550512, 25.85834817237865, 37.0762093967985, 31.010993538058788, 99.03645276440733, 83.64877034464944, 80.50328271086238, 95.89096513062027, 89.917961026385, 18.06494255673619, 23.09264391531015, 38.8207040668946, 33.79300270832064, 29.136050175574002, 65.83632967998521, 56.32383110355772, 58.65746311794402, 68.16996169437151, 62.977728684740065, 99.81774816252005, 110.3868366026262, 97.45558569750452, 86.88649725739836, 98.73596037831797, 56.109939486921, 60.647551563526214, 51.05819294470336, 46.52058086809814, 54.877520512302205, 61.86311039612471, 51.183298483059154, 40.288673713456205, 50.96848562652176, 52.3588147599775, 29.711509695829918, 18.711001176622045, 20.4375448227307, 31.438053341938573, 26.45224018578883, 37.028106269832236, 40.266601705379244, 53.52128378908449, 50.282788353537484, 45.55155431673234, 80.64793751174506, 84.85955543572014, 95.60468392337785, 91.39306599940276, 88.93234684101651]}