{"X": [92.13685809122369, 84.01861042059164, 94.27138074804127, 102.38962841867331, 94.67245002353764, 28.865694001037348, 40.991420611265504, 39.51324234988882, 27.387515739660664, 34.71013590797112, 102.2557065908483, 82.61815510449262, 79.42767235641544, 99.06522384277113, 92.34927930345168, 69.64752374360299, 72.69650911697786, 58.216122961843354, 55.16713758846847, 65.33453473796803, 90.68859418476234, 79.87216966957945, 71.65212434538057, 82.46854886056346, 81.62305285034083, 38.207936778849806, 53.81349475092809, 55.18127408037116, 39.57571610829287, 47.891575065557525], "Y": [73.45560071347886, 65.0519010964345, 55.147390866258334, 63.551090483302694, 64.88362575588447, 32.027875338294464, 33.202879910078615, 48.457276283549646, 47.282271711765496, 40.62799765582053, 97.92270561926784, 101.51223044800281, 84.0577560478979, 80.46823121916293, 92.6031220821158, 34.60692347979112, 47.64365676938618, 51.03027860225461, 37.99354531265955, 43.330475225987186, 28.353120673126636, 35.204078403314504, 22.226111925897452, 15.375154195709584, 25.68511297181569, 88.43413905608688, 87.15002673610533, 103.77237299545823, 105.05648531543977, 97.82343952928527]}