{"X": [31.398864165306133, 30.015333084907976, 41.2567830937775, 42.640314174175664, 37.20243845093811, 30.39830222266708, 34.15979684696102, 21.867576956820418, 18.106082332526476, 26.993745844501703, 114.88603990442174, 103.08309734097467, 91.11722998421835, 102.92017254766542, 103.85756460689056, 95.26571389562386, 85.26943898882615, 84.00785897058725, 94.00413387738496, 91.14742040664332, 65.33518219312808, 78.9830728417088, 72.55576520713444, 58.90787455855371, 68.98392866905955, 74.21842888270477, 85.20127878622016, 78.61297886080935, 67.63012895729396, 76.9038289779618, 46.675655944832236, 34.25180106755245, 40.736903824839835, 53.16075870211962, 43.92771707043473], "Y": [67.13312551466211, 59.077887641277144, 57.147107232246526, 65.2023451056315, 63.02849633745963, 92.08338024567789, 99.79779699777576, 105.79139580417018, 98.0769790520723, 99.69602260798086, 66.73927281987022, 76.14981028956997, 61.14190605579331, 51.73136858609355, 64.55596941758819, 106.65869143041598, 107.47240457344759, 91.97419026139349, 91.16047711836188, 99.9267435449057, 53.49711838952189, 63.07421333022494, 72.23348263940228, 62.65638769869923, 63.026099516949905, 26.99140715349514, 39.932257293177024, 45.5237221829719, 32.58287204329002, 37.18380852521199, 50.404117330185414, 41.07912190274632, 32.43890581387771, 41.7639012413168, 42.097655546566806]}