{"X": [87.36002574035723, 91.90223858221395, 80.12991441756972, 75.587701575713, 84.77269738439016, 48.115111567792546, 40.151448620231555, 33.364034210057234, 41.327697157618225, 41.78180077204411, 46.48863329601731, 57.23786146668703, 56.2781372565167, 45.52890908584698, 51.95331261511018, 16.17580241289427, 34.88985167780868, 32.27623874229495, 13.562189477380546, 25.244472701601367, 53.607690286891504, 58.195448687673526, 46.404413838688264, 41.81665543790624, 50.477261221967034, 92.94491298266226, 103.49812474776357, 95.60712604405862, 85.05391427895731, 94.86686944252459, 75.13926117581764, 59.68456345243705, 64.44567657507383, 79.90037429845442, 70.15300256206723, 54.433418411851015, 36.96783994209015, 36.61371138397784, 54.0792898537387, 45.918045182329706], "Y": [23.897117837311356, 36.29060102244285, 40.605159020415385, 28.21167583528389, 33.33124355947905, 74.11189308734271, 81.73923724052999, 74.6525397528521, 67.02519559966483, 75.26720005804822, 51.396353392786686, 52.68932608254501, 60.66806731795726, 59.37509462819894, 57.07693111570489, 27.132445332412242, 29.82376163645768, 47.997501066899446, 45.30618476285401, 39.43150981233296, 21.100182245528366, 37.022717314403025, 40.420066979412674, 24.497531910538015, 32.163735970133445, 50.77301211983884, 57.601694190629885, 69.79663598101426, 62.967953910223216, 60.661596587032975, 79.8484321132984, 68.5277068424216, 62.02798510405693, 73.34871037493375, 72.91812124603034, 94.24161708861219, 95.00361253745221, 86.88668725986777, 86.12469181102774, 90.69474586270417]}