{"X": [65.32071414369351, 78.07780510569303, 73.66118593061377, 60.904094968614245, 70.13258822704165, 61.18793192075184, 59.431241499725104, 78.43506274565708, 80.19175316668381, 71.84071195402382, 44.11540380341049, 26.405185740098233, 25.53349154572011, 43.243709609032365, 36.37126652496851, 94.77604297296284, 94.68889324414187, 83.35665135672929, 83.44380108555026, 89.87678915552465, 45.65286526964018, 52.30026285345218, 61.14174007079982, 54.49434248698782, 54.01545800085784, 90.45244133826695, 102.45029307288648, 110.18639416059789, 98.18854242597835, 100.68192677126675], "Y": [64.48634322913142, 71.63411949824747, 79.51674067155474, 72.36896440243869, 72.71757671771908, 97.92725370916003, 89.00967860496267, 85.26607898785153, 94.18365409204888, 92.65517512564404, 93.30020225324235, 94.53513511215161, 82.0341362476505, 80.79920338874123, 89.3499591207399, 38.36410946868952, 49.26723900030464, 49.176659336497295, 38.27352980488217, 45.018796884473346, 54.638404745806966, 45.85119819505829, 52.53965077125477, 61.32685732200345, 53.980704467204724, 83.10206234726826, 75.31357783962726, 87.23073499174475, 95.01921949938576, 86.61980056493914]}