{"X": [82.1008381208672, 82.7778665362586, 63.625469065159514, 62.94844064976811, 74.38897471769478, 55.34884722968417, 52.61823103439093, 34.115978807586515, 36.84659500287975, 46.836578238795546, 66.74123186629934, 56.434558544253356, 52.3421600104795, 62.64883333252549, 61.12875390307473, 107.70326532743148, 102.31951136632868, 92.05075828436092, 97.43451224546372, 99.99476745050033, 28.996835008373466, 31.880660713960108, 47.503595447090845, 44.61976974150421, 40.04377473026222, 85.37275268824938, 95.66555010430154, 109.80711417047836, 99.51431675442619, 99.31361026488442, 83.1027358136496, 89.20922762065192, 75.04058448714117, 68.93409268013886, 80.68726677317869, 53.06769956521161, 49.92768170414938, 60.35804449083827, 63.4980623519005, 56.87665872228166, 24.706488338308752, 38.05972353944641, 28.576133540940567, 15.222898339802914, 28.539433364155503, 55.73871520337239, 63.39205310241504, 78.81267690290446, 71.1593390038618, 67.68061112032379], "Y": [47.0881128579479, 59.70535491128046, 60.73305314010057, 48.11581108676801, 54.56142750212547, 46.89910572744232, 63.490057230154235, 60.4448702454503, 43.85391874273839, 54.01738564991147, 83.00004824966257, 86.31471254047686, 73.58973918250669, 70.2750748916924, 79.18664567149806, 92.79213417671606, 101.60198765413898, 95.3266914505973, 86.51683797317438, 95.23210955442327, 35.182591249138184, 25.226471046902386, 29.75170978096139, 39.707829983197186, 32.87377211908344, 27.760738327941343, 11.650007646931304, 20.684747098621738, 36.79547777963178, 26.088052476535267, 93.62017126948253, 101.46971017637588, 112.49210324141843, 104.64256433452508, 103.95272257265164, 105.496345450247, 97.91716221939215, 93.5959148699112, 101.17509810076605, 99.61655225183763, 80.78795836651165, 91.20770158096657, 103.36122640349069, 92.94148318903576, 92.69189470487092, 35.21693024135888, 18.789006165661604, 25.973069350720824, 42.4009934264181, 32.16352767940132]}