{"X": [84.49190661735892, 70.6808350204247, 70.21098603293464, 84.02205762986887, 78.56594056963311, 41.85277839674374, 48.73307082081107, 37.59699635036065, 30.716703926293313, 40.23825695674965, 72.75708216290182, 76.00755891224797, 93.51958818094069, 90.26911143159454, 84.64022445946671, 29.400888035226806, 45.66431482886188, 45.96598414304757, 29.702557349412494, 39.43130577387632, 76.74012992040491, 65.77245429958477, 64.87899281571114, 75.84666843653129, 71.12795746982263, 65.104041428407, 56.29065917841621, 55.19769935020325, 64.01108160019405, 61.262568826759434, 51.55744198591055, 57.63270191213591, 44.50603855120574, 38.430778624980384, 48.806285383090106, 108.85464664465206, 95.32449152215835, 89.04637700824901, 102.57653213074272, 99.01058803725954], "Y": [46.99732959222399, 47.65913684222967, 37.85398888424585, 37.19218163424017, 44.013193763136506, 63.81326518863423, 80.73790682863864, 85.26500113542656, 68.34035949542215, 75.96715377203527, 85.01374195859809, 69.32869216512788, 72.95778131188034, 88.64283110535055, 79.42892935529987, 29.21442448233222, 28.926541173599638, 45.96878245095856, 46.25666575969114, 38.58139371390882, 60.2638813241169, 61.4699801532513, 53.345276357746094, 52.1391775286117, 56.855495695466765, 44.92085372474181, 45.52468285492122, 29.57203620625244, 28.968207076073035, 38.28454284263415, 89.2769546381455, 106.53529535677009, 111.15612728852403, 93.89778656989944, 101.91470908851856, 105.21627886226305, 111.71220240560623, 98.63571486950825, 92.13979132616507, 102.08050696414199]}