{"X": [39.77815057444146, 25.85736575348991, 22.31731161121356, 36.238096432165115, 32.01127154393848, 91.60179456622127, 103.45405426505802, 107.52016327998915, 95.6679035811524, 100.04122550801236, 57.78842488158939, 48.036289016548295, 47.07504246004996, 56.827178325091054, 52.869124429888394, 69.30962146074982, 65.80773121489028, 79.33163358494137, 82.83352383080091, 75.58345824932879, 98.01275081132518, 89.6419596940319, 104.93163365077795, 113.30242476807123, 102.72378388336007, 40.55232622816508, 38.80705517463975, 47.23180692422117, 48.9770779777465, 44.92082660927408, 67.66136572209767, 69.87243081254215, 87.30657594001197, 85.09551084956749, 78.37689135140225, 23.98311075510461, 38.25297707241507, 42.19674429421017, 27.926877976899714, 33.56679119700968, 67.07646594018969, 75.17344844925304, 67.46268975474975, 59.3657072456864, 67.5911467985592], "Y": [87.68442199972907, 92.55045384292177, 82.42303718039261, 77.55700533719991, 86.55219654804688, 96.48708720849683, 92.58113795931524, 104.9193883907162, 108.82533763989778, 101.39241277635746, 78.67259201458029, 79.44422589057457, 67.29570920356991, 66.52407532757563, 73.65250729362752, 85.02746786463274, 72.10257915855058, 68.43839118195683, 81.36327988803899, 77.78164339284653, 58.72481090844694, 45.525819356121524, 35.82911893502826, 49.02811048735368, 49.15496550369722, 51.1499388437152, 34.189881477598625, 33.32293421178003, 50.2829915778966, 44.19034609519714, 31.300282063750032, 14.455472620068512, 16.743894451254647, 33.58870389493617, 24.900218656495017, 60.13061070318321, 56.18050519528688, 70.42747427727929, 74.37757978517561, 66.50278777534494, 91.89196674015606, 108.2167169637286, 112.0412090647378, 95.71645884116526, 102.31785203288617]}