{"X": [88.41463708980733, 86.87090478674214, 97.84866457779636, 99.39239688086154, 93.55608344434144, 39.16868792261257, 37.4833538337657, 23.819323089285408, 25.50465717813228, 32.813142606678774, 22.478942626087566, 23.570472771586225, 40.94654051346008, 39.85501036796142, 33.361960494692696, 85.26315974544839, 97.01662484697275, 108.98753630165838, 97.23407120013403, 97.12882923396515, 66.21650842075789, 60.5384002286017, 45.966425794779354, 51.64453398693554, 57.27836365628759, 54.38055195820233, 61.083331139148754, 67.6559610356622, 60.95318185471578, 61.70995923529595, 46.159514094683736, 54.01124226495177, 57.80459440127674, 49.952866231008706, 52.001353853801376, 77.42396317617127, 68.71119951422449, 62.786176708072475, 71.49894037001926, 70.48568567163994, 38.80609648719495, 30.178341187353357, 21.662878183153683, 30.290633482995272, 31.31123861114805], "Y": [41.18996769667723, 23.424610836419085, 22.470691219828044, 40.23604808008619, 33.31937928981174, 48.72828066316432, 64.64825464003944, 63.201741169717515, 47.281767192842395, 57.642924637140354, 92.54700493712062, 73.35090461887856, 74.33894393082454, 93.5350442490666, 85.36347900651946, 76.66020370489692, 64.02294205346996, 75.1566586684297, 87.79392031985665, 76.97583408656432, 24.026709310195073, 40.92617658784711, 36.03009045393715, 19.130623176285116, 31.71187394036068, 92.31687465101754, 86.12541445193554, 93.24084205994123, 99.43230225902323, 93.83120911074181, 47.21391282712449, 44.31283305244053, 54.579482762813925, 57.48056253749788, 51.37606673412132, 69.28928382155578, 75.1837136121852, 66.42572933969211, 60.531299549062695, 68.8435063714947, 20.298016577579325, 37.794670697793535, 33.59562037878379, 16.09896625856958, 28.886682981966565]}