{"X": [30.12406337127566, 20.94713557845454, 33.295060547936885, 42.471988340758, 32.179686658033084, 83.49767138063278, 75.37690383100757, 67.40969947761504, 75.53046702724025, 75.96871557559678, 43.602068127698644, 45.684807355612975, 37.31568924572434, 35.23295001781001, 40.767469989884574, 88.76568027903369, 106.75975390930397, 105.36242777445904, 87.36835414418876, 97.50488690438225, 68.09309453037322, 87.06017013648719, 90.43759836159309, 71.47052275547912, 80.38074032854122, 27.711853086919533, 38.557891361218054, 24.377865597670628, 13.531827323372106, 27.30419286554124, 57.716587384644, 50.74897253472655, 65.15310714973978, 72.12072199965723, 61.50386274438921], "Y": [77.45182812786378, 67.92619767180605, 56.03029048132184, 65.55592093737957, 67.58941762743319, 47.410517539476814, 58.60217940811304, 52.821106379488114, 41.62944451085189, 51.82637068833293, 30.735948899349026, 39.164021138141756, 41.23219166357737, 32.80411942478464, 36.59020796738551, 27.56424728378273, 30.26085314852213, 39.58501493451989, 36.888409069780494, 35.12515333172149, 87.00216109776618, 81.2677664818478, 92.43894335237219, 98.17333796829057, 91.33618973717408, 87.33362879959192, 101.80306140746997, 112.43216527974191, 97.96273267186386, 100.44307056422555, 36.809527768716826, 25.90227107985936, 16.700831606421126, 27.60808829527859, 26.98625887830756]}