{"X": [78.7044059881829, 83.81303533703408, 66.87001297626726, 61.76138362741609, 73.80411124312228, 80.47810789774582, 91.97796009852321, 77.40703549310669, 65.9071832923293, 79.12411334592072, 30.26312923285851, 16.62379828432684, 17.863385524423435, 31.502716472955107, 25.19075041886966, 42.68894651635643, 39.5239496086763, 51.24559619088004, 54.41059309856018, 48.15043404677693, 87.78434692070064, 102.78156544686139, 101.89469920021628, 86.89748067405553, 96.45626079674824, 28.783906072671535, 46.21566853562409, 38.48837065857595, 21.056608195623397, 34.60681901139469, 86.82328301693067, 95.47698257283135, 104.76097277613613, 96.10727322023546, 96.74821104613011, 64.65486256422822, 61.285737542025885, 52.54355311728518, 55.91267813948751, 59.637733869632925], "Y": [61.17178710866793, 74.52671324193192, 81.00788883412523, 67.65296270086124, 71.34184547094073, 24.3725091049715, 38.68613049994971, 50.39270529099096, 36.07908389601275, 38.77654389625761, 81.00991600046875, 79.37161926544121, 69.05166913322647, 70.689965868254, 76.4407061730308, 105.5390809906563, 95.5482855223024, 91.83497007078442, 101.82576553913833, 99.1057288912928, 53.14020455634552, 54.09312954648442, 68.05070967298933, 67.09778468285043, 61.296914934525425, 30.930264785002176, 39.58249325511612, 55.15078546312422, 46.49855699301028, 44.58930520821693, 94.17523696306135, 84.7218311391406, 93.2204467064562, 102.67385253037695, 93.70075726090231, 46.102031200091616, 54.819381724713395, 51.440658773179976, 42.7233082485582, 48.96376608337804]}