{"X": [17.852421762722237, 34.85017182162203, 34.78682431034796, 17.789074251448167, 28.682771233100244, 52.07013543086778, 67.81203215826379, 61.07938236240564, 45.337485635009635, 56.59643689865172, 87.45475167142476, 97.22990012688084, 111.06988154479598, 101.2947330893399, 101.06689050110447, 83.69115070641256, 77.50049258331565, 60.06249593732794, 66.25315406042485, 72.28397332849492, 72.17568001016005, 79.80092397261515, 96.59961896766518, 88.97437500521008, 85.96032045791219, 39.80483763537556, 29.219520004622733, 24.45225944906632, 35.037577079819144, 33.64633393766344, 35.55056832532408, 43.26112739882586, 51.69037849487533, 43.97981942137355, 44.619194833908566], "Y": [69.81805094835156, 69.87492992985294, 88.80573943219488, 88.7488604506935, 80.37190786716425, 69.48625161474766, 79.50797715907689, 90.08346910597956, 80.06174356165033, 80.55748168456756, 96.32104277480373, 83.19664865707531, 93.50477197060242, 106.62916608833083, 96.37386864926724, 25.679570545627328, 39.13046748713917, 31.10478146363991, 17.653884522128063, 29.175107621428907, 60.52050620220579, 48.18610532413456, 58.57121837943203, 70.90561925750326, 59.78387522744844, 40.668079371477056, 44.030668592883984, 29.023492905807423, 25.66090368440049, 36.200162343381365, 96.01152160221619, 90.64391669473655, 102.7525274516313, 108.12013235911094, 100.54909055328027]}