{"X": [76.8671708294713, 92.44464061894567, 103.0638598922276, 87.48639010275323, 90.34983670408018, 38.185473249173484, 39.065991056568095, 24.718548104122675, 23.838030296728064, 31.634732760673412, 39.26834296958129, 46.09948503906294, 32.373703161086674, 25.54256109160502, 37.115389471825, 46.171718176321846, 34.273691023940394, 32.46778001932687, 44.36580717170832, 39.54516862832267, 99.24392485458971, 94.31297035685857, 100.78835506340648, 105.71930956113762, 100.33190973635196, 53.37349824038829, 45.73821205394114, 58.17866289860855, 65.8139490850557, 57.56041454162297, 64.84351448503514, 73.61552217242433, 69.46463516944834, 60.692627482059144, 68.64036226735257, 98.19287008931607, 95.0737690595748, 109.35424061506745, 112.47334164480873, 103.81510392317298], "Y": [63.49065707434313, 51.86158569987957, 66.08633005742153, 77.7154014318851, 65.91886724143954, 95.52899911807599, 105.63138039736181, 106.88189536615535, 96.77951408686953, 101.26774158099795, 16.854597566456878, 29.7609731660618, 37.02581412001969, 24.119438520414764, 28.0907869716877, 64.66040963268638, 67.26434953147897, 59.01270817153847, 56.40876827274588, 62.74621071561776, 97.28504489463874, 90.74312649834837, 85.862321601516, 92.40423999780637, 91.71168672553623, 103.81967741040138, 96.99413663822894, 83.07781767421058, 89.90335844638302, 94.03978803449772, 54.89732907451011, 57.733460149043374, 70.57194036829121, 67.73580929375794, 63.03309898265979, 43.15973501303465, 28.236316111834384, 25.25159566480963, 40.17501456600989, 35.00217732011057]}