{"X": [33.83809623627769, 40.65183160248847, 28.33382651806009, 21.520091151849314, 32.259036675593805, 102.45742312640192, 93.20944684067584, 84.85096125879085, 94.09893754451693, 94.30128854360598, 85.20498691439333, 95.34598367109682, 83.57781976271055, 73.43682300600706, 86.30519089687003, 31.061651897515862, 44.39932632471688, 53.813043310887664, 40.47536888368664, 42.68533344526718, 94.24794469173378, 96.35551312377294, 107.56770947358964, 105.46014104155049, 101.08846276490166, 61.615822881653386, 56.289981199493106, 49.02914053855423, 54.35498222071451, 55.56351732122891, 70.06003581643651, 64.83407077816217, 72.80480580012716, 78.0307708384015, 72.0747315543642], "Y": [72.04817837074141, 81.23583259063254, 90.37109441875218, 81.18344019886105, 82.53527812625471, 73.43551042189867, 82.03390150322278, 73.04395492894437, 64.44556384762026, 74.00601108669846, 27.87084728537856, 35.58532942603578, 51.05505375119097, 43.34057161053375, 40.57762182957815, 42.56346685795622, 33.48260198600782, 47.30915860609529, 56.39002347804369, 45.244250278362884, 101.73909589675378, 91.08926225495358, 93.30812049025499, 103.95795413205519, 98.7816098294579, 78.15380762226872, 87.64571848419675, 83.57171395528172, 74.07980309335369, 81.24196393025794, 109.69421192944202, 95.10174754472517, 92.2472069095077, 106.83967129422454, 102.38666464211768]}