{"X": [24.38838487281177, 27.557677626317464, 43.064663728867544, 39.89537097536185, 33.77057204950215, 82.57801425985816, 90.61894788655995, 76.2923408585281, 68.25140723182632, 79.92640547289552, 89.04577706844236, 82.64579182270487, 71.19275227438789, 77.59273752012538, 81.40737421589628, 25.68549822064638, 31.179970502497362, 23.180244930169216, 17.685772648318235, 24.79635657239829, 55.11051445009893, 45.32028516109071, 41.290017877185136, 51.08024716619336, 49.246143266043944, 52.7131774042388, 56.68797638894434, 40.199556938595485, 36.22475795388994, 46.71505000884685], "Y": [103.83195687030988, 91.41681577105302, 95.37538364318678, 107.79052474244364, 99.71276165740431, 38.72173278045395, 51.14939518877353, 60.41898205260114, 47.99131964428155, 50.78164207084217, 86.1222150035499, 93.35905444687242, 83.23042236899614, 75.99358292567362, 84.8333826926735, 40.38863198001168, 52.89507403260456, 56.40960440301144, 43.90316235041856, 49.90652960487731, 85.96174536564547, 90.15476807447229, 80.74455412014248, 76.55153141131566, 84.67812031287504, 25.76835270538281, 44.10535435809688, 47.67944755674942, 29.34244590403535, 38.8990131525005]}