{"X": [73.97520914656775, 65.16288322083601, 67.61557941029542, 76.42790533602717, 71.98726924612998, 89.68693373389736, 82.83771784569667, 94.22094692712777, 101.07016281532846, 92.6985286594823, 40.72112512523622, 47.6085505096105, 32.06411880142944, 25.176693417055155, 36.89569740684663, 24.278728688164144, 37.95754557695495, 38.206980335029535, 24.52816344623873, 32.269724687398416, 84.86849650906261, 89.11919844971345, 96.40620926033883, 92.15550731968798, 90.90859270353468, 66.21636204337746, 49.78108975614017, 49.849601805274986, 66.28487409251228, 58.61340965315828, 20.78287056381342, 33.7486017129739, 30.757901162111704, 17.792170012951225, 26.27310927151716, 78.32503343401794, 63.4844659968125, 59.66254541831694, 74.50311285552237, 70.7193354204552], "Y": [71.91021646776397, 70.23777283987127, 57.31419331955561, 58.98663694744832, 65.71995183329203, 82.74184861410647, 71.89054087904671, 64.70558258764528, 75.55689032270504, 75.27795731419172, 80.19627480755324, 90.20585403992051, 100.90171957504737, 90.8921403426801, 91.74574393207496, 42.25573459584457, 41.86334572414016, 50.55873090818358, 50.95111977988799, 46.41126924975961, 27.6080408636886, 19.840060246270806, 23.827571611169844, 31.59555222858764, 26.72316376883433, 50.74544892101988, 50.62636735274096, 41.17054477027457, 41.28962633855349, 47.0275312129797, 67.26183232854393, 72.22488386617916, 80.03794383464395, 75.07489229700873, 74.85896081418497, 108.57539302406525, 112.52284044582676, 98.15419559140179, 94.20674816964028, 103.72544629494433]}