{"X": [57.768393966509336, 50.754904121581305, 36.274772423445384, 43.288262268373416, 47.538706135997934, 95.82076420744491, 85.27344627196067, 79.68186230068054, 90.22918023616478, 88.3502602008808, 81.02740804375115, 73.06096459999151, 69.07118101313672, 77.03762445689637, 76.36712520442781, 98.51315174722454, 93.29969662996076, 105.00543223243444, 110.21888734969822, 102.59708016803673, 43.99977113318555, 32.28523458426766, 20.073164498321933, 31.78770104723981, 32.17435368261172, 67.93470474894858, 57.49265535836932, 67.37046963830593, 77.81251902888519, 68.72143923636014], "Y": [21.9694746655142, 39.628149428121475, 33.877080450219175, 16.218405687611902, 29.137214927097663, 41.52366462523117, 51.35631785119761, 45.358321933645804, 35.525668707679365, 44.82213273982565, 99.80695365521684, 102.21275885468327, 89.00122148475468, 86.59541628528825, 95.23358761892763, 96.2211228327208, 89.41547172064193, 80.44831689988715, 87.25396801196601, 89.13021013779424, 88.5682171592447, 100.54804952414005, 88.60641820557798, 76.62658584068262, 90.6320523468594, 61.572849012243026, 52.60171485545984, 41.10432525237623, 50.075459409159414, 52.80737545769209]}