{"X": [97.80359490163181, 90.73916865616934, 96.31586733410037, 103.38029357956285, 97.07260887646524, 36.06544802118525, 31.453925746058808, 48.12494862764571, 52.73647090277215, 44.207001917241165, 91.98321960859789, 91.58754558194192, 73.49287801939784, 73.8885520460538, 84.6767260363484, 67.12853894336573, 67.65528629261564, 79.61434657198978, 79.08759922273987, 73.38372855909407, 29.14660067587863, 40.080859200150854, 31.720295847233274, 20.78603732296105, 32.645726071643764, 63.53519421427215, 69.89520404140934, 83.5114713663791, 77.15146153924191, 74.52524228095145, 68.24864511793669, 63.82016997433897, 44.74934682714049, 49.17782197073822, 58.272159926193595, 30.1048467793505, 28.28484262151136, 44.961432273187235, 46.78143643102638, 38.2361533269245, 106.51487642360092, 99.52814745440458, 91.70308673700904, 98.6898157062054, 99.59717096539256], "Y": [84.00261302079932, 77.15338188605381, 71.4014696307411, 78.25070076548661, 78.93099267003329, 71.3713229886391, 63.25826775140176, 53.782331606566714, 61.89538684380405, 62.61420918860511, 43.46075265557312, 52.12367759666289, 51.29721424575541, 42.63428930466564, 47.782483272392334, 104.58494680916576, 95.93976967263995, 96.66843065924544, 105.31360779577125, 101.13918228610373, 26.072054446123616, 31.1886990801568, 49.05520489557007, 43.93856026153689, 37.91533381488574, 68.84134176970522, 59.795851410678154, 69.3696379671263, 78.41512832615336, 69.10794356926775, 31.006826141947077, 46.21892318031115, 40.66711358677999, 25.455016548415912, 36.52727348552114, 102.38255615560824, 88.59205909836362, 86.39116217792356, 100.18165923516818, 95.68397359588181, 102.7045881414063, 108.79443679584226, 99.81694301853403, 93.72709436409808, 101.56363516318083]}