{"X": [71.82980231240339, 55.20783897919188, 48.00623057652908, 64.62819390974059, 61.356329889493004, 49.41597833781966, 31.13655832608353, 28.418563196182582, 46.69798320791871, 39.178886508626405, 108.61227944854949, 106.2117930211613, 94.55998451578256, 96.96047094317075, 102.11551014857606, 79.74304830610215, 77.16907399881052, 93.0488907992863, 95.62286510657793, 86.82370786789703, 92.95274592988876, 84.2136534627559, 71.35115951943713, 80.09025198657, 82.57099764940918, 74.3701457906154, 75.23876389959922, 63.69271655416157, 62.82409844517774, 70.12728790009847, 26.394614894493337, 34.39518015917986, 28.894257521782926, 20.893692257096404, 28.820415679807137], "Y": [93.30080554032936, 100.05050510969886, 82.31566082826798, 75.56596125889848, 89.89615058912885, 50.72577037710901, 54.27423662796484, 40.272870669551146, 36.724404418695315, 46.21425102775328, 43.00671776076574, 58.17795808819922, 56.33433768749204, 41.16309736005856, 50.63287807158304, 94.80897895763555, 80.07172101016262, 77.29819009996153, 92.03544804743446, 86.23727967572447, 25.096879802934552, 39.01837558798149, 30.94406190328857, 17.022566118241635, 28.30578615811563, 57.01643076851326, 70.13675437874011, 70.9011490773293, 57.780825467102446, 64.30946621167712, 60.02966056736713, 64.25391268730716, 74.67244106271826, 70.44818894277823, 68.12404446683591]}