{"X": [50.01169509111588, 40.68068608591727, 49.933871108769594, 59.2648801139682, 50.22767807790601, 72.15618207641106, 64.94494256612471, 57.76935937158555, 64.9805988818719, 66.46458779974344, 53.75892946189385, 56.146311519822916, 71.97213103643327, 69.58474897850421, 64.13355432893444, 106.62759782224019, 100.13528825316895, 92.30980740186108, 98.80211697093232, 100.0256848701909, 74.40040021628614, 83.44628798897753, 89.54005901474814, 80.49417124205675, 82.05376063984919, 34.65675611567902, 23.66446979941951, 24.02749111726507, 35.01977743352459, 30.18956061472444, 79.47593649790191, 93.18874358073673, 85.52658739538036, 71.81378031254555, 83.4360913525792, 16.597807636486138, 34.75591045285933, 36.88153325584942, 18.723430439476225, 27.59181724485999, 31.063431064150183, 32.13953738084239, 40.608641264779195, 39.53253494808698, 36.06503683295053, 33.26146062040031, 38.34943663514094, 25.120548701168772, 20.03257268642814, 29.23995095441546, 110.73109719729285, 102.40095278221682, 87.2580001134067, 95.58814452848273, 100.64344732734313, 64.56772044571095, 76.23082638218388, 81.51162730023152, 69.84852136375859, 73.80981337878018], "Y": [100.68505211979905, 84.27353550516467, 79.01250114725457, 95.42401776188895, 91.56533299316912, 91.81579168440861, 96.19722954669342, 84.38721405218546, 80.00577618990064, 89.02989816136561, 48.51312528519871, 38.07370129039981, 41.69289307577063, 52.13231707056953, 46.351460651644445, 50.739971983816844, 64.59970394507806, 60.934016588675064, 47.074284627413846, 56.78739710410811, 86.2869143297218, 77.57678024281306, 83.90545076172616, 92.6155848486349, 85.92246596915706, 34.81486298680756, 34.377136848328675, 25.2608563389418, 25.698582477420686, 30.84464243373042, 19.98691499559995, 30.339622739089037, 40.48862647914156, 30.135918735652474, 31.7674782020147, 92.06734908237343, 88.69253223640573, 100.12938323222738, 103.50420007819508, 97.73466248356539, 72.80100212627406, 62.67183838080919, 63.571582566533046, 73.7007463119979, 69.3334794387637, 42.19740533836953, 50.816073726523214, 58.62566350053715, 50.006995112383464, 50.756991638618246, 94.16624443715294, 106.14378963409426, 95.61216729180812, 83.6346220948668, 96.10187645024497, 63.60681938472268, 56.25638278198889, 64.63555042404519, 71.98598702677899, 65.7000472724963]}