{"X": [44.66930756659656, 51.61739516926333, 40.60314930857632, 33.655061705909546, 44.706423031394515, 92.57765934401684, 102.64227878750563, 106.89659024607974, 96.83197080259094, 99.84023639997261, 55.30166161172301, 70.86794040375909, 74.49924820831166, 58.93296941627557, 65.11558724900185, 61.18788667957961, 54.912178551523255, 48.04478058608559, 54.320488714141945, 55.047427104488364, 75.97374074367693, 70.92985949175902, 84.06994444928151, 89.11382570119942, 80.26887632355361, 93.97537614703404, 95.59840877706826, 82.91528334565967, 81.29225071562546, 89.24497496730282, 18.648034927961966, 37.12802753292256, 34.873462188283476, 16.393469583322883, 27.87610284048219, 93.88324140037986, 92.48302267101282, 81.34939336415968, 82.74961209352672, 88.675804889699, 39.80578368449843, 34.617095486706255, 19.05065873018784, 24.239346927980012, 31.72298914350325, 93.8915948767317, 95.48544157076246, 78.85935892325078, 77.26551222922002, 87.71397002422589], "Y": [32.044297526546345, 36.92553563102636, 52.603513938850696, 47.722275834370684, 43.31094640825441, 92.37139291214845, 88.5189012434716, 99.63327331927886, 103.4857649879557, 96.82625339728527, 74.06057371611404, 68.22974722984424, 77.9240761210343, 83.7549026073041, 77.76788705967707, 59.1190520343343, 66.48726585089423, 60.63811620577491, 53.26990238921498, 60.94130466226876, 109.88198835680532, 98.86348369166495, 92.84841811062117, 103.86692277576154, 101.68016781468536, 65.80815515399786, 84.61940340901998, 85.71370221082847, 66.90245395580635, 77.20788556450944, 80.80512893565216, 83.54006522138465, 98.77418643791304, 96.03925015218056, 90.96507996146345, 50.900165469482346, 61.39324795463807, 59.90755332645425, 49.414470841298524, 55.84182209868744, 28.729980354360126, 36.15894654993612, 25.286722265442247, 17.857756069866255, 27.044544774426864, 26.841107431061573, 42.80591645806923, 44.46578140337422, 28.500972376366565, 36.173289769454065]}