{"X": [44.88252609873117, 46.546697885225, 66.27947415582918, 64.61530236933535, 56.81799514485496, 18.523993771466706, 20.95938664120365, 30.105613858957128, 27.670220989220184, 24.355935034327413, 81.63539917769911, 80.21257261330499, 99.99907509886928, 101.42190166326341, 92.93086038600931, 64.20834941793441, 78.24215568316468, 71.60970984152752, 57.57590357629725, 69.43731944487604, 39.462423092455694, 31.960889121760154, 37.267694799589734, 44.769228770285274, 39.72363251020844, 100.16461291739012, 102.8016729499061, 86.50873275424246, 83.87167272172647, 94.44854631996778, 31.349285008517306, 31.796353309334098, 40.56325379742291, 40.11618549660612, 36.6611088325754], "Y": [89.49275056376445, 79.00975239811541, 82.1423227772977, 92.62532094294673, 85.94608217779913, 79.62640427786819, 68.15847053136089, 70.10081315763345, 81.56874690414075, 76.02637228209794, 103.42022358576116, 86.15484422978491, 84.52425385742993, 101.78963321340618, 95.96901362589271, 40.17521530938605, 45.15075989947395, 63.85795030263016, 58.88240571254226, 52.299770961023285, 66.90376532882374, 63.967474067378916, 50.40983297405964, 53.34612423550446, 59.38824683645232, 54.098924124610896, 66.28379510707391, 69.80992693596201, 57.625055953499, 62.587841233892625, 40.01825322704732, 25.00396584284696, 25.265010753227735, 40.27929813742809, 34.3509143290728]}