{"X": [95.5916684190145, 100.8615723524514, 82.86774616592979, 77.59784223249288, 89.67750813243383, 45.769928507875235, 37.554867720882335, 29.784474186919642, 37.99953497391254, 38.1722784700905, 42.96689241155811, 25.049475397911973, 28.77054649697451, 46.68796351062065, 36.07815537482588, 69.38524880494872, 60.12859711057449, 64.59287393043478, 73.849525624809, 68.82330161667632, 62.6171583077302, 74.62403235399562, 81.4848320244038, 69.47795797813838, 72.54038737625977], "Y": [74.85556118159916, 91.8572513797275, 97.43468128774744, 80.4329910896191, 86.51331072410434, 88.43960577552852, 99.08150038110911, 93.08310840428146, 82.44121379870087, 91.90751580385317, 45.3417569069815, 39.32514666001802, 28.243826800055547, 34.260437047019025, 37.01553996408614, 111.4720811858355, 109.3250611894737, 90.07779956231583, 92.22481955867764, 101.11677077181295, 53.74148925545201, 38.26617023967535, 43.58927585160292, 59.06459486737958, 49.59198235342802]}