{"X": [27.80425063570999, 45.365925887708165, 48.72933368011451, 31.167658428116336, 38.9283547806272, 18.57883899310463, 34.862762959279614, 34.594991883474506, 18.311067917299518, 27.908506937348914, 69.67091372258129, 73.82565164499046, 87.2949088625458, 83.14017094013663, 80.27152841427292, 52.05379558181465, 58.51688301017619, 44.47640507000528, 38.01331764164374, 49.74876124533091, 76.77502857560887, 67.05805836830734, 67.5711104342395, 77.28808064154103, 72.62555000728305, 43.60757236176684, 42.47914610479204, 25.23050208349079, 26.358928340465596, 34.65710207362843, 53.487648311681795, 63.28551624430255, 72.57293229309559, 62.775064360474836, 64.61165474953405], "Y": [24.726193036489285, 18.492787371750754, 27.968678813312813, 34.20208447805134, 28.603809577075143, 73.19652291759563, 73.57122622545803, 85.2080699555715, 84.8333666477091, 79.45726673724548, 37.75809397263443, 28.0655473808968, 33.83918315543768, 43.531729747175305, 36.7322936287874, 35.15947788339429, 53.23220768037481, 58.253299539915986, 40.18056974293546, 47.00445707491968, 71.32156575337277, 70.81699475233744, 60.936697174339855, 61.441268175375185, 66.36599412778894, 96.63534569173332, 105.24655285792278, 102.9862631638983, 94.37505599770884, 100.826632802228, 99.36869320925112, 92.43735105168292, 105.56567076419617, 112.49701292176437, 102.93068753770622]}