{"X": [84.23963523324711, 93.91350366493516, 101.64886123383356, 91.97499280214551, 93.7721565841487, 85.5776573263365, 95.21628288480068, 92.24988531610693, 82.61125975764276, 90.18221731478224, 66.49885842333147, 80.5443098751984, 68.79491780054154, 54.749466348674616, 69.24762689376452, 40.275733119719085, 43.09858757483559, 31.524227091074216, 28.701372635957707, 37.04223373963362, 56.32668293947883, 74.08545306406516, 72.60011753778552, 54.84134741319919, 65.39443057290437, 27.329774023962724, 17.90156861659527, 26.274188324136777, 35.70239373150423, 28.399188917136687, 71.11414797715611, 65.59775869172788, 75.7149997207263, 81.23138900615453, 73.97149080416756], "Y": [45.69487008014912, 34.981409972799426, 41.966159124219665, 52.67961923156936, 43.909297443461014, 64.77188323212455, 67.64480318652714, 77.59704546127695, 74.72412550687436, 72.25071435591892, 89.65678634411455, 100.5636001004287, 115.69409738961238, 104.78728363329823, 103.87697060238233, 72.56964526675642, 86.8999885856312, 89.1799573435099, 74.84961402463512, 80.93371647980058, 44.42442130220453, 45.84555835092176, 64.40656356353726, 62.98542651482002, 55.5479997696236, 65.13024226423894, 57.47535698758089, 47.16314778423969, 54.81803306089774, 56.78382858622771, 33.5098646777529, 26.875331840831727, 18.463188682857492, 25.097721519778666, 27.060448644317642]}