{"X": [93.6536327632461, 91.956646976385, 103.30546750528771, 105.0024532921488, 99.24975284117846, 47.16231466990802, 49.57500322088949, 59.23087143376619, 56.81818288278472, 54.40530035170817, 50.376794391465424, 67.3260732591902, 73.13727901094781, 56.18800014322304, 62.18579407525201, 83.34626210027255, 82.75334474057844, 96.16073235587845, 96.75364971557256, 90.13192238896713, 86.6238932857461, 78.00541898565498, 76.17285274486969, 84.79132704496081, 82.66933488232019, 50.715994685309376, 37.67856361906903, 38.07645212396552, 51.11388319020586, 45.3060933066616, 23.009217372560443, 26.53761202732449, 38.868008841007935, 35.33961418624389, 32.449350894792225, 23.07954063366228, 41.953857319823285, 43.388762261823274, 24.514445575662265, 34.26657215905237, 78.69938453962578, 86.22736745850699, 77.6078123849571, 70.07982946607589, 79.29732375712933, 88.11818677783934, 93.1148342889821, 78.00573993090875, 73.00909241976599, 83.87504644553105], "Y": [77.9127150587412, 68.78269619140126, 66.67330436921368, 75.80332323655362, 73.40582694975572, 42.90672847508333, 34.05208064404852, 36.68308338199377, 45.53773121302857, 39.871597039941875, 63.03246245079893, 53.423258946419885, 63.67340577694337, 73.28260928132241, 64.81708070105591, 56.61869876775131, 44.9736301568602, 44.29098300973868, 55.93605162062979, 51.81745798088875, 36.02927132489916, 37.43098379131736, 26.163391166004537, 24.76167869958634, 31.239430917795605, 84.39018948562808, 83.78551444794137, 75.20661895643453, 75.81129399412124, 80.6190329716763, 39.34239070384859, 31.55580739268769, 37.143175365256646, 44.92975867641754, 38.988736377977865, 92.64476901814616, 89.61541951787466, 98.55557326620179, 101.5849227664733, 97.01009594081711, 71.94210864799258, 77.47423981849698, 89.20351039472648, 83.67137922422208, 81.1821879241801, 91.1002099470241, 106.00548064239347, 111.07045532570078, 96.16518463033141, 101.29262094236135]}