{"X": [55.045888408921044, 43.93123964076463, 33.388951322331636, 44.50360009048805, 45.77980753173077, 95.2204121830429, 77.34622436198016, 81.61003984473544, 99.48422766579817, 89.92637050623591, 96.69670775166625, 103.59761536886668, 92.97654915840462, 86.07564154120419, 95.08103214853222, 47.79354180459538, 41.09395068688071, 33.265875371582666, 39.965466489297334, 40.55310098189287, 82.80885975254964, 95.06420683842433, 88.01411574486102, 75.75876865898633, 85.92623155413035, 56.354859221882634, 69.77540660808192, 61.522515342873874, 48.101967956674585, 60.46826717610133], "Y": [80.94147819659005, 95.03753344331612, 86.72500700800467, 72.6289517612786, 85.58638078641947, 92.91653990211955, 87.0868931149408, 74.01367589348956, 79.84332268066831, 84.3559180263068, 28.605122817973257, 35.24152093875741, 46.285915108694184, 39.649516987910026, 38.19669105942719, 28.46878833805524, 35.33664030892334, 27.70035110618108, 20.832499135312982, 28.236585959350645, 44.07117791162884, 59.167737805755166, 64.89098296522151, 49.79442307109518, 56.04751646856369, 49.16835355281924, 58.060939323392645, 70.51607005312786, 61.62348428255446, 61.4917091926776]}