{"X": [48.965240269144665, 58.961998404302925, 56.06744575566491, 46.070687620506654, 53.09620015105472, 24.61598357458915, 38.06829672413156, 34.18134334584503, 20.729030196302624, 29.401740782099044, 55.141086864129775, 68.90611357681749, 70.57819425966518, 56.813167546977475, 64.52834039256915, 96.24353870603669, 82.861650428926, 82.63081972118552, 96.01270799829621, 91.08162470074316, 21.971106966445703, 33.008607271089495, 39.767517469479955, 28.730017164836163, 31.10749795388005, 26.28448092208299, 25.56108691399659, 41.50731863839718, 42.23071264648358, 34.646136659852175, 92.23698497519017, 102.65624039924344, 98.71198435922749, 88.29272893517421, 95.73002480036716], "Y": [29.964709643408753, 31.65582601663329, 48.766501068960935, 47.075384695736396, 40.08334253061428, 17.729627293168015, 21.76513846921069, 34.722236532226724, 30.68672535618405, 26.40760612618337, 56.06655618841804, 54.910285331736446, 74.81585947309507, 75.97213032977666, 66.45755305183494, 95.3725791797466, 95.54601380837278, 77.73555250443425, 77.56211787580807, 87.8446480247275, 48.20339031513704, 41.74770263317836, 53.30363238831181, 59.75932007027049, 51.9711406442438, 96.05674247807946, 86.18617640567894, 85.01750903681918, 94.8880751092197, 91.3558349308356, 40.86910936369609, 43.41861619120997, 59.537894906327416, 56.988388078813536, 50.39120703454788]}