{"X": [91.02038277196783, 82.52221192534802, 78.66447985827952, 87.16265070489933, 84.9971701635051, 94.9421962443533, 95.25017882361954, 103.9635079137475, 103.65552533448127, 100.52912199252702, 69.76775911926954, 73.1570166842351, 55.385088725675345, 51.995831160709784, 64.25053948473648, 81.83250035407134, 71.56985420984944, 72.3096043811356, 82.5722505253575, 78.89533416469432, 27.18603946902781, 33.68741056483515, 26.13507789023423, 19.633706794426896, 27.11229504253526, 78.51999512505644, 63.5183217002031, 65.40496939398734, 80.40664281884068, 72.70616451841673, 41.31165958047295, 53.898215728673264, 51.2715507347953, 38.68499458659498, 46.65689620664086], "Y": [94.02437716869056, 95.82817802965107, 77.65340780087163, 75.84960693991113, 86.22792395704356, 81.60710713668637, 64.3928394335233, 64.54873067522162, 81.76299837838468, 74.24366373608585, 83.19116209222061, 94.91584844098908, 100.0531834183037, 88.32849706953523, 92.38363853883287, 70.6191614403043, 70.14922916413413, 53.99414761725982, 54.46407989343, 62.326042819468306, 41.122188267437316, 57.036098465339606, 60.12148205403448, 44.20757185613219, 50.66246954824167, 43.25005883445207, 39.713802379088285, 31.71017681426984, 35.24643326963362, 39.17978593948915, 34.507271006702496, 36.91805953223899, 50.631691432241524, 48.22090290670503, 42.92985253061928]}