{"X": [92.31050666575842, 84.7358950196491, 97.94333424213366, 105.51794588824298, 97.25378905229846, 29.77780905383871, 39.39809936022771, 35.824231786564766, 26.203941480175764, 32.99370723748272, 62.134847234710705, 54.27583420334314, 56.44898921676865, 64.30800224813622, 59.78555451660418, 44.32844845497465, 39.41417651190164, 50.46943126538636, 55.38370320845937, 48.8099611079969, 91.07830730899931, 96.29663738930273, 84.88621795124925, 79.66788787094583, 88.78511439414109, 94.03725069563907, 107.14866631867537, 104.62340409563669, 91.5119884726004, 100.32938035813085, 43.81607777144788, 49.11833598242745, 39.089292804175585, 33.78703459319601, 42.8267177270215, 19.484694106649787, 16.581532464569904, 32.47070266466629, 35.37386430674617, 27.533383919917483, 70.0847780664861, 75.56207588007892, 67.5391262422422, 62.06182842864937, 69.51655383457904, 56.1051855460707, 70.50186553886384, 70.59565755924022, 56.198977566447084, 63.876777961080876], "Y": [93.95054482816352, 86.62360848710541, 72.96971301249766, 80.29664935355576, 84.66444741382203, 78.0988747805227, 82.15698137176143, 90.62931762075401, 86.57121102951528, 85.5736253054731, 106.05870939364532, 104.21163895002135, 94.96518404157509, 96.81225448519905, 100.66645393846879, 36.78565072374362, 29.711885365034057, 22.031601173576867, 29.105366532286432, 29.741595744724997, 18.292053827970335, 33.449229532986315, 37.377622008028254, 22.220446303012274, 28.746158061398635, 43.06452602920222, 46.48560371492837, 56.16377112444308, 52.742693438716934, 49.918024044386016, 53.01404619356352, 62.062628866431375, 67.93941404513174, 58.89083137226388, 60.91163631165317, 57.16220581255307, 49.00476829740521, 43.349949690000585, 51.50738720514845, 51.079184057106666, 40.27245720180693, 53.82738244449679, 57.06930991536849, 43.51438467267863, 50.202812754275534, 76.60722994785459, 76.48685451017818, 87.70420689784856, 87.82458233552498, 83.15561786624579]}