{"X": [35.98405511466372, 44.57522638962936, 38.616659856228196, 30.025488581262557, 38.732236118872564, 93.90322626947285, 94.3737806224938, 84.98593389040171, 84.51537953738077, 90.39078453229128, 66.40454843300856, 68.88872184357541, 56.34041945409656, 53.856246043529715, 62.159160426291756, 58.67920962776865, 59.59847809813857, 75.38475077912133, 74.4654823087514, 68.0632286272401, 91.64173888312584, 93.0335415182679, 110.83541474712854, 109.44361211198648, 102.10775204747696, 23.009610083728294, 31.552616391612773, 47.207868678702056, 38.66486237081757, 35.23704469321539], "Y": [33.24143694401266, 36.81215013806903, 51.148520173875255, 47.57780697981889, 42.914681778103855, 75.39125684229174, 90.53633177780974, 90.82801023856925, 75.68293530305125, 84.29770015456532, 74.60617895885801, 87.74357562611651, 90.11635616500243, 76.97895949774393, 82.52159298785352, 49.34729982650471, 31.584912430921054, 32.401909741986216, 50.164297137569875, 41.02258291531059, 66.81918853336174, 52.26779373056424, 53.97049607670839, 68.5218908795059, 61.13795458847629, 89.4826690546748, 77.07997105301803, 87.86334407574753, 100.26604207740431, 90.41415819445011]}