{"X": [58.07989828831775, 67.71872600865993, 56.091052214163625, 46.45222449382145, 58.6234387121947, 75.8421846391397, 88.1068669357435, 79.41854409976906, 67.15386180316527, 78.92887218122752, 32.88018720531035, 36.49798991447031, 48.77862830100514, 45.16082559184518, 41.64275173689916, 62.89292501720177, 50.34335082790693, 59.45317984716156, 72.0027540364564, 61.18617781939115, 39.32780588059156, 27.535152705530223, 41.25743618021075, 53.05008935527209, 42.39169365161617], "Y": [35.93656940040579, 50.15798740248094, 58.03885726209221, 43.81743926001705, 47.98474430868889, 81.96176857036802, 91.3116578593761, 102.70853283615553, 93.35864354714745, 93.5392846546384, 93.1164635063647, 84.06926829917413, 88.98006394440439, 98.02725915159496, 91.67793665012309, 86.48058295917431, 70.92738184790579, 63.5768387467755, 79.13003985804403, 77.36494766356698, 37.193157197051846, 25.840287684022023, 11.586434981755172, 22.939304494785, 26.016265213213256]}