{"X": [57.18955237715841, 73.24785879580895, 66.10889039471337, 50.050583976062825, 63.38164855854893, 98.87841859056135, 113.46979603095014, 102.22080568570078, 87.629428245312, 102.4452061923467, 87.16028237424491, 82.63157519455642, 68.88757403732127, 73.41628121700977, 78.86775740090195, 88.51102511527189, 85.05944889113407, 74.9174358375454, 78.36901206168322, 82.20019992617043, 37.08800558454543, 46.27203552062305, 46.93013950995365, 37.746109573876026, 43.02970279230299, 45.82710102089743, 37.85892145777732, 27.03726743372549, 35.0054469968456, 37.03395183013449, 30.01487913736735, 20.660844119770125, 21.552406616789607, 30.90644163438683, 26.345928276067596, 96.99286958622432, 92.52399737640151, 84.41165671793163, 88.88052892775444, 90.82967153693939], "Y": [68.69762811240341, 75.19899814210899, 92.8321649321937, 86.33079490248812, 81.97810440871197, 61.17186877955105, 71.9892937500726, 87.16279986618748, 76.34537489566593, 75.01998233007451, 32.2509698742562, 42.83256224533332, 36.95040816722438, 26.368815796147263, 35.25370669334283, 92.80988337304764, 103.80198834206196, 100.61734525328684, 89.62524028427252, 97.0571750226284, 23.990906646627735, 23.594962951599445, 38.85987767295262, 39.255821367980914, 31.86207067335719, 82.66950243147502, 87.95364391373099, 71.63521589223288, 66.35107440997692, 77.37229933847952, 49.70420836481887, 48.71474088916298, 40.28626090100717, 41.275728376663054, 45.37687830265327, 45.92223708179373, 54.26108547164165, 49.91360101930557, 41.57475262945765, 48.003857744702614]}