{"X": [77.6080929091892, 66.71701381257053, 57.8680904868693, 68.75916958348797, 67.94263701535935, 94.44710034631267, 103.57890118993515, 94.49001671701406, 85.35821587339157, 94.88853522781858, 54.380195993164804, 59.27189555013706, 45.77853570473803, 40.88683614776578, 52.1142558021672, 93.12634043174542, 87.32582577469891, 71.34299806210142, 77.14351271914792, 83.02358294166595, 35.537780815044854, 24.575148557783606, 15.941262585554783, 26.90389484281603, 26.471154721040687, 114.5948193531662, 109.54007418546807, 93.14947565828058, 98.20422082597871, 105.11671406323156], "Y": [50.41457451923762, 62.49874690173746, 54.52349457914612, 42.43932219664627, 53.27666833346961, 18.484889077382412, 34.27911161464388, 39.53406371510979, 23.739841177848323, 30.60343306137542, 72.82830655521622, 79.59237193916886, 89.35062509479326, 82.58655971084062, 81.62227042130392, 78.31229271204435, 96.19107840090952, 91.00568001752214, 73.12689432865697, 85.36033667373066, 87.91045617394924, 101.83406040228195, 95.03624316239872, 81.11263893406601, 91.83354345726816, 69.21191129801117, 77.19643827209205, 66.82008173025467, 58.83555475617379, 68.3622226415846]}