{"X": [98.13216355126036, 113.78413898783984, 108.97165883481406, 93.31968339823459, 104.33012424107076, 80.24252816940849, 73.18228378794743, 59.89524539913033, 66.95548978059139, 70.74744044786149, 50.31527659469515, 66.5175661885121, 70.61323675841834, 54.41094716460138, 61.53998001450368, 36.089962563127216, 25.56263460003205, 29.530875946362272, 40.05820390945743, 33.98882364255625, 100.19041128233891, 96.90513978693627, 78.54345558898129, 81.82872708438393, 89.39128515639601, 73.76843314175615, 57.63493599061217, 56.773785190008674, 72.90728234115264, 66.21991790877252, 24.610764956789886, 34.77092289705233, 45.0828234862548, 34.92266554599236, 35.596920435533, 33.05610489629751, 45.20398359635396, 48.24761893336958, 36.099740233313135, 41.739509638975576, 112.29955882293268, 109.34737027915646, 95.57768249442435, 98.52987103820057, 104.75599221767195], "Y": [85.08473375429827, 96.74592862338338, 103.20537141546626, 91.54417654638115, 94.43928118688795, 88.9390879034602, 104.22064033212602, 98.08188325434833, 82.80033082568251, 94.84750195898785, 64.02983154010579, 57.254719905452035, 67.04928038399467, 73.82439201864842, 66.68324401638904, 83.09913181320012, 79.43281918890953, 68.03854314906535, 71.70485577335593, 75.97992906179675, 65.47954784730979, 76.60310733901268, 71.18010243234392, 60.05654294064102, 69.37635801141106, 41.557010087153586, 42.69133651569232, 30.443209663759873, 29.30888323522114, 37.33415231660492, 55.318164335085015, 41.43119427060383, 48.97571536945425, 62.86268543393543, 54.21837882092587, 95.52314440064303, 92.93751518412616, 107.2372116158824, 109.82284083239928, 101.52664810227164, 47.61217445988469, 57.04440584206234, 52.73463937404802, 43.302407991870375, 51.224413677687494]}