{"X": [96.99324141438913, 84.38047151707217, 73.88620220053045, 86.49897209784741, 87.15237490282738, 112.88491082796816, 104.91463258491807, 88.1654354568449, 96.13571369989499, 101.37104634897848, 53.0953408667037, 63.18265357674595, 49.770984417302465, 39.68367170726022, 53.00780894591437, 65.76431776891806, 63.66916883198617, 43.91846585587822, 46.0136147928101, 57.21404258626814, 17.630426094540304, 19.4788329907876, 34.5024643782698, 32.65405748202251, 26.610198404311177, 22.083740246415214, 35.77157352085257, 28.357910899396234, 14.670077624958875, 26.28554657369468, 73.16686053027533, 76.29897572468724, 88.24639766980877, 85.11428247539686, 81.02690363543354, 97.15923503969975, 107.81466636105672, 100.43528607026099, 89.77985474890401, 99.9318251806244], "Y": [34.077320467399744, 46.28852626192391, 35.44915410185688, 23.237948307332708, 34.89578886168414, 93.5359540942552, 111.21461148558811, 103.66337280815972, 85.98471541682682, 100.6733110546359, 41.125744721200746, 57.716609966474614, 65.87095868638086, 49.28009344110699, 54.664714520841336, 77.38342363844231, 92.56675792013688, 89.84135758472178, 74.6580233030272, 85.00289730267257, 82.64067510407787, 73.49062661840193, 76.52555959244813, 85.67560807812407, 80.36118721386283, 21.606273131229905, 32.11950772480962, 41.771815681239424, 31.258581087659703, 32.73015476527089, 85.07422409774966, 74.8932199286042, 78.56876127861881, 88.74976544776428, 82.02184089657835, 53.769858894609484, 61.7244688016975, 71.60936332212961, 63.6547534150416, 63.425067741581124]}