{"X": [92.79395431617824, 92.57004502829518, 82.71499711688203, 82.93890640476509, 88.17700574533605, 72.3583451123378, 61.31805144211194, 55.169285261533275, 66.20957893175914, 63.904199712792334, 100.86047007952739, 86.36889918672755, 81.92609118987276, 96.4176620826726, 92.75629034630921, 34.42873147099104, 35.473378264065374, 51.02037604917858, 49.975729256104245, 42.787029276713646, 55.97269548043364, 58.60176878508942, 70.04886453058174, 67.41979122592596, 63.73187014897669, 34.63455158178609, 26.08237062971537, 18.392515062329103, 26.944696014399824, 27.088098224532022, 54.595888187577174, 49.04224009640858, 40.51742115500306, 46.07106924617166, 47.88335704941539, 92.28899743580156, 84.99063153080004, 74.0195000451085, 81.31786595011002, 83.62996017447415], "Y": [54.8596133356506, 65.10597809065737, 64.89062007709265, 54.644255322085876, 61.06897582269741, 94.96183684251272, 105.13952838314577, 98.46962842870886, 88.29193688807581, 96.9148941249438, 107.37854357207867, 111.69958280193266, 96.79963313133116, 92.47859390147717, 102.30099502627309, 58.709562808126336, 48.991222592144844, 50.66240522387082, 60.38074543985231, 55.66800275706394, 65.96059326417183, 55.284834571007536, 58.10386174324802, 68.77962043641232, 62.93592282285809, 42.82858719514927, 48.36272887800083, 36.47921738219661, 30.945075699345047, 40.014402518823175, 83.41070754763314, 89.94260014113236, 82.69449497654148, 76.16260238304226, 84.0697996326559, 29.20345755405117, 42.11608430313466, 35.9150739641544, 23.00244721507091, 34.29203504612497]}