{"X": [61.241299415308134, 66.09983285502278, 73.62260165395898, 68.76406821424433, 68.07839584482005, 24.315671890417978, 26.558741217361916, 39.7697950971407, 37.52672577019676, 33.22064738252686, 96.16999659490283, 102.95963174371073, 96.2436127039277, 89.45397755511979, 96.87140088624577, 51.389948851443215, 56.941248863554705, 41.16076808257326, 35.60946807046177, 47.33467893743887, 97.76923543631192, 80.30464338248166, 82.9666608280461, 100.43125288187636, 91.03682623112353, 60.47088658690917, 66.35932312383575, 75.96634013810714, 70.07790360118055, 68.81559321292403, 38.97497258793558, 56.22253212727098, 53.63447286353215, 36.386913324196755, 47.36005437639571, 92.05536355047818, 100.46588306217843, 88.10927133663668, 79.69875182493642, 90.66327241873478, 51.644907509661294, 59.44347431940906, 51.27112238140873, 43.47255557166096, 52.619869638632224], "Y": [98.33790554402248, 85.74050521479069, 88.64186762399044, 101.23926795322222, 93.7160565906578, 77.08618769000901, 68.30098656244672, 71.67408062188326, 80.45928174944555, 75.12866057179282, 56.871692328034875, 65.83882475511105, 70.92398651706823, 61.95685408999205, 64.43309399815205, 15.551213420901028, 24.041279933338924, 34.359477443599964, 25.86941093116207, 25.203432538265844, 107.4641115056395, 103.04272105376603, 92.52769207520956, 96.94908252708302, 102.046086841145, 44.03593970195494, 31.672322619020512, 36.2478695336686, 48.611486616603024, 40.542033093762065, 52.2290274772233, 55.876317081949246, 68.11491370581616, 64.46762410109021, 60.66863777859778, 20.517434826869064, 35.220677796704315, 42.288882017323104, 27.585639047487852, 33.28675584598577, 74.89256453166051, 83.57313633513738, 90.9151218660606, 82.23455006258374, 83.1309385823481]}