{"X": [41.61287623663874, 27.998033352742237, 40.0895230143867, 53.7043658982832, 41.209711557763995, 80.62101006667181, 96.87389499873295, 97.17723762815605, 80.92435269609491, 90.4914770492343, 59.763243983831465, 61.87657379883555, 45.19635987751739, 43.0830300625133, 54.43891800838427, 19.848561899445, 26.279162105426273, 37.39296304528348, 30.96236283930221, 28.762997146593733, 74.99261807132565, 91.17673991290266, 84.75928841170297, 68.57516657012596, 81.26954155419227, 107.92546238973063, 97.19398003069287, 85.72171529245546, 96.45319765149321, 97.46662690329669], "Y": [98.81306892360965, 85.42142076630343, 73.12840574367286, 86.52005390097908, 86.91914029128066, 16.728072221957714, 16.40247746500087, 31.54459122961531, 31.870185986572153, 24.913496420109027, 32.50378701320324, 48.67590419016117, 50.85563075377978, 34.683513576821845, 42.32824348752942, 52.2277445258312, 45.35077394791843, 55.74320035186736, 62.62017092978013, 54.09639182408327, 84.45417268031875, 92.12113723632301, 105.66767397184111, 98.00070941583685, 95.12847370812273, 64.17552171250829, 76.71160678630388, 66.89080500234392, 54.35471992854833, 65.78528684658659]}