{"X": [107.60348158000902, 105.13752604528895, 87.00996967013064, 89.47592520485071, 97.57526248429957, 24.118599456492028, 39.211603220536475, 43.97082296022257, 28.877819196178127, 34.085630708861146, 78.27777084809115, 89.3269824408754, 95.23390596658633, 84.18469437380209, 88.60906082769155, 93.97572727981128, 75.98989130783937, 72.80084900092612, 90.78668497289803, 83.58120022827414, 64.88746852602627, 71.887020044009, 58.20542665324664, 51.205875135263916, 63.171558953623524, 25.354142601188844, 35.10686442925042, 41.09318845392916, 31.34046662586758, 34.7634295514081], "Y": [29.299647990095963, 38.07261678731384, 32.977221031609375, 24.204252234391497, 32.130679408618924, 38.849268791018694, 35.064293960472206, 54.04220653872458, 57.82718136927107, 47.17721614001654, 80.52596774707322, 77.03713687406896, 95.74450626907017, 99.23333714207443, 88.69845842787733, 52.172472700739746, 59.52579756329252, 51.72557209903792, 44.372247236485144, 52.72801412421239, 91.3263164184946, 104.02740275941254, 111.56731038748808, 98.86622404657014, 102.90930640463417, 77.32246427752872, 73.55557244131111, 89.0545449427241, 92.82143677894172, 83.53510318483367]}