{"X": [87.79830707590713, 87.2238465790625, 102.87388878694682, 103.44834928379146, 96.49523651944958, 43.535062789007114, 55.172827335405515, 60.90262141123644, 49.26485686483804, 52.96660653850264, 29.17134381284192, 15.104617090099461, 19.2924862259515, 33.35921294869396, 25.238321301197857, 60.363096421503414, 61.82861372185669, 47.73683370930843, 46.27131640895515, 54.552064257002705, 93.4760172767113, 83.28177405412879, 76.10869594161258, 86.3029391641951, 86.15302779624966, 69.17302928253353, 82.89746539486418, 82.17831412678517, 68.45387801445452, 76.73884213298719, 26.176745026628588, 29.548272323836205, 36.94177739036484, 33.57025009315722, 31.974299936787332, 103.2322974658683, 92.7903956499354, 92.47015863727984, 102.91206045321273, 98.19396783213989, 67.7474234264202, 69.3076768601583, 83.25816173791429, 81.6979083041762, 77.19267252963854, 100.89892339715688, 107.65569999411215, 97.64872270814082, 90.89194611118555, 99.84162528002807, 28.735511674282108, 23.773016014393647, 37.70914055885946, 42.67163621874792, 34.17749925526519], "Y": [83.54238812125098, 70.91155435757396, 70.19977782796477, 82.83061159164178, 78.03297622931048, 40.13953163957804, 30.011973226103464, 36.596185494397986, 46.72374390787256, 38.69744194746462, 99.68346233339068, 95.70764198986683, 80.89067200766044, 84.86649235118429, 91.58932829338683, 68.13544562897995, 78.21860984093409, 80.26675137339849, 70.18358716144435, 74.65561535508321, 26.223307758899224, 34.205254943508365, 25.044068926821637, 17.062121742212497, 27.014594711255004, 38.60393458863477, 39.296603828541635, 53.545750557186764, 52.8530813172799, 47.572492989287134, 31.258089842591275, 23.906961268299863, 27.297924152695735, 34.64905272698715, 29.560599002132026, 97.98591518158456, 98.39155692171548, 90.14811668083225, 89.74247494070133, 95.1830248752541, 109.66539599656723, 91.63734534359703, 92.84470227595865, 110.87275292892885, 103.06901646244229, 31.32270601226852, 49.59408462819588, 53.2946762120829, 35.02329759615554, 44.35848401947955, 68.32576537442195, 53.91484264208329, 49.11584684895594, 63.526769581294595, 59.7310732003809]}