{"X": [42.50164133667858, 45.36247348480092, 30.482971769334117, 27.62213962121178, 36.53620484531728, 76.09951790362591, 91.6733149644404, 95.21025810048734, 79.63646103967285, 85.71409863261839, 99.58718272040677, 111.14903213604923, 108.29022816503603, 96.72837874939357, 105.09332315327745, 69.2134674034287, 65.06862913819829, 74.37535514485825, 78.52019341008865, 72.57248042439238, 76.35204572151608, 60.849041002075545, 61.342377283297054, 76.84538200273758, 69.03388615175194, 73.05732765851054, 61.55307842899335, 67.37454682103835, 78.87879605055555, 70.26660731227322, 20.030269658306363, 20.15942858731403, 34.88106420251316, 34.7519052735055, 27.75352388295374, 90.20960549576675, 106.24884273735555, 100.43102463250712, 84.39178739091832, 96.63171652542113], "Y": [55.33724684524894, 68.74256555518525, 71.91800343747124, 58.51268472753493, 64.18406097137904, 75.34613514392908, 68.32730861311666, 76.17529208651075, 83.19411861732317, 76.18740256854977, 91.37292093695427, 93.40059635265355, 109.70155890601987, 107.67388349032059, 101.56163699500564, 110.31966026235256, 100.0098504858728, 96.2682805720979, 106.57809034857765, 103.57947441318848, 49.281224850180806, 48.54897593815583, 38.104174217798345, 38.836423129823324, 44.32224382325402, 33.98257948793877, 28.805005876568824, 15.87006215760888, 21.047635768978825, 26.029399790338807, 39.892494877805774, 20.1678357724176, 20.264234431534643, 39.98889353692282, 31.06170593358022, 23.701113383031235, 28.68639241009156, 47.404174164245156, 42.418895137184826, 35.63299712798058]}