{"X": [98.67343997302409, 80.44645704074853, 77.09547172984087, 95.32245466211643, 89.4445214952566, 39.10998898919752, 47.10521256356078, 36.9477734647881, 28.95254989042484, 38.10250538294809, 105.48629297904621, 92.78991300794145, 91.87290978831497, 104.56928975941973, 99.05213544905823, 96.1383348270421, 107.33316608862843, 107.04757432515932, 95.85274306357299, 103.2041441554046, 56.513302702010094, 47.935031162194036, 61.158176190014245, 69.7364477298303, 59.20198770970572, 84.01155423806166, 87.45317513694236, 70.49929097140402, 67.05767007252332, 78.83688529896028, 70.99655826565021, 72.45430038252478, 55.49784900919539, 54.04010689232082, 64.9039189835502, 79.90155565525735, 72.53082198453262, 82.74574901813888, 90.11648268886361, 82.65652318028843], "Y": [33.53269749807129, 36.88689803476355, 18.67738688596011, 15.32318634926786, 27.731923873431995, 82.5846397074706, 99.76835462970709, 104.49439884687318, 87.31068392463669, 95.69795519114794, 51.94158655666595, 53.17534520934795, 43.7386362664805, 42.5048776137985, 48.47513755339131, 70.17194094543873, 70.36412618583061, 86.99990734788224, 86.80772210749036, 79.67059227014802, 97.68455920391267, 83.00070933055666, 75.27577822343378, 89.95962809678979, 86.68528660700767, 44.60514114099112, 54.03400083206212, 60.22232518655167, 50.793465495480675, 53.138242321597, 24.993382846271082, 44.051691955074574, 45.348666055899706, 26.290356947096218, 37.14947872177351, 110.96567245130909, 106.01340671638674, 90.80996032221249, 95.76222605713484, 101.94804661955641]}