{"X": [82.84259313822886, 87.1441937455541, 77.10350401212406, 72.80190340479882, 80.49063318743322, 76.88115210130789, 74.67266763429635, 85.49473071487498, 87.70321518188652, 81.51044279054842, 37.97046891507004, 30.760564038406947, 19.4705995762137, 26.680504452876797, 29.564705636329407, 110.28568763207534, 102.29973008316065, 93.51008598952697, 101.49604353844165, 101.9374128102578, 70.22891433020342, 80.327177439781, 87.08225640468933, 76.98399329511176, 79.56043518065691, 26.930247496178684, 36.30020592830115, 25.295065816374635, 15.925107384252161, 27.804665646169614, 68.07037714792898, 57.45672273240836, 53.78116191398465, 64.39481632950526, 61.94673074696032, 82.73388979862207, 100.44471722458798, 106.34809753752955, 88.63727011156365, 95.05534352185545, 88.62887715796623, 93.68846682713014, 105.32539003872293, 100.26580036955902, 98.27751480298078, 48.49528431702236, 52.170333725389234, 67.40575097017539, 63.73070156180851, 58.344009530017146], "Y": [50.07943794872777, 62.10462611047164, 65.69634014224805, 53.67115198050418, 59.381941578380115, 33.61751275477454, 22.647925563780873, 20.46914182303082, 31.43872901402448, 27.248361800917888, 43.82254763834667, 54.68785408117572, 47.196158355737374, 36.33085191290832, 45.77477455446549, 33.17444682932058, 38.27879203674407, 24.52703314321524, 19.42268793579175, 29.342094903047887, 94.37979000734703, 87.22034334244097, 96.74825351572144, 103.9077001806275, 95.73430538593713, 72.0192876512192, 83.44493946984234, 92.47004429759136, 81.04439247896822, 82.4773521308823, 83.02389030493416, 86.21455661053028, 73.98791534705632, 70.79724904146019, 79.82552350498118, 74.86797749941508, 66.20505016183628, 78.27415173432792, 86.93707907190671, 78.64065817559484, 105.7276169195057, 94.08341786458053, 99.13984606410746, 110.78404511903264, 103.85120608063208, 58.7787040010208, 40.78699744318037, 43.899037479608936, 61.890744037449366, 51.90758662064786]}