{"X": [83.5573588367762, 98.93392020277926, 95.54953574249446, 80.1729743764914, 90.1099178695014, 62.432750415393585, 77.95255875159648, 70.65659807705846, 55.13678974085556, 66.64910105562953, 94.69110781856078, 85.06123990536082, 76.16756363165338, 85.79743154485334, 86.36402340619897, 23.23319372504406, 23.5616356978623, 36.685307666218286, 36.356865693400046, 30.01493906454004, 35.483605922414185, 35.71005973134666, 19.668531842590383, 19.442078033657907, 29.502556356263483, 39.69534486983833, 52.70145728052339, 64.82310923957914, 51.81699682889407, 52.767791643782544], "Y": [68.39280780251158, 71.27857710834093, 89.31196433530809, 86.42619502947875, 78.91849589567379, 89.57181304363226, 97.68153107436723, 111.64402778117835, 103.53430975044338, 102.24458236087195, 44.581025376166856, 50.68410832308636, 36.651048552566316, 30.547965605646805, 41.71577745546554, 101.09195628754905, 90.39984415783445, 90.802979166111, 101.4950912958256, 96.15600533061814, 63.240643067187506, 72.10036513327775, 72.51038534208419, 63.65066327599395, 68.14312445163749, 36.4421808582728, 26.42996930728992, 42.17629739673216, 52.188508947715036, 39.616116584406186]}