{"X": [57.101429781834256, 48.77233900220461, 63.1338641588967, 71.46295493852635, 60.43432803211422, 88.27086439190023, 74.798507342156, 86.34918402312906, 99.82154107287329, 88.48349667477537, 46.32393891781779, 55.204585936588046, 62.717155495300055, 53.8365084765298, 55.77385861429381, 30.25110547036223, 39.94527005650451, 33.213918155075284, 23.51975356893301, 32.195017344805116, 103.57764574051079, 109.41137014946385, 95.90864598270083, 90.07492157374777, 100.5994614586032, 35.22875455257873, 22.70778514673002, 25.0303340121677, 37.55130341801641, 30.17631850223386, 75.13455541050743, 71.28771746698222, 63.04012800418411, 66.88696594770933, 69.72786092597107, 51.23210231677113, 37.772846000603685, 30.746589456514247, 44.20584577268169, 42.17967651917246, 103.8320741329954, 98.95691251927013, 91.37025835498083, 96.2454199687061, 98.13767530613028], "Y": [112.10410543777213, 101.60028818377711, 90.21219527702671, 100.71601253102173, 101.46824551644508, 81.89741539849382, 68.61381795379278, 56.89900643078175, 70.1826038754828, 71.71924414473796, 68.93292184223252, 60.26250712337876, 67.95723460968982, 76.62764932854358, 68.50944064194283, 58.33856760325808, 70.86681401136111, 76.07543069194388, 63.54718428384085, 68.34615574438601, 83.51963601236527, 92.13549587776531, 101.27807395930289, 92.66221409390285, 93.19617775478348, 94.42139990408693, 90.9834959882307, 82.52468969244997, 85.9625936083062, 89.20205832330207, 26.182881531633246, 40.128107215298975, 37.85298160544434, 23.90775592177861, 32.05903478452322, 25.600217612157255, 35.642328272114504, 26.225165787823453, 16.183055127866204, 26.430759417300415, 43.27089336100178, 52.056393927575115, 47.846484101938614, 39.06098353536528, 46.289995186656704]}