{"X": [50.64409809082694, 47.27219029408084, 56.60441804697681, 59.976325843722904, 53.703483623839254, 95.78638793911887, 100.9228464668467, 88.30683071859963, 83.17037219087179, 93.23793088511194, 77.464967997107, 58.1699531461082, 55.04039466985829, 74.33540952085708, 67.80142870208282, 53.35015870287878, 44.98521848885394, 49.23195350357624, 57.596893717601084, 51.87535678465377, 32.815607667282805, 22.75478799260301, 25.487608627200323, 35.548428301880115, 29.340530078268962, 97.78339667492207, 93.41416161776701, 81.52976623266002, 85.89900128981509, 89.93121402103245, 29.41031187863186, 27.326971578068022, 40.54597830261403, 42.629318603177865, 35.88711183327649], "Y": [95.07463482903201, 84.34733754659258, 81.41394149234951, 92.14123877478893, 88.9678613472048, 40.85988059875929, 51.451038155590425, 57.56950455818267, 46.97834700135154, 49.74067212233523, 58.95112962491902, 62.71935104170295, 46.69458216603324, 42.92636074924931, 54.380265822957966, 38.93612433996722, 36.85460983755893, 19.788341761185986, 21.86985626359428, 30.152423342338427, 42.23042507230423, 40.52300202904067, 24.420129506379368, 26.127552549642928, 33.94115198650072, 92.80795890202177, 102.3833062558065, 96.9604516030009, 87.38510424921617, 95.01345535248339, 100.76373143748069, 84.37093197278965, 82.69094500643959, 99.08374447113063, 92.56722195607776]}