{"X": [92.85028661589784, 86.85739842620852, 97.95122625239686, 103.94411444208619, 96.86393775936254, 31.874225562705753, 50.56435862217237, 55.77518470730869, 37.08505164784207, 45.7888570438569, 76.16139910471824, 75.12167807461904, 83.74980074863933, 84.78952177873853, 80.14668418581745, 58.08356728742157, 61.68578021423268, 69.43732122844496, 65.83510830163385, 64.73412062193765, 78.7569882892996, 94.8068516265457, 97.1932603847573, 81.1433970475112, 88.98927939132241], "Y": [48.13947779824141, 37.491365500414396, 31.247623145107106, 41.89573544293412, 41.21671990309659, 54.99421696264442, 49.43135180977541, 66.93870282487387, 72.5015679777429, 61.247540039002715, 64.81284329891743, 47.994519659193635, 47.46112282448972, 64.27944646421352, 57.03710750122066, 42.968031426109356, 35.70208241915736, 39.545035516871884, 46.81098452382388, 41.96443222363622, 91.66975520137673, 89.25057714002527, 105.08303488590379, 107.50221294725525, 99.52389356399962]}