{"X": [96.9200245503652, 88.67264722938167, 86.31572806762883, 94.56310538861236, 91.85419091486824, 68.07098908437828, 74.27038148990225, 86.1797488310007, 79.98035642547673, 77.97751667967427, 103.5780221332073, 105.48151756332317, 89.83162498254285, 87.92812955242698, 97.44277482574681, 52.08406937257253, 50.992497971501415, 40.28936285092408, 41.38093425199519, 47.423188411557746, 31.500395857568584, 23.53746937772096, 27.587634503026116, 35.55056098287374, 30.940994838275863, 34.5408918126179, 32.07702108466178, 47.21162746914818, 49.675498197104304, 40.93867834629346, 61.91594020544774, 75.35865953284843, 69.30001082913888, 55.85729150173819, 66.35009611178816, 28.530917999815777, 23.666508252771475, 34.05218709556657, 38.91659684261087, 32.74477235294914, 50.65914036480881, 65.68359322046255, 70.19203166235845, 55.1675788067047, 61.4140589140466], "Y": [90.36812715785877, 92.89183394467123, 85.18951220761107, 82.6658054207986, 88.68360543215152, 67.02014178180961, 58.39769316380811, 66.96032365543674, 75.58277227343825, 68.08467608012731, 19.815996494413845, 35.85521797951701, 37.7125088110569, 21.673287325953734, 30.75310044613424, 71.43566629184264, 80.93864889664852, 79.70922054922488, 70.206237944419, 75.9785419306095, 102.1961865164938, 100.12075296872509, 84.58126862401032, 86.65670217177903, 93.94630381519427, 46.899307396337576, 38.682093978910274, 34.14409408094136, 42.36130749836866, 40.714044858649764, 39.13168499841298, 47.79121617797456, 57.196426730194204, 48.53689555063262, 48.773401609139455, 31.87780909809119, 23.57086970174305, 17.489183658051232, 25.796123054399374, 25.57573055389357, 90.02090198730036, 82.59370303165866, 91.71380621287597, 99.14100516851767, 90.97974005808291]}