{"X": [53.93355515868213, 43.4809906013423, 40.487530284532376, 50.94009484187221, 48.479272154806516, 62.12236217257956, 70.89344189460513, 70.543123322018, 61.77204359999243, 67.54540245662484, 71.87255304433893, 66.95835100437905, 77.18271012589281, 82.09691216585269, 74.97031007652596, 103.88275896362272, 87.98480128792153, 83.59843787943909, 99.49639555514028, 93.90038848332705, 73.59270828579962, 61.846740238080834, 72.69482669163098, 84.44079473934977, 73.75217840803181, 107.73089076362443, 91.55814541610184, 97.13210474632386, 113.30485009384645, 102.50635109989145, 35.542813074596644, 24.440097285182087, 23.292167780641922, 34.39488357005648, 30.204150808499254], "Y": [73.93654829520835, 76.31534759117457, 63.1619313847932, 60.78313208882698, 69.35900668448238, 27.829893151410225, 28.021574773680033, 44.05165680179852, 43.85997517952871, 36.55011326152516, 103.58669376396446, 93.85735109470642, 88.69312076998122, 98.42246343923927, 96.9520385352481, 102.5057384180745, 110.72523698845733, 102.24123772485622, 94.0217391544734, 103.28753145387778, 84.86697855566103, 75.29981745700772, 61.98120856682954, 71.54836966548285, 74.61236662686905, 71.05798047977144, 61.48813772549283, 52.06831473155444, 61.638157485833055, 63.85218490181366, 36.722915130750636, 37.832622564475706, 26.347491756250026, 25.23778432252495, 32.07245568313155]}