{"X": [94.75232123087544, 75.64762310631752, 70.85446695806566, 89.95916508262357, 84.15192965083159, 41.690841250684414, 38.82573002799493, 27.65344795882332, 30.518559181512806, 34.71091436388668, 32.7704696477497, 44.157825478404476, 51.187866016698315, 39.80051018604354, 42.01974565678389, 77.5243767477703, 83.16171208908047, 67.38751646663624, 61.75018112532608, 74.3550248662158, 40.69548486887528, 43.82427991518302, 29.53226825998394, 26.4034732136762, 35.58995657919352, 108.11116739557357, 90.31981545490069, 92.0167895277493, 109.80814146842218, 100.5684380103696, 63.135587268893936, 54.19882058991652, 59.576206214771794, 68.51297289374921, 61.77751646189563], "Y": [90.13840808030307, 95.91932269591203, 80.07895705048819, 74.29804243487922, 86.53877488001376, 93.33330770688542, 102.31509839423134, 98.75123993285197, 89.76944924550605, 96.33743660395551, 24.931766707593425, 15.833692519988066, 24.63265057009275, 33.73072475769811, 26.431107203975202, 43.19205618894037, 50.8432964038201, 62.46552077082001, 54.81428055594028, 52.95548216674164, 52.56346058406638, 69.92909297765718, 72.50410863243191, 55.1384762388411, 64.15027509140164, 49.13583027448743, 47.27000753921539, 31.088693851961747, 32.95451658723379, 41.547785224279714, 39.40222508656281, 31.495606193041237, 25.41760479707226, 33.32422369059383, 32.687558025423684]}