{"X": [92.96290744737296, 99.19521717190436, 86.73876927542851, 80.5064595508971, 90.34503654034168, 39.84341755632758, 28.146997942985298, 24.301730667365703, 35.99815028070798, 32.38368203410715, 35.29171690967598, 18.63347483284789, 19.99682658285209, 36.65506865968018, 27.65342974906046, 92.95081487687455, 108.74089828067606, 108.35003388053275, 92.55995047673123, 101.63410314383255, 71.0149797221544, 64.39595322648917, 73.72612855338981, 80.34515504905504, 72.60780451867643, 43.89784690757311, 56.14420513453985, 63.922922765576544, 51.6765645386098, 54.81265057107027, 22.90772303033436, 31.48634448800818, 35.1307522690046, 26.552130811330784, 29.507080833561247, 45.478238453566256, 57.55756603627388, 53.524793168264914, 41.44546558555729, 50.3687099563987, 18.315956621248763, 19.67761216143006, 37.50579320690325, 36.144137666721946, 28.163328555910066, 83.10020976203214, 73.74079109968469, 81.22233392069023, 90.58175258303768, 83.37232711013738], "Y": [80.60113236514685, 96.84547407771859, 101.6245191588895, 85.38017744631776, 92.34549650334385, 46.23094072241861, 50.217883266880165, 38.93709376978086, 34.9501512253193, 42.58724217413054, 106.23212490357783, 103.94122727556586, 94.02762694278023, 96.31852457079219, 101.09170389118088, 56.48793019883399, 56.99663833451608, 69.12890248548044, 68.62019434979835, 62.900051239492164, 67.4113044176506, 49.624556116632085, 46.15249497016492, 63.939243271183436, 57.50127736680903, 96.55824262204922, 84.28738008499056, 92.05056399878669, 104.32142653584535, 94.48276729166494, 21.505752603238836, 18.398620434242552, 28.46063038107682, 31.567762550073105, 25.183994895328997, 63.743843641223734, 67.94470831135664, 79.54069827163177, 75.33983360149887, 72.61236680820359, 80.3783050343584, 63.520464303083344, 64.96049697861376, 81.81833770988882, 73.76882549480524, 37.02905972320262, 29.6717249193773, 20.154298654411928, 27.511633458237252, 29.550288463012453]}