{"X": [80.3502665327932, 64.61970081838287, 56.05779645806681, 71.78836217247714, 69.99004607879158, 75.62022430812225, 73.23130492679694, 88.24981520938077, 90.63873459070608, 82.57885771894183, 56.62855466308734, 51.74094156553185, 59.588431116283516, 64.47604421383902, 58.323739454796964, 53.85494502856423, 71.609894881472, 74.89402262254995, 57.13907276964218, 64.60399076707274, 42.08237407248797, 37.688764694049695, 22.378232119848256, 26.771841498286534, 33.4397928614873, 23.614622172662447, 25.19027405364888, 39.118285751181624, 37.54263387019519, 32.34616781406249, 34.78401726079743, 25.494623172779786, 32.552505991855256, 41.8419000798729, 34.183510913450824, 110.8221502487337, 96.27184285107185, 92.78739886808906, 107.33770626575091, 102.77715631603586, 80.16796508707428, 92.25259010842109, 94.20639558894469, 82.12177056759788, 88.39213126087171], "Y": [39.51093237944885, 49.03620179677659, 34.8965913270254, 25.371321909697663, 38.89566761343092, 62.030375083920696, 52.95291068804728, 49.00048424735444, 58.077948643227856, 55.925664007225656, 69.9077635787733, 52.35688586718084, 50.1714970027909, 67.72237471438335, 60.168412180899765, 93.05562893275597, 88.51512089109302, 101.35719116568428, 105.89769920734723, 97.94483507097294, 80.63895897059766, 97.62895559313264, 93.66965524708823, 76.67965862455324, 87.66632214078182, 52.78655280043257, 42.77818294789341, 44.970917444415925, 54.97928729695508, 49.49402423347577, 38.65183704136349, 28.059657987786967, 21.86985940131925, 32.46203845489578, 30.49101566908154, 41.98956307625294, 48.04177070957048, 39.66470664732157, 33.61249901400404, 41.15153336502326, 73.12352782074667, 71.27071174597438, 84.01402011762796, 85.86683619240026, 79.57675324079293]}