{"X": [58.62580462532945, 46.345341282173095, 42.41387765023279, 54.69434099338915, 52.351192204195165, 77.51002346341305, 69.3117634612752, 60.74283788548014, 68.94109788761799, 69.39921739245649, 51.113538070954235, 57.11068702096706, 45.616790594292695, 39.61964164427987, 49.487756531640784, 75.00684902956105, 82.58725198425385, 90.46086197280793, 82.88045901811513, 82.94961099740266, 87.83181411516868, 104.66734341189111, 97.4917755268895, 80.65624623016707, 92.94276941601073, 66.69213628158845, 73.92696102110169, 80.44216167272783, 73.20733693321459, 73.6254073906116, 88.84940283020535, 87.23636378044054, 106.80619205376249, 108.4192311035273, 98.39732380597584, 54.5693111480228, 49.667049100588265, 39.84882023813913, 44.751082285573666, 48.637592204577466], "Y": [42.869312200854566, 45.4590830827523, 26.816431968528537, 24.226661086630795, 35.43669011053419, 69.40893034725832, 83.64806860628244, 78.71446388025097, 64.47532562122686, 75.9585877067758, 49.697867569086, 67.70759388484316, 71.53500401191863, 53.52527769616146, 62.570345652536716, 55.441604624980705, 49.64554510959101, 59.94308195559099, 65.73914147098068, 58.07097587414805, 27.31547079129431, 36.491073586652874, 49.65690977669302, 40.481306981334455, 39.18145639457771, 100.34135439861886, 91.31807077585037, 96.54192683844143, 105.56521046120992, 99.03641629542877, 106.30112242985427, 96.89797682696684, 93.5409196744788, 102.94406527736624, 100.02947118629885, 88.9227575326497, 95.70583114670237, 88.61000210753413, 81.82692849348146, 89.6972827418896]}