{"X": [63.67658669591366, 79.07850692125237, 78.22382266837901, 62.8219024430403, 71.70244810923948, 57.297072050483514, 47.84643037975698, 59.608984639638315, 69.05962631036485, 60.20768502349128, 45.252713272015534, 55.29120073806915, 44.73410114454801, 34.6956136784944, 46.12239259904858, 75.20337753075775, 84.03161473798039, 77.07396417845452, 68.24572697123187, 76.61718126603863, 89.86123007670616, 86.84108736823889, 105.98047093486682, 109.00061364333409, 98.79659483930054, 37.203783841513484, 22.67248984186897, 22.50570486537606, 37.03699886502058, 30.636997598224827, 56.447478960877184, 41.74461811165554, 41.0618003154782, 55.764661164699845, 50.422200423737095, 96.62805441434844, 105.13840911457989, 98.2128641518402, 89.70250945160875, 98.47343677491415, 18.104232483664347, 23.474761557976255, 32.61435109559018, 27.243822021278273, 26.640396213028964, 29.74087247184748, 20.24553298994161, 21.6191629523816, 31.114502434287473, 26.6688089686296], "Y": [26.983239886970118, 28.091623140001637, 39.96818176230553, 38.85979850927401, 33.724079873217974, 106.07493986867259, 92.886510259946, 84.45763064799728, 97.64606025672387, 96.6547338052921, 43.029128015711485, 52.81506042487881, 63.644617335384716, 53.85868492621739, 53.8904544609475, 59.24114277313388, 64.16432874320328, 76.640759639352, 71.7175736692826, 68.64331217024882, 43.69713584554675, 31.68067834511804, 26.870303097567124, 38.88676059799583, 36.265626504643, 88.220506757063, 88.45930907363498, 78.31032240159108, 78.0715200850191, 84.79866498414022, 32.216727985543535, 32.944435543734386, 19.14854332086626, 18.42083576267541, 26.965420777361278, 83.17260642920262, 93.89778650887123, 99.39315755975404, 88.66797748008543, 92.37873439869185, 48.643129154575576, 38.333564511967474, 43.094622135698046, 53.40418677830615, 46.08470698749061, 111.84381475722525, 111.01466768832663, 95.28394475010207, 96.11309181900069, 103.79513102097091]}