{"X": [63.41060772400204, 71.75963223222423, 55.90897680067594, 47.559952292453744, 60.975884419005155, 23.640900754894563, 18.82476350570912, 33.13806142951243, 37.95419867869788, 29.396934392462526, 65.25573981798556, 50.814607866199836, 61.42820733388992, 75.86933928567565, 63.77234351280692, 66.79586386935341, 74.16719553188013, 82.21143893017481, 74.8401072676481, 76.51493669019746, 108.24231648665238, 110.57652396794474, 99.13951258451758, 96.80530510322522, 104.6563957360546, 93.68159587858791, 86.52122642827877, 77.47542456589689, 84.63579401620603, 86.59439431046876, 80.59078562993021, 77.08759436962251, 88.91655375122393, 92.41974501153163, 85.7629846759829, 68.40830900038557, 58.255012728992696, 71.32931010398906, 81.48260637538193, 70.02467722646473, 38.817416986708984, 21.3576540935385, 21.771841205099008, 39.23160409826949, 30.76034356618856, 30.240650493139537, 28.78815427035506, 19.411287457308124, 20.8637836800926, 25.29065639752748, 90.03594055324466, 83.36068195132943, 100.46045733016656, 107.1357159320818, 95.66903360104988, 93.34714116752075, 98.34204906682197, 113.66981572034824, 108.67490782104701, 103.94327174420077], "Y": [66.0611662025729, 80.12092419517026, 89.53342693803819, 75.47366894544083, 78.64292397814074, 40.904486386520546, 24.303836791819506, 20.15130005545457, 36.75194965015561, 31.25449712465152, 57.985270887868865, 45.85350633723466, 33.21953295631353, 45.35129750694773, 47.84491835849162, 22.412401359557276, 18.200963431462476, 32.280901703221865, 36.49233963131666, 27.876839090648648, 41.30297349239935, 53.01463181775525, 55.29410042870537, 43.58244210334947, 49.485116260461076, 74.04632274777946, 92.15272604315756, 88.57546764167908, 70.46906434630098, 83.4451035926179, 65.69285077335272, 53.6994743498249, 50.24430829309475, 62.23768471662257, 58.626957407421365, 115.6861905715791, 102.02881945090115, 92.30899756016801, 105.96636868084596, 104.53528255108166, 74.33339353632509, 73.63672117882619, 63.25650631395687, 63.95317867145578, 69.36691707545293, 92.9799899280557, 106.1010540811325, 105.06303891188954, 91.94197475881273, 99.58371385945068, 38.61883403807407, 25.35898511962685, 16.750634949844695, 30.010483868291914, 29.189745761402822, 96.53025289149559, 84.323058265163, 90.59483364680491, 102.80202827313751, 95.12863153230316]}