{"X": [96.92627399840674, 81.70169625403702, 92.28663643580256, 107.51121418017229, 95.35158846774596, 45.96399660522733, 57.77502787186823, 69.72591347352265, 57.91488220688176, 58.32536780154905, 24.417122920901992, 40.81961932790003, 39.01759807643362, 22.615101669435592, 31.89393737892052, 93.944090518451, 95.67615223796972, 86.38874961249046, 84.65668789297175, 90.7185105651585, 40.19185315289082, 33.540771856014885, 44.63068762544446, 51.281768922320396, 43.85573888822334, 61.167316799869745, 70.8599891816798, 83.60577130558153, 73.91309892377149, 72.49798548958913, 26.343640188964727, 21.33271931117968, 34.72638861552532, 39.73730949331037, 31.475185287942505, 69.65384643340282, 84.34105278164114, 77.39465111903048, 62.70744477079216, 74.1039522853157, 56.00813627717856, 46.930775234720294, 44.657218975296935, 53.7345800177552, 50.92220859770548], "Y": [75.7399752857753, 64.52570730641948, 50.155509892423886, 61.36977787177971, 65.24711586341006, 35.85531411435346, 20.610424161357685, 29.869414153440317, 45.114304106436094, 34.719492834728406, 28.89167926433462, 32.63871453133607, 40.526990193647926, 36.779954926646475, 36.469591941782944, 29.257355104304374, 41.85810339704027, 43.13472238724926, 30.53397409451337, 37.02076939221876, 106.5271679948286, 95.11430629347363, 88.65142842041351, 100.06429012176848, 98.92274520550707, 79.52698787918058, 66.58416005158944, 76.12926812399616, 89.0720959515873, 78.9124840082105, 81.85131072124919, 75.44867852755831, 64.96633078104419, 71.36896297473507, 73.78809037651455, 42.52793878855614, 50.85578755400439, 63.10663858047799, 54.77878981502975, 53.411437281593166, 72.00809931939091, 73.68594673666917, 61.38572753640082, 59.707880119122564, 66.78253645530121]}