{"X": [92.37100560644322, 107.46802360319793, 113.43933626243603, 98.34231826568131, 104.72620084280629, 39.386810265424074, 41.19153965739679, 51.03523856097367, 49.23050916900095, 45.67287658764438, 80.52694274080955, 79.58669737875158, 66.98488053159627, 67.92512589365424, 73.81838661080224, 91.27456632482041, 109.74054411834047, 104.90615766529852, 86.44017987177847, 98.71484719761892, 51.126587357212955, 60.97387613146834, 68.3625860642069, 58.51529728995151, 59.85131520403616, 37.67702567309523, 24.914144726184944, 25.394332261343493, 38.15721320825378, 31.599652817004973, 31.306710003580033, 40.625263097209306, 40.742052613554584, 31.423499519925304, 37.015958626620794, 86.78785769092244, 75.09351383944485, 72.98972215101745, 84.68406600249503, 80.50853070801821, 89.21715837703371, 76.7024162093569, 79.00410069763214, 91.51884286530895, 85.36587460964161, 59.865600614832815, 55.15064422354223, 36.92014226327457, 41.635098654565155, 48.79224775031522], "Y": [48.52880612008208, 41.86882222563178, 55.404743049087074, 62.06472694353737, 53.72423115398878, 75.13772091140703, 66.76388822732558, 68.88540335752234, 77.25923604160378, 72.50996959846036, 70.0865832973801, 81.72956994587769, 80.71189293552307, 69.06890628702548, 75.8629557605536, 69.65875661801635, 76.21447147535247, 89.8318533825701, 83.27613852523399, 82.08071862772158, 40.835486996554984, 33.42359407375062, 43.240082403341425, 50.65197532614579, 42.67035595779928, 33.46739698624241, 32.74678357648828, 24.242117606547588, 24.962731016301717, 29.75597651873845, 48.39457308650811, 48.29980706972394, 59.78397983306079, 59.87874584984496, 54.681983094291965, 33.96845396224903, 36.1050382480733, 24.590180837774994, 22.45359655195072, 30.57885254492739, 106.66435573689893, 104.11868397868251, 92.80340429695033, 95.34907605516675, 100.27488909766996, 98.20767230945933, 109.17594833729262, 101.33916327500242, 90.37088724716912, 101.07226352135831]}