{"X": [57.702293887007926, 50.166519906133615, 35.72907489225199, 43.2648488731263, 46.91046783227607, 78.69351726451026, 70.75218809377475, 67.21763186419966, 75.15896103493517, 73.29047551509142, 47.50596924149198, 47.205165208357194, 35.5800807046258, 35.88088473776059, 42.38899006044963, 83.81888908553478, 92.54758919698372, 101.45894898571632, 92.73024887426737, 94.31283462211184, 74.16821110766016, 59.87254847619726, 53.93362506068976, 68.22928769215264, 64.89668209855957, 60.11261778658109, 55.56850197333436, 64.20903819350846, 68.75315400675518, 62.55421092886525, 99.54914828628175, 96.19160198011745, 79.0089682287305, 82.36651453489479, 89.84488807877023, 97.21879915522493, 109.44748830789543, 104.30791676674943, 92.07922761407893, 101.9561940728925], "Y": [47.028567744793, 61.132072300761834, 53.41786750477247, 39.314362948803634, 51.66557491197637, 68.02717791267709, 70.33158507468058, 58.15097960080852, 55.84657243880504, 63.69254379275061, 77.00790911254062, 93.74006040583114, 93.53106921020064, 76.79891791691011, 85.7975846906813, 76.54614030483191, 69.7183249872302, 81.11063476171225, 87.93845007931395, 79.31838352297893, 103.19624153205592, 110.56385616763652, 99.0403373977789, 91.6727227621983, 102.01591532910183, 31.978791329298918, 23.186757833965267, 18.720942582708172, 27.512976078041824, 25.99522318617192, 28.06133431140828, 36.980636031625096, 30.51247402838468, 21.593172308167865, 29.49485996090581, 92.94321134962095, 97.12243192961287, 112.16117457351217, 107.98195399352025, 103.09949116170122]}