{"X": [85.08527912279186, 96.22051573448931, 92.0809195734169, 80.94568296171946, 89.85920250702704, 37.993015317950466, 56.18351136486791, 56.40862917764943, 38.218133130731985, 49.193110025775454, 51.62221268447791, 47.180795965639604, 57.73292025980799, 62.174336978646295, 55.58797264028587, 83.57151858022739, 72.14133263472783, 68.66679815976381, 80.09698410526337, 76.52701604439679, 85.83219280028838, 93.23513514594683, 103.59132434892264, 96.1883820032642, 95.88487366486447, 90.23071607637233, 86.87566549527713, 97.0881591601446, 100.4432097412398, 94.28643006321197], "Y": [58.74037260687642, 61.905630905690344, 76.46854438029949, 73.30328608148557, 69.04484391351706, 78.05024952184036, 77.8208331356407, 95.67049396993193, 95.89991035613158, 88.89191297503413, 58.254795666756486, 45.90692833582063, 42.111424221360146, 54.459291552296, 51.41932957874263, 42.71338011744135, 48.050455291336895, 40.60919320885068, 35.272118034955135, 41.97633526476571, 107.72111558058086, 92.87737974973852, 98.04227034493917, 112.8860061757815, 103.8581440454505, 33.462593087726866, 25.5823566375429, 21.23433573469997, 29.11457218488394, 27.78081729777949]}