{"X": [19.149381115595034, 29.281897374796145, 43.88484787951022, 33.75233162030911, 33.36067539319266, 100.50937078398611, 89.16350006973106, 83.31470456618852, 94.66057528044358, 92.74849545591533, 79.48238276115114, 94.82261780982991, 90.9683568525235, 75.62812180384473, 86.56363594641172, 92.42559474454171, 99.10761064401778, 106.84171739619865, 100.15970149672258, 100.30449951279309, 67.8136029293267, 54.87978897099321, 51.21592878180444, 64.14974274013794, 60.05747686729131, 27.194103240308817, 37.21712470212433, 36.00851127120725, 25.985489809391733, 32.62085143207022, 63.912766194267675, 72.01754939992547, 66.43029326256223, 58.325510056904434, 65.1949331482425, 82.85863810973707, 90.15274386803947, 75.45654564383302, 68.16243988553063, 81.3817615497234, 23.9325502788097, 18.813848851215894, 28.00026441053656, 33.118965838130364, 26.707172663376873], "Y": [28.985673026816748, 18.14424934621082, 31.79233079569945, 42.63375447630538, 31.557137252329866, 72.4621761922399, 81.68824396679676, 74.49561551024965, 65.26954773569278, 74.80570990582852, 22.989702899129547, 28.304184952487056, 39.42949658782745, 34.11501453446994, 32.69774772249918, 49.565223886732156, 34.859528172389226, 38.37377362464031, 53.07946933898324, 44.42528676063768, 66.10699300547853, 69.1848112175624, 53.788292388002375, 50.7104741759185, 61.58215290943618, 91.57190185355671, 92.3708498238345, 107.53323687252845, 106.73428890225065, 99.78053406455788, 26.25271784946052, 30.911318809701044, 40.63172630849486, 35.97312534825434, 33.9110677097505, 89.20028785317425, 98.2531910507638, 110.09421284815582, 101.04130965056626, 100.76011031371402, 85.13626277340815, 77.08981964159605, 71.24593089874789, 79.29237403055998, 78.58162285461017]}