{"X": [106.26283049186344, 88.76154867875158, 96.42708067410129, 113.92836248721315, 103.09464393066702, 75.13543847452446, 64.97331488959854, 66.70408819728179, 76.86621178220771, 72.79748750056784, 34.884651214944725, 40.68109349064508, 56.680575050350384, 50.88413277465003, 47.38962614517108, 60.65011583879479, 55.35915511242965, 43.22949911507894, 48.52045984144408, 52.8895058016974, 16.095082826185184, 16.839994625502673, 34.85080839735138, 34.105896598033894, 26.883914530603313, 95.1032103135197, 97.8917888313316, 82.54705024341061, 79.75847172559871, 90.5187168940549, 85.93629338625875, 95.39498909836264, 109.96480442766766, 100.50610871556377, 100.101684509209, 62.550643357619705, 70.14165600432476, 82.36039393001325, 74.76938128330819, 72.50278080782104, 53.64883401934114, 43.37129803344267, 50.15632842887214, 60.43386441477061, 52.56401346373859], "Y": [44.47058392133523, 35.4156275215491, 20.599804034954573, 29.65476043474071, 33.67803533925087, 54.59230596910353, 53.53219697779844, 36.94113662982854, 38.00124562113363, 46.562865931799806, 66.10137784273574, 53.97824822223572, 61.62809394731501, 73.75122356781503, 65.11344555891631, 99.93104054498698, 110.43807003852923, 104.33001318518677, 93.82298369164452, 102.38404611598456, 35.08000909239024, 20.1803152212701, 21.080767794994784, 35.98046166611493, 29.516576708739038, 57.68873927816554, 69.22244295825983, 72.93244016076866, 61.39873648067438, 65.95897148038793, 104.73053844138009, 91.38209612919984, 101.7062557995527, 115.05469811173295, 103.71039546425706, 80.31252853601441, 73.30343278709863, 86.53660828409818, 93.54570403301396, 84.53269776639803, 39.38903812754391, 31.72740516010558, 22.625769209805455, 30.287402177243788, 31.147906250791255]}