{"X": [92.50933864201036, 89.07625493380144, 78.07125624663666, 81.50433995484559, 85.43451764674317, 67.88732221658458, 74.83140340494816, 63.410533549188614, 56.46645236082503, 67.10255501953642, 26.002062280035403, 26.020732713911933, 42.64313464250358, 42.62446420862705, 36.30358576468004, 25.22306922352874, 42.406453792584585, 43.336189404380036, 26.15280483532419, 35.82458798756844, 54.82930832476714, 53.7105084546295, 39.91187731884038, 41.030677188978025, 48.780643112799, 36.451174078629286, 22.4143017596088, 28.277923759578417, 42.3147960785989, 33.15794409336908, 50.09655799461075, 62.16288958225819, 66.23473175622743, 54.16840016857999, 58.87377204441714, 95.8528975620471, 97.21971968328103, 108.35910578644709, 106.99228366521317, 103.36044410667374], "Y": [88.14737358359395, 96.08281935692035, 91.32176587851836, 83.38632010519196, 90.48851025061415, 44.564730215973775, 57.20500396357587, 63.479191461704495, 50.8389177141024, 55.632757935860546, 56.27577282892081, 44.58746431205408, 44.61401626827846, 56.30232478514519, 51.42650575037729, 23.332925828543438, 22.355512329535593, 38.7006974341455, 39.67811093315335, 32.37188666695016, 62.503994214845974, 72.68528475978269, 71.16898320108926, 60.987692656152554, 67.03316334692445, 106.38101146905541, 95.25653626771526, 87.85781301552467, 98.98228821686482, 98.08301527539062, 90.58891725331414, 87.46718132871722, 103.20592382021222, 106.32765974480914, 97.17224553159525, 59.03456682182538, 47.59979786770744, 48.93131225193905, 60.36608120605699, 54.34792238712923]}