{"X": [69.93956184306133, 81.08970963955161, 84.90971774239675, 73.75956994590646, 78.38923994769219, 54.757240703858756, 63.66629441723571, 63.50854883537407, 54.599495121997116, 61.1260650854251, 36.60934833282916, 24.69614581518438, 25.588171612007187, 37.501374129651964, 31.197459442236223, 42.078878408120694, 25.471235376904662, 33.731583141810525, 50.33922617302656, 39.379958918252846, 90.28477406078042, 87.39592800227712, 77.10365453935685, 79.99250059786016, 84.9610933356193, 62.43906834736787, 76.18399149160071, 75.90292162553038, 62.157998481297554, 69.98530868844828], "Y": [84.32639121634594, 80.32322325724375, 90.96321022897862, 94.96637818808081, 88.06124468407822, 79.4223760528995, 79.50211525993258, 97.12661786214807, 97.04687865511498, 89.32831455501022, 76.56216510788632, 75.34684791050812, 66.60272416121946, 67.81804135859765, 72.66342396078068, 39.849498752179784, 30.11874515899166, 16.020668819940795, 25.751422413128918, 29.332656065130234, 27.82333650228649, 45.65117271420668, 43.98339916766068, 26.15556295574049, 37.4747388146038, 50.69198610447953, 50.95192452035098, 65.81422832544516, 65.5542899095737, 59.074779778939806]}