{"X": [100.57712599314316, 98.31452341513338, 83.88554184402592, 86.1481444220357, 93.91477060378186, 73.74451661699267, 75.94015993962039, 93.13586196396587, 90.94021864133815, 83.71496189421065, 53.159563126161956, 48.712518460331886, 59.5548680567629, 64.00191272259296, 57.071553573709316, 27.139240780555696, 40.16509111440682, 41.3665618100042, 28.340711476153075, 34.43104844976502, 32.83711742145935, 24.582665408245887, 33.2712677445333, 41.52571975774676, 33.76573909304746, 65.50843166389402, 51.23411066505813, 44.229599201676706, 58.50392020051259, 56.406062698050974, 76.47199625068522, 67.31796425991314, 63.68615659043279, 72.84018858120487, 70.23151668626188, 66.18993790046494, 73.63954624837875, 67.62685315867722, 60.17724481076341, 67.80040270351522, 88.18096537550747, 106.9782093180178, 107.50336174279158, 88.70611780028125, 98.68616030140034, 95.80915731446986, 104.7110889707715, 104.28688832558684, 95.3849566692852, 100.08009378845975], "Y": [47.80814922672473, 62.711591316878255, 60.52102012511225, 45.617578034958726, 55.23688098477064, 103.52990683386567, 93.71050141180893, 97.5555028864239, 107.37490830848063, 101.71258960532067, 74.92083719955264, 60.564642579429254, 57.206063637465945, 71.56225825758933, 67.69333811337829, 69.31479770063298, 67.94528868163907, 79.37287130015785, 80.74238031915176, 75.16916565946661, 37.44751413988415, 23.31418428808297, 18.239679426255332, 32.373009278056514, 28.729702581733502, 99.91398001118837, 109.14012240308213, 98.30302052221582, 89.07687813032206, 99.27820611554306, 84.89603540899253, 88.69500136552897, 79.94375590265437, 76.14478994611794, 83.5008350267122, 35.29589378977747, 38.85018829254843, 51.4524666348647, 47.89817213209374, 43.62328131699212, 20.5221004050626, 19.336738280120745, 27.664504139822053, 28.849866264763907, 24.78707649072409, 79.61244057374411, 79.92412583219937, 92.03956937517647, 91.72788411672121, 85.93083183681986]}