{"X": [92.73182676969014, 108.5910926003447, 109.7319690204103, 93.87270318975575, 102.85848341127537, 86.02985382504997, 76.6576733328325, 69.79354626029976, 79.16572675251723, 78.89251544946235, 41.84044225486987, 29.067386388394894, 40.38539797520177, 53.158453841676746, 42.48199620905987, 30.855043601992435, 36.947604655307345, 28.704176512134836, 22.611615458819923, 30.303452846173222, 64.82815886434389, 82.30984195083397, 74.47279168706035, 56.99110860057027, 71.48722877619039, 56.98615774984826, 68.90189372115665, 67.63034380270103, 55.71460783139265, 63.02817668933033, 33.81323600229232, 43.01911782187591, 28.723904198315132, 19.518022378731544, 32.006810146545895], "Y": [93.56172998029265, 92.3778918074034, 107.66162132390272, 108.84545949679197, 100.9593679458504, 31.11317114812435, 37.750352761494916, 28.05770886642702, 21.420527253056456, 30.582663693647095, 42.30752332491214, 32.90927260787541, 17.52709153521756, 26.925342252254286, 30.485792100558847, 96.19194624798175, 104.02911699855798, 110.43749967252234, 102.6003289219461, 103.39202499126804, 57.17016593897905, 66.69553870765624, 81.07868489745205, 71.55331212877486, 70.92628766064144, 85.47424506858907, 87.3441045605198, 95.44709474135477, 93.57723524942405, 91.34816486244738, 61.28333884808898, 73.65440049949737, 84.29213321091908, 71.9210715595107, 74.23346171079751]}