{"X": [44.769327823665655, 56.50916874862045, 46.7212175575113, 34.981376632556504, 46.38223324465183, 52.94621183557036, 57.626638009644765, 67.97176450776068, 63.291338333686284, 60.58046272683061, 80.0010762514845, 69.0591426663915, 60.82679096344566, 71.76872454853867, 70.99436993454164, 81.99226731898567, 85.96994526156743, 97.16456013752766, 93.1868821949459, 89.90073716129231, 83.16239340247034, 85.53465057619043, 73.85211154955226, 71.47985437583218, 79.1291802867523, 54.009175648630645, 60.74475490642204, 68.45613645772896, 61.720557199937566, 61.258905626317535, 89.68646787985166, 102.2675724154253, 108.4214524503793, 95.84034791480566, 99.56215741014603], "Y": [67.83330631322897, 75.48323161754554, 90.50416128597044, 82.85423598165387, 79.98689153004884, 54.917118347690064, 46.44462676488648, 52.159545494834646, 60.63203707763823, 54.28240535596756, 38.809924409255956, 45.095956622681975, 30.766115074882094, 24.480082861456076, 35.62507358752838, 28.781365023953498, 18.682084831642932, 23.0911686296851, 33.190448821995666, 26.39930520789644, 72.9910736301444, 84.96808110433521, 87.28201361818961, 75.3050061439988, 81.15000754478223, 109.0645974940241, 92.21980588910832, 95.30328847791876, 112.14808008283454, 103.62569369139078, 98.31426594298766, 91.74949223829807, 103.54313684844338, 110.10791055313297, 101.24451247791261]}