{"X": [58.581841860974215, 43.44906228643163, 41.477282944062516, 56.610062518605105, 51.522078008698394, 92.22749395941271, 82.24458757595849, 90.12105598091033, 100.10396236436455, 91.25492277220732, 47.76658629816556, 33.037584523550294, 29.054442261705383, 43.783444036320645, 39.19172984866831, 91.62979187725536, 101.50709813947134, 102.75506725575529, 92.87776099353931, 98.00355925515994, 48.819249366903094, 43.67430281277193, 35.301414442474496, 40.44636099660566, 42.41450339747448, 16.602294458924373, 26.172076718094495, 35.661887352638416, 26.092105093468298, 26.58535533794431, 66.16157220447167, 80.50154817028341, 84.66751593022974, 70.327539964418, 76.74707405334435, 47.31906629680858, 51.07227474059225, 62.82030172959647, 59.0670932858128, 55.678114179206545, 14.454432532437187, 18.47439140294826, 33.855265915139036, 29.835307044627964, 25.980055946644868, 70.03343716409196, 68.84961065146868, 83.85481909498452, 85.0386456076078, 77.77188146000945], "Y": [58.641620026237646, 60.51858635120676, 44.621390029264575, 42.744423704295464, 52.10152421044743, 42.75166076974375, 36.95330502472285, 23.39255605094877, 29.190911795969672, 33.17862724740459, 32.25983818555681, 36.84067138925812, 24.033457759245294, 19.452624555543984, 29.059512968465953, 58.863636385710585, 57.58137800199835, 67.19455216712824, 68.47681055084047, 64.12087205893413, 79.13969615888247, 89.17315743664616, 84.87971751832437, 74.84625624056068, 82.42466413665545, 75.58418051477332, 63.913064136829355, 71.69427533483994, 83.36539171278392, 73.95409183342437, 61.48291122535035, 57.214695945335784, 71.21114964618407, 75.47936492619863, 67.97437832354002, 98.40505415029472, 90.90129927596467, 96.77739662074447, 104.28115149507451, 98.08824231596017, 107.12741365085276, 92.66225900701953, 96.93670227803278, 111.40185692186601, 103.24947762314858, 103.66554234818898, 85.08601925290218, 84.12993639266026, 102.70945948794706, 95.17600388262412]}