{"X": [46.583254302793335, 62.66425905084972, 68.6743484440602, 52.593343696003814, 58.62137797996254, 78.7203643180607, 94.77543946522775, 88.09788798659572, 72.04281283942868, 84.71137346097831, 85.36693233965265, 103.43307624738698, 104.13296067162464, 86.06681676389032, 96.11947169445187, 24.710899089476225, 26.67170695143598, 44.396895668515484, 42.43608780655573, 34.57325592644975, 83.15483463702975, 68.86288748422027, 63.54218359558166, 77.83413074839115, 73.97484331781203, 35.89432853217467, 45.287063046006736, 35.03834974994676, 25.645615236114697, 35.89409153708018, 40.570990161925096, 31.804858074908665, 31.832126467178437, 40.59825855419487, 37.53364345672132, 88.23041588288562, 88.8096232448748, 107.55912704894102, 106.97991968695185, 98.83090488900513, 67.46556582506639, 73.01641552892592, 79.65025975809343, 74.0994100542339, 73.73138547933493], "Y": [77.51303287686288, 67.05870994309915, 76.30352442614152, 86.75784735990526, 77.81745275792521, 77.78293201041703, 88.43129518392507, 98.4993769202089, 87.85101374670086, 90.021909906898, 55.00889996224042, 54.27706883913222, 71.5545695190123, 72.2864006421205, 65.30524105557308, 103.58203253246353, 94.59996575098799, 98.4694192116157, 107.45148599309124, 102.14221240803593, 34.74018747882543, 46.715744830045736, 40.36587596282159, 28.39031861160129, 38.82642397026232, 50.245398910427596, 57.869697690049215, 70.49557265648771, 62.87127387686609, 60.92017081548853, 44.11168311874195, 44.093535227328914, 30.921849162154555, 30.939997053567595, 38.50658937717219, 41.769734435387456, 31.308949287612847, 32.34709800050077, 42.80788314827538, 37.85503536250752, 103.91505872550702, 97.1995551813318, 102.68290755136574, 109.39841109554096, 104.08007553708214]}