{"X": [109.16796146046337, 111.8330620444143, 96.35437853341364, 93.6892779494627, 103.66175827848146, 72.22452656405477, 60.960065097290276, 59.537785103860784, 70.80224657062529, 66.51672949645847, 38.96907725891461, 29.699257874193112, 18.78437658408326, 28.05419596880476, 29.0725170391779, 70.80457020781547, 70.27703231192653, 89.2503461899448, 89.77788408583375, 80.59777505946013, 23.19622943774762, 15.301244477063387, 25.637333399993196, 33.53231836067743, 25.28169210927947, 97.48452552915965, 89.68938667159465, 101.11484759667944, 108.90998645424445, 99.80211049750106, 35.862873128264035, 45.59309584592471, 53.000451737326536, 43.27022901966586, 44.44514639361838, 87.56535867785989, 79.20432985964165, 73.42141001380098, 81.78243883201922, 81.55370162875043], "Y": [34.563572937605905, 45.09460782572846, 49.01181528940193, 38.480780401279375, 42.21782033962363, 100.51465787080537, 102.00750405944717, 91.27550882589088, 89.78266263724908, 96.58994572001929, 38.393339698292706, 47.33692712910441, 36.023907722996654, 27.080320292184947, 38.77933985674751, 85.35968355584922, 72.83245664719003, 72.03346560517966, 84.56069251383884, 79.24065897384033, 103.6213419454689, 86.12049847467094, 81.45767940912192, 98.95852287991988, 92.60546885378469, 101.1042282988816, 91.17333849708403, 82.2050530563778, 92.13594285817537, 91.67980301053927, 68.00440568656732, 56.080209843003786, 62.124661269153464, 74.048857112717, 65.32761675735061, 47.9321095661873, 54.430358836167365, 46.989714829498105, 40.49146555951804, 48.36258595894345]}