{"X": [91.33135095623263, 85.89462832122187, 96.91047745671838, 102.34720009172914, 94.7703656866059, 52.63303159470632, 59.366665651318705, 50.7487697311173, 44.01513567450491, 52.9631510072654, 57.18711189228505, 67.7532192843471, 77.7536513002099, 67.18754390814786, 68.74954653707441, 20.436351735519217, 18.33172597490485, 32.46394580925526, 34.568571569869626, 27.57276715936453, 75.14073909561927, 64.52051611223277, 54.37979730752053, 65.00002029090703, 65.17731511826413, 81.9774690081493, 90.01698740540134, 93.5401342534404, 85.50061585618836, 89.38448943106012, 29.585179308028888, 27.25110180283655, 19.071404640367998, 21.405482145560335, 25.352194084387957, 56.686558197983125, 61.627089293408034, 54.242006322293726, 49.30147522686882, 55.52240682681165, 16.64649296428288, 34.184558578990945, 35.55293079406157, 18.014865179353503, 27.252767099525986, 75.3577513226695, 75.59260707812436, 64.64107025495095, 64.40621449949609, 70.80440742403411, 94.28992776823033, 82.04274747615683, 95.32922262234759, 107.57640291442108, 96.98875123048087], "Y": [103.1775778923396, 96.14427099924826, 87.62905657036472, 94.66236346345606, 95.91826287117125, 92.24499566887665, 100.60108789899172, 107.54569260972862, 99.18960037961355, 100.99771778543568, 47.44601358456815, 39.15381122324044, 51.896582569416694, 60.188784930744404, 50.38248001898328, 76.11101531722291, 65.83712179864476, 62.94211087953652, 73.21600439811466, 70.81491937696583, 20.983855739703102, 35.875960726841, 28.64416273650447, 13.75205774936657, 26.608288497244626, 67.99085162762958, 65.86819413928256, 79.21203508231082, 81.33469257065784, 74.27724739636815, 95.97671010595887, 107.43589043686035, 105.76979857034887, 94.3106182394474, 101.08345160120305, 74.5590417874541, 82.0258632601354, 86.91231088642118, 79.44548941373989, 81.08364758663063, 33.12853510986611, 31.12924937522905, 43.132837095324845, 45.1321228299619, 38.89268180223215, 86.27431143244387, 103.35121002559205, 103.50182469604691, 86.42492610289872, 95.994803152074, 44.823378976360445, 32.05114732710927, 19.31086348085661, 32.083095130107786, 33.77771365341224]}