{"X": [82.92804509376082, 76.57273818629331, 63.18542465668686, 69.54073156415437, 73.67032837749245, 89.08080219595627, 69.97051943531135, 69.5540432168641, 88.66432597750902, 79.85000267565805, 27.841826766927806, 23.924251889679482, 31.560863348420458, 35.47843822566878, 30.169929961706128, 52.61398506402282, 63.333650540978844, 60.85705928032241, 50.137393803366386, 56.96971685259531, 12.76967597260573, 25.330539976395936, 37.32385410025241, 24.762990096462207, 25.623340207493463, 29.30301630713832, 32.812719870006, 42.97417620168518, 39.464472638817504, 37.00742823239948, 86.93057918236336, 102.93715579507509, 106.8272191066739, 90.82064249396217, 97.19704735479891, 97.12557335411525, 106.87464897895622, 108.84672101975367, 99.0976453949127, 104.79382855335965], "Y": [95.6386268652195, 112.93525968516292, 108.01635511958521, 90.7197222996418, 103.63588770710793, 59.22895422792915, 60.14993627415055, 51.508097564845684, 50.58711551862429, 57.755165520715764, 85.08190340653283, 76.56119233418053, 73.05010071940393, 81.57081179175623, 79.74181506451427, 72.6012915980532, 75.17064891390473, 85.50328333325999, 82.93392601740845, 79.31528358799997, 54.94459623956376, 45.097947603552186, 60.39720253111681, 70.24385116712838, 58.69551174048594, 103.22214407158738, 94.88796793371532, 99.1671790880316, 107.50135522590367, 101.59050692295743, 32.630763792314916, 26.470994957867937, 36.57958800720363, 42.73935684165061, 34.67207450864164, 66.20199812797324, 65.1345408799937, 83.14545372897106, 84.21291097695061, 75.63098575694542]}