{"X": [101.37666022496893, 85.58513128669183, 83.10010547269434, 98.89163441097143, 92.45107870967486, 94.80012123577393, 86.26082878649548, 99.91034712121038, 108.44963957048883, 98.27575421649583, 33.47402450441528, 50.403814912399305, 52.31643350757233, 35.386643099588305, 43.65292660547804, 37.98978648451526, 49.99339296837835, 54.94405919629845, 42.94045271243535, 47.08484663164443, 32.0893501626064, 35.06135485308778, 47.33093459378079, 44.35892990329941, 40.60956951152631, 57.99868146584324, 68.4791958062785, 75.68061677732787, 65.2001024368926, 67.09301254186963, 80.44115672637898, 83.57982079089504, 94.36045617861967, 91.22179211410361, 88.29201269058241, 91.85414935716088, 93.2782393302833, 84.0089087948098, 82.58481882168738, 88.59034864413805], "Y": [102.1063216928225, 105.9563960871311, 95.76377302714103, 91.91369863283244, 99.2125122844863, 78.16600285548198, 66.9931028743362, 56.560965376586424, 67.7338653577322, 68.74234513554461, 95.11528422951406, 93.0659799582288, 108.86657745875715, 110.91588173004241, 103.48171844348288, 38.49248022546535, 32.46796223934419, 42.331962873055396, 48.35648085917656, 41.94135167093014, 70.93417673353031, 56.701890748909804, 59.264040538408096, 73.4963265230286, 65.98696212037294, 51.02103427412176, 35.428757491773844, 40.26926903554269, 55.86154581789061, 46.8961450593219, 27.44258015152967, 17.359914493218515, 20.7158517057363, 30.798517364047452, 24.945990820028474, 37.265937281457056, 46.378822295685325, 47.82736034401087, 38.7144753297826, 43.18408447511907]}