{"X": [111.23999979058117, 107.38422391776027, 89.50332253481734, 93.35909840763824, 100.95961779452314, 102.15853805354014, 109.83114267883215, 103.68415546826252, 96.01155084297051, 103.76738069948209, 70.01257940933795, 61.47721720261624, 58.69157996794828, 67.22694217466999, 64.95080634454709, 16.910924321755832, 31.692577858620833, 38.17384995482632, 23.39219641796132, 28.688827286829902, 31.326531505065873, 35.20117911541175, 45.70001047513095, 41.82536286478508, 39.66734417377651, 77.80796683761538, 79.32112092197903, 89.8747278292838, 88.36157374492015, 84.30201548785186, 50.176927609021156, 50.207756664815, 62.2042973865582, 62.17346833076436, 56.86425946903756, 77.00531381024811, 66.97165945942011, 60.956736237412684, 70.99039058824069, 69.43519192914512, 51.477841424422124, 43.15428793780137, 51.759764766023835, 60.08331825264459, 52.81125395648594], "Y": [41.29497403450262, 49.24567868979044, 40.574151935141394, 32.62344727985358, 41.902048536773925, 85.1059382597087, 89.18289523988317, 100.75118078539532, 96.67422380522085, 93.9575374303678, 68.82763520747814, 70.26774182130274, 53.75755948745679, 52.317452873632185, 61.79810210147142, 50.36819635129491, 42.63567710875411, 55.025419131921765, 62.75793837446257, 53.34874262700255, 88.22766631543102, 77.87359999905286, 81.80242086965261, 92.15648718603077, 85.81541222742857, 72.51791587646905, 55.1171881996976, 56.03492185389841, 73.43564953066985, 66.05160675329199, 95.7225307299172, 86.81635611333293, 86.85788258672534, 95.7640572033096, 91.43555404999391, 38.42029037512392, 44.723204110280555, 35.14800395804631, 28.845090222889674, 37.01224611544241, 51.31541065614723, 42.65934284607204, 34.38443693854045, 43.04050474861564, 43.45591569136114]}