{"X": [69.88169968206063, 74.72830436456911, 60.8591205334813, 56.01251585097282, 65.59752087403804, 46.02289032374432, 53.687938780927006, 69.27868180833048, 61.61363335114779, 58.4492048490996, 41.139630893717, 29.134477822454357, 22.763585624656887, 34.76873869591953, 31.997921854436434, 107.14479421516467, 92.47720256665093, 94.39068538384265, 109.05827703235639, 102.81836361036187, 43.85973802521427, 39.10464234646781, 23.867932464307245, 28.623028143053705, 34.251043251259695, 62.604131671970634, 51.07875983755886, 45.16057597126745, 56.68594780567922, 54.217781633430356, 70.96131499853065, 87.1965696410434, 81.47297109645713, 65.23771645394439, 76.5011729350143, 92.02774143408189, 106.87227748407966, 115.9443356924046, 101.09979964240682, 105.1530729799776], "Y": [62.57531287964316, 71.35655077510704, 79.01133158147195, 70.23009368600806, 71.5132947422014, 97.01280419249248, 84.90705493079638, 94.77871162920938, 106.88446089090549, 96.73556925614714, 70.39357577244728, 75.94303325883007, 62.160868745858075, 56.61141125947529, 67.30622215773539, 58.27369744689134, 56.60366543822582, 39.79788899598707, 41.467921004652595, 49.7202339251379, 32.37447726029378, 40.790862926970924, 32.18241552586938, 23.766029859192237, 32.57356320241306, 58.6390470095877, 63.683358276463686, 50.16133990076814, 45.117028633892154, 55.463167326438644, 21.55523416756832, 33.188601724216824, 41.176321478654316, 29.542953922005815, 31.594046553649996, 96.53831420031162, 88.51259472948473, 105.29246046123359, 113.31817993206047, 101.72808226898498]}