{"X": [100.59222811211025, 83.59826127190989, 76.52428289155911, 93.51824973175947, 90.37277558302233, 20.159010389442326, 30.40772665833525, 37.650746162930346, 27.402029894037426, 30.381149589055862, 27.77437852537952, 47.685663663786386, 47.80528964027128, 27.89400450186442, 39.337576191539284, 67.84764960842574, 63.586354867672085, 49.72409865238741, 53.98539339314107, 60.23132369546145, 31.629807189827826, 37.050051067970976, 51.586648446243274, 46.16640456810013, 43.527722271747066, 62.004869965216145, 68.65456241662956, 81.31771536029125, 74.66802290887783, 73.27696068397424, 83.06703416311584, 65.43080669123019, 62.450161159720324, 80.08638863160597, 73.77185124689488, 101.557832570449, 97.08086969836549, 105.13416705865811, 109.61112993074161, 103.9459125194991], "Y": [92.68202989551489, 99.25881517963812, 80.98013512082858, 74.40334983670535, 87.08538985258399, 84.09003152023747, 78.6224596758342, 92.19917232728982, 97.6667441716931, 89.15960842310723, 49.17933682669847, 49.05192435277847, 67.74638066830946, 67.87379314222945, 59.066580882754515, 102.49099522589881, 110.13900860649792, 102.41528264453513, 94.76726926393602, 103.26037779768542, 32.1450007572046, 25.54188933870685, 37.474431129215944, 44.07754254771369, 35.15236360698892, 64.58107063534061, 50.12812443569716, 55.954346396077675, 70.40729259572112, 60.341056561305926, 33.40396982786472, 38.080248718576435, 26.83897251685551, 22.162693626143792, 31.966512869948556, 32.67283380328821, 24.295260334189045, 19.991590135071704, 28.369163604170872, 27.186356826552096]}