{"X": [57.1370499468334, 73.76558224982399, 66.6664672597147, 50.037934956724094, 63.5106632861037, 55.237816040300245, 55.72975873455258, 36.24795676598582, 35.75601407173348, 46.84331283355251, 70.56403345905805, 65.29095886138509, 81.48117365142029, 86.75424824909325, 76.53157017221221, 31.614607054444384, 42.81074202110692, 47.89128157999276, 36.69514661333022, 39.81469568658493, 92.89547213409651, 105.53733610911556, 110.01781226441727, 97.37594828939822, 101.88133164630986, 73.81806162687877, 64.61405892754814, 71.11197731445941, 80.31598001379004, 73.44978518096893, 48.76631034525933, 38.630294447555585, 34.9193370473165, 45.055352945020246, 42.1145500603721, 89.58623143295553, 100.17560529050431, 104.2921932647074, 93.70281940715861, 97.89631807160907], "Y": [69.68957908757233, 76.96023545609475, 93.19643985804584, 85.92578348952341, 81.51941388996153, 18.990178688763166, 34.781127301371384, 35.38805284995148, 19.59710423734326, 28.19709974998176, 62.91462945604, 53.61160543035576, 44.43478184003673, 53.737805865720965, 53.88919131883027, 90.02872615471325, 84.80559924204712, 95.6960883218383, 100.91921523450443, 93.50788765483146, 70.35132210471727, 63.9688893743827, 72.84349448058825, 79.22592721092282, 72.5142164450454, 32.843598606276, 21.30458362188433, 16.121571167696544, 27.66058615208821, 24.656524060774178, 73.60734702236256, 76.88480594081285, 65.40813326834187, 62.13067434989158, 70.45534235681055, 31.271437219367435, 27.53765448284644, 39.212701520249404, 42.9464842567704, 36.08456337718335]}