{"X": [76.50085707057791, 87.21303620396286, 92.38841743223198, 81.67623829884703, 85.10037630852483, 88.48620981921174, 95.67910098443643, 79.73474015601168, 72.54184899078699, 84.84660266511717, 54.54741554300756, 67.21991861074473, 68.34699673123295, 55.674493663495774, 61.83696317598838, 102.77232683582822, 102.62517431115022, 93.53876491461871, 93.68591743929672, 98.76525140578613, 67.39623257911258, 73.5608504537206, 57.86082173703166, 51.69620386242363, 64.53225236304817, 31.98071087585876, 42.67772783946147, 28.135503568974926, 17.43848660537222, 31.39034932763908, 57.865713923653274, 60.13737379197171, 41.45994072025482, 39.18828085193638, 51.07080927791077, 100.18438420578022, 114.02454250128349, 104.7940113981054, 90.95385310260212, 103.28644239308947, 21.517619390414616, 29.068147356395563, 39.38254663461011, 31.83201866862916, 31.044868389396502], "Y": [88.77767293339026, 81.03634351051997, 88.19785386260376, 95.93918328547406, 89.35185242273542, 35.41915694399756, 45.50179419506595, 56.876402770394655, 46.793765519326264, 47.071792464778255, 54.12419366662309, 52.94121398160818, 65.0148794218446, 66.19785910685951, 60.31278544029001, 58.070594962458145, 66.18780900872561, 66.02308647272541, 57.905872426457954, 62.38691199969142, 80.71376661551643, 98.84586371168278, 104.18361792430626, 86.05152082813991, 92.50588242976308, 89.33507711661781, 105.16694689418517, 114.9925974266526, 99.16072764908523, 102.25144182209687, 37.379104917123954, 46.61282256730199, 51.20780551562778, 41.97408786544975, 45.36372063507573, 16.963389350245066, 28.139122870006094, 39.570319882144844, 28.394586362383816, 28.9325113762976, 29.5200740606303, 19.606318006219794, 27.461984392907333, 37.37574044731784, 28.78348748705777]}