{"X": [78.4549411026433, 73.5258231275699, 58.740771516853165, 63.66988949192659, 70.7032251515608, 82.66014106932815, 71.19262431576155, 68.39537571715411, 79.86289247072071, 75.93521313787649, 83.49807408403382, 81.20215747253089, 92.84087895458467, 95.1367955660876, 89.2757164416064, 52.486044978777116, 59.1236843704643, 51.90746623564526, 45.26982684395808, 52.78388430943127, 63.141944397914955, 51.41002337214228, 52.9646696311646, 64.69659065693727, 59.13147536596547, 32.71812906911239, 27.4837834697859, 42.69912804991476, 47.93347364924125, 38.77533497160815, 89.71882930252234, 100.19800571187797, 110.08234323378191, 99.60316682442628, 101.47225784988925, 22.325000585911717, 36.57732456582878, 42.884399951337905, 28.63207597142084, 33.63295927025353, 96.04934565323246, 103.66599280946996, 108.64538872008872, 101.02874156385123, 102.83623359992008, 93.05817830265626, 108.91797646905175, 107.74400378849136, 91.88420562209586, 100.46529946900874], "Y": [84.82331757947011, 92.46270285050844, 82.92302641436154, 75.28364114332322, 84.56555223351342, 106.46688418230926, 109.83140967153811, 100.2973772288909, 96.93285173966204, 104.78334992363517, 57.49802852069208, 48.16477867912041, 45.30173156896145, 54.63498141053312, 52.42171227764885, 57.89914911122794, 65.80246728864817, 71.86304243890957, 63.959724261489335, 65.57819128139693, 34.76945316694779, 33.123373683901974, 22.043114606670585, 23.689194089716402, 28.703469110334346, 93.61871408887153, 83.54947142806472, 75.64000150782623, 85.70924416863303, 84.85045249324423, 21.917691023247183, 13.89562784823433, 26.80748285634184, 34.829546031354695, 25.671415922417342, 37.98378209223964, 29.109396956173484, 39.238603699152755, 48.112988835218914, 40.59302828287506, 63.23394667232375, 60.500400808963185, 74.37479823932824, 77.10834410268882, 69.12637881519323, 85.88775967965432, 87.81218345810059, 97.48727164558017, 95.5628478671339, 92.82794892356975]}