{"X": [105.68573772790619, 114.94682825186425, 100.25311575648483, 90.99202523252677, 102.97246842291283, 49.95193865831464, 48.386246245446145, 63.47842684598779, 65.04411925885628, 57.76002015353467, 39.32690609039918, 28.304962497724432, 21.976809148473375, 32.99875274114812, 30.79641046812564, 55.66573333934679, 52.71979519945597, 67.14755487545968, 70.09349301535049, 61.499216591111704, 30.000768029617827, 38.76929945784552, 36.85489847266346, 28.08636704443576, 33.6795127206081, 99.64748583424608, 109.13401056887493, 103.12072565772687, 93.63420092309802, 101.58273040175385, 40.40728399809014, 47.94871996923629, 63.33392915396511, 55.79249318281896, 52.863558911144914, 62.13315349157874, 74.29679241006588, 83.68513428486254, 71.5214953663754, 74.61010658193167], "Y": [24.986119750635844, 37.12879430989983, 48.33553471034178, 36.192860151077795, 36.72205354900139, 92.5605815107587, 83.07539361755393, 80.58417120573039, 90.06935909893515, 87.55483277545395, 57.903207684690976, 64.97424637849412, 55.11027132736525, 48.039232633562115, 57.686639163203715, 68.35687157643359, 51.71424378775235, 49.16036299185876, 65.80299078054, 59.65597537334857, 75.99128897269634, 77.32127107248526, 89.94285839118908, 88.61287629140016, 83.42614082472886, 74.37707128538841, 83.08245314989007, 89.63531630211918, 80.92993443761752, 82.08211132175083, 30.919706254884353, 17.596039045982934, 26.30434496132475, 39.62801217022617, 29.71769080706299, 103.60432277039467, 92.90851865342735, 103.58526622280209, 114.28107033976941, 104.7054075283979]}