{"X": [78.5769410393431, 97.32899416345695, 96.87191201987267, 78.11985889575881, 88.43253047119872, 87.20639941401548, 92.58729775360473, 107.20620408642291, 101.82530574683366, 98.76531064151979, 49.869040232692406, 44.846326622189856, 60.1959944793961, 65.21870808989864, 55.83353597921647, 48.766550062228205, 65.72837639445994, 63.521375060951456, 46.55954872871972, 57.726489149327904, 46.66820213151898, 38.764876645998825, 33.76404648477552, 41.667371970295676, 40.57607162051638, 85.48115811662447, 83.8989742605099, 92.23712408430643, 93.819307940421, 89.50163575368153, 18.653551334616324, 34.31630161113763, 42.72138046245119, 27.05863018592988, 31.992295928263275, 55.88748967883466, 59.80153820644219, 50.95604257623474, 47.04199404862722, 54.27191107345598], "Y": [57.75634871780679, 58.42863279255883, 71.17804775042092, 70.50576367566887, 66.55462649324583, 97.54077531537341, 81.55141197882062, 86.47111060328326, 102.46047393983605, 93.1910372969187, 85.42663779690605, 67.76019455998167, 63.39615904761866, 81.06260228454303, 74.61192038626379, 18.154050335410624, 20.83814280786919, 34.78504430924901, 32.10095183679044, 27.4661935786703, 101.85646168885016, 105.71743225063939, 95.48083815352241, 91.61986759173318, 99.05345497454569, 48.25105234274648, 34.61858695212763, 33.65086133074782, 47.28332672136668, 41.15376404261122, 42.51865093880407, 33.22818760076767, 47.398272160879515, 56.68873549891592, 47.16002767775838, 41.70100636382638, 52.583760872810345, 55.765096914048, 44.88234240506404, 49.710741985474954]}