{"X": [75.45831572195726, 57.413848432210045, 57.564569877437066, 75.60903716718428, 67.84317400058012, 39.41250164549528, 37.46853512064342, 52.25281340503129, 54.19677992988315, 47.217332334226654, 82.55185332972971, 80.76105020657054, 98.83491017907977, 100.62571330223894, 90.96184535610337, 41.75335454420458, 35.723084988033236, 50.169867938646405, 56.20013749481775, 46.151467892554976, 40.62821019788815, 28.49914668305626, 27.922762620058695, 40.05182613489058, 36.12924586312734, 80.65682810064068, 70.89625891256834, 68.8803129262432, 78.64088211431554, 75.82034115021719], "Y": [90.72931510371579, 90.48772601990882, 79.23022983918152, 79.47181892298849, 86.83586309185714, 56.47202477869009, 37.32577178086661, 35.82468736073431, 54.97094035855779, 47.586919262573026, 83.38807389066135, 71.34055855677683, 68.65396933158804, 80.70148466547256, 77.28931241401897, 110.92869250569694, 93.5787212697952, 88.55750283506791, 105.90747407096966, 101.47376863645042, 84.35122945970973, 84.73198917119824, 66.37133099729566, 65.99057128580715, 75.99398641507301, 43.76282539902015, 45.79326769792864, 36.10238394835299, 34.0719416494445, 40.55730548438534]}