{"X": [52.734501646259325, 44.39222725537418, 36.669603642057744, 45.01187803294289, 45.33883760075665, 73.52166206066498, 83.91055222368739, 96.81528751667919, 86.42639735365678, 86.55609371330807, 35.24748972282127, 23.560616531432238, 14.390550337669207, 26.077423529058244, 25.374911664021255, 94.28487745409001, 93.40396229001446, 102.61519298006837, 103.49610814414392, 98.72722042265345, 87.17264553205364, 86.35185351998717, 100.45360414815504, 101.2743961602215, 95.41200333038826, 69.07417152750975, 69.02462451331048, 49.72202315215745, 49.77157016635671, 60.2005592261883, 71.26911756665338, 80.83439055024527, 88.7343234711759, 79.169050487584, 80.83484860879045, 45.71234455707807, 47.22177796740484, 57.562533920254, 56.053100509927226, 52.78815500821775, 46.17969200246095, 36.487225995917825, 27.969817172417933, 37.66228317896106, 37.42629357350105, 34.45766169129311, 17.88424639146933, 20.799305724499746, 37.372721024323525, 28.93083498022639], "Y": [75.57602231559447, 81.09978277995492, 69.43666928770942, 63.91290882334897, 72.71139504717051, 65.8236913619286, 50.16619243821313, 58.72859938423625, 74.38609830795171, 64.53080227144763, 76.13538564291886, 92.33654721285899, 85.7216264060697, 69.52046483612958, 82.15556091844155, 33.28918172395508, 23.336124724648606, 22.520866377868124, 32.4739233771746, 28.363924442296394, 97.899821165865, 88.2280091818375, 87.03127331777517, 96.70308530180267, 93.17353305711782, 94.71143925712389, 106.50253661693795, 106.42142573857447, 94.63032837876041, 100.86053775562947, 31.29437836741294, 21.27888173370354, 28.823691312734795, 38.8391879464442, 30.35375703604294, 55.58567687198089, 46.3570625363201, 48.04839798014199, 57.27701231580278, 52.823573755754175, 23.672246054311877, 37.60404902961385, 31.678420047352574, 17.7466170720506, 29.52822424902728, 54.95263094416225, 50.52515400095522, 39.61318549842807, 44.0406624416351, 47.765714462946725]}