{"X": [63.31759300830887, 72.66904699061539, 66.1284193211657, 56.776965338859185, 65.22909091949037, 100.54190951777385, 93.78536242234426, 85.639369325988, 92.39591642141758, 94.15028993589827, 102.60569564522763, 98.43480477646169, 85.78467001499354, 89.95556088375947, 94.49082092635784, 36.35930716923222, 28.200154687493896, 12.587862457015051, 20.74701493875337, 25.380527886710823, 69.2821143215994, 75.45676328140684, 82.62800065849898, 76.45335169869153, 76.17965514949641, 82.06162969869912, 76.02183213156708, 64.56938672027515, 70.60918428740719, 73.9294593803182, 29.863972252618037, 39.028104680300345, 53.53736710597981, 44.37323467829751, 43.09872036103999, 68.36300041827698, 57.727282035895016, 42.42767423726622, 53.063392619648184, 55.694525631199355, 26.704450010935123, 35.26703907361559, 27.1376402611514, 18.575051198470927, 28.17771998660703, 106.65858332456712, 100.00338595443422, 90.5313310222255, 97.1865283923584, 99.93827148048992], "Y": [82.00088933914648, 92.54813578693897, 98.34722078689751, 87.79997433910502, 90.39801555878864, 75.7174612604736, 81.65705368237563, 72.39062897087156, 66.45103654896953, 74.25185644475337, 36.555716722398685, 49.16847606867458, 44.98522559059067, 32.37246624431478, 42.10330887357029, 90.11555724314526, 101.5393138562379, 90.38859722140141, 78.96484060830878, 90.62811199116815, 27.262345281223595, 17.36204149631955, 21.834618739707985, 31.73492252461203, 24.876525981017515, 51.87632475359175, 60.105172202065, 51.6993228573105, 43.47047540883725, 52.923413156219766, 75.3191793616927, 59.539442175045366, 67.96574235509115, 83.74547954173849, 73.41987029668607, 31.962669313414732, 45.24024685724362, 32.98482455826104, 19.707247014432152, 33.28620919302614, 23.23808531637591, 27.780523139459333, 43.10460771009257, 38.56216988700915, 33.48639766085646, 94.65507000886282, 101.3157284952041, 91.85143976101062, 85.19078127466935, 93.8889210942934]}