{"X": [87.57111243843153, 99.92748877729065, 107.03759564042994, 94.68121930157082, 97.73424216166222, 31.14552075454724, 24.18471956647533, 33.72976615125447, 40.690567339326385, 33.70851434721627, 61.23038308938948, 76.4505513526044, 67.35081080840018, 52.13064254518525, 66.22798129860689, 52.54520849609693, 50.482505581021826, 35.64196635084957, 37.70466926592468, 45.39151391468699, 17.99799263398857, 36.17492264659252, 39.172967524551794, 20.996037511947847, 29.014046484977875, 75.40862618098974, 86.94465238478652, 91.6849729657025, 80.14894676190572, 83.93252659298223, 101.02803535833165, 91.2841338676527, 91.64709614523959, 101.39099763591854, 97.2549998059214, 59.39011981248945, 61.009565265153704, 52.948717912831505, 51.32927246016725, 57.14812918601677, 59.65289463463942, 56.29077225614617, 65.7633746309665, 69.12549700945975, 63.36028187419485], "Y": [93.5521857278209, 87.79862612828381, 103.06833085464535, 108.82189045418244, 98.637020581418, 45.585000380779235, 40.41023943288396, 27.57077259054489, 32.745533538440164, 37.06092938080914, 18.479638335763372, 28.983104159752834, 42.169188120540355, 31.66572229655089, 31.027206415906758, 47.456357862468, 65.22421282826926, 63.5013473731942, 45.733492407392944, 56.5020225010571, 79.8833251073163, 74.06835118135707, 83.43988966376259, 89.25486358972181, 81.91316378129265, 45.96805910353869, 41.45027075212715, 53.554525795141345, 58.072314146552884, 50.914558121873874, 74.97768771382121, 74.72977814493493, 60.46381538469447, 60.71172495358076, 68.10374959202481, 93.41260731584255, 103.11080998653779, 104.4568431673852, 94.75864049668996, 100.07366633988562, 78.54762478081247, 64.82898859805006, 62.50747150242439, 76.22610768518679, 71.31270897136616]}