{"X": [68.76096976824925, 64.27009770909723, 80.83553993423882, 85.32641199339085, 75.37499578494922, 24.958311179584143, 28.884456910668135, 47.122433669676155, 43.196287938592164, 38.0655332288193, 98.57324152293342, 91.81442743908106, 107.49366959336655, 114.2524836772189, 104.15888557215865, 29.374597187417745, 18.582328734316107, 25.24829735066034, 36.04056580376198, 28.87646119760596, 96.9537651288395, 91.448156157197, 109.26588505285295, 114.77149402449545, 105.3971813400992, 72.20749689684158, 59.54643280100956, 69.68336625391333, 82.34443034974535, 71.56130321255239, 21.279631607268016, 32.419181653925044, 40.023998720359636, 28.884448673702607, 30.726021720330383, 44.87768055860803, 53.14562897796431, 51.66465451996188, 43.3967061006056, 49.62636178779291, 92.15271179360744, 98.0405180863118, 87.75362051933897, 81.8658142266346, 90.22572798682353], "Y": [89.61346102600007, 76.89137769384871, 71.04380700168244, 83.7658903338338, 80.70752977605441, 99.77082978392549, 86.05591071176828, 91.27686420185152, 104.99178327400874, 96.28317552816316, 80.912687053928, 66.93373583875703, 59.352832159695126, 73.33178337486609, 70.2280021111588, 78.9715181427408, 74.84729032895017, 57.4038012551942, 61.52802906898484, 68.36493818577483, 37.61896433563411, 22.757198717161927, 16.156539644710342, 31.018305263182526, 27.774788316742388, 53.398760908789974, 44.85586517700145, 29.832345259179796, 38.37524099096832, 43.06794006891037, 25.977270181226586, 19.893894737220535, 33.81942688412896, 39.90280232813501, 31.07250910577471, 39.41073973302009, 40.22141714808787, 55.32560063903211, 54.514923223964324, 47.79293232187463, 90.48846763952658, 96.08318398980285, 106.90898040828203, 101.31426405800576, 98.7491786172533]}