{"X": [75.37095498440657, 65.18000718214596, 60.940367905171584, 71.1313157074322, 69.37548513114872, 23.40539707139352, 30.89138926185399, 41.61667267087793, 34.13068048041747, 32.87279018993903, 78.47816930331032, 89.12486271782495, 99.59627193960645, 88.94957852509182, 89.71591978817769, 32.19545816116359, 21.08789885954328, 21.323697891035625, 32.431257192655934, 28.234916696299962, 40.955043355081, 28.7927347713852, 20.80356119465293, 32.96586977834873, 32.644439325628134, 84.54799423805684, 78.33494984743258, 85.41439643019007, 91.62744082081433, 86.1197016920484, 93.66435509430464, 106.45773097830627, 94.83121567516899, 82.03783979116736, 95.76323218109478, 57.77569431993661, 40.05881628978314, 42.30783269098247, 60.024710721135946, 50.8657689713786, 59.26511699621719, 70.6785297997471, 63.708821538647456, 52.29540873511755, 63.10561140174483, 109.8413716443207, 100.10101881626291, 93.18966677610959, 102.93001960416738, 102.3242065963092], "Y": [66.94227716888366, 70.9143261259554, 60.036831150689025, 56.06478219361729, 63.574281218204575, 67.62551088191786, 53.57166431778324, 59.28464741276926, 73.33849397690389, 63.904004828910836, 88.03981198486476, 72.76900336042144, 80.06959145264456, 95.34040007708788, 84.60681027391156, 107.82269320437072, 107.63820519392313, 93.4413383123759, 93.6258263228235, 100.98832586849646, 36.71364069921982, 42.537472590908195, 25.853132078332507, 20.029300186644136, 32.12663439088883, 58.69241556853564, 53.46821105002282, 45.04876351042941, 50.27296802894222, 52.27384253656916, 18.258822983662707, 32.4122235524562, 42.92152693655537, 28.768126367761877, 32.38190300852613, 102.41968772683258, 100.25270314578484, 81.86514763830725, 84.03213221935499, 94.2464903067221, 14.563168270470463, 19.158196539836393, 36.46998502967731, 31.87495676031138, 25.79372783640423, 91.317908364198, 106.13876800097019, 101.59658832719576, 86.77572869042358, 96.98041107856791]}