{"X": [76.00731324435976, 59.14014814822342, 59.15199843753138, 76.01916353366774, 67.68012626480483, 44.25586945452281, 32.65821908052875, 21.92053680709374, 33.5181871810878, 33.89959468044413, 92.76266437463877, 85.69563290512411, 94.57211311233169, 101.63914458184635, 94.3160962381165, 36.407014877362364, 37.54990724444227, 52.61819273727287, 51.47530037019297, 46.28131704188206, 49.813570861650476, 60.30651501594956, 70.24542188118774, 59.75247772688866, 61.57002775862107, 75.1305651827513, 89.22384634292054, 89.5246807709405, 75.43139961077127, 84.44675559935425, 79.21927196165132, 95.11681407029927, 93.91189151955479, 78.01434941090683, 86.58468103300152, 20.857719214170896, 18.091369714396713, 29.089559942358736, 31.85590944213292, 25.788632938930935], "Y": [95.87998128306644, 95.856844967847, 87.21757876237989, 87.24071507759933, 93.01792736239878, 74.12821433611332, 84.8021142993255, 73.13516170809505, 62.46126174488287, 73.79787747684895, 105.68001551887299, 95.16730063929941, 89.20020596571074, 99.71292084528432, 98.28520483975413, 40.832709937856876, 27.67950217188312, 28.988797119636263, 42.14200488561002, 35.17533669646167, 52.023383131881715, 41.812439835704225, 52.02583458942543, 62.23677788560292, 53.296415846453506, 65.47297500197043, 65.22529772400004, 82.34331602380918, 82.59099330177956, 74.01282468905772, 32.78553084780339, 34.35295253937345, 46.57385460493838, 45.00643291336833, 40.215670588298, 103.20792064770542, 91.96319137836889, 89.25749368598333, 100.50222295531987, 96.78896617689956]}