{"X": [111.27065497919496, 94.25579456992548, 95.69623747567938, 112.71109788494886, 104.10949626729963, 98.19882681591506, 94.27143709380881, 75.25092000360166, 79.1783097257079, 86.81365624861182, 96.18620110009283, 89.14203206507075, 101.77757967191803, 108.82174870694011, 99.23873456272533, 83.52531113342891, 85.79833626578807, 72.99981236485473, 70.72678723249558, 78.84263665414977, 34.63154547908505, 45.61711202346148, 56.615004670537544, 45.62943812616111, 46.50706177163928, 58.16136856708129, 45.72302688074653, 42.22484712398201, 54.66318881031677, 51.73148874337748, 38.098814485326386, 31.158001722558588, 18.693223943759673, 25.634036706527468, 29.732506258727316], "Y": [101.38180662351941, 98.72132944476992, 89.50909670521106, 92.16957388396055, 97.21190806205864, 63.36893562328542, 81.37082420475662, 77.22120495835637, 59.21931637688517, 70.47487631113195, 57.23823789344627, 39.136295999176255, 34.2193134062272, 52.321255300497214, 47.10979968793464, 26.031806910508095, 34.972060536686854, 38.22603606135604, 29.285782435177286, 33.08127407299696, 83.93909943675625, 72.3382330984635, 82.7528071482963, 94.35367348658905, 84.91249268369721, 57.21875416002095, 59.46291258689752, 40.074105373577865, 37.8299469467013, 49.310099760954266, 51.942703984867634, 61.14020476046497, 51.733770251462914, 42.53626947586558, 53.18172616561461]}