{"X": [42.41375058423366, 48.14521423805489, 33.27904612063336, 27.54758246681213, 37.93752260570244, 28.34968972015202, 37.700815037152054, 40.56031750907753, 31.209192192077495, 35.497251798151225, 85.59753494770969, 71.34492534748847, 72.9243822039805, 87.17699180420172, 79.62575830588159, 38.75530407179128, 56.89671545869991, 56.81630426943783, 38.6748928825292, 48.529844991065715, 105.24505360096425, 108.69803910051924, 93.85564432584893, 90.40265882629394, 99.76065031435068, 54.18448170039342, 54.7015630338886, 74.22078476611459, 73.70370343261942, 65.57626513577536, 25.173732879391004, 32.47871871583724, 41.33370481093858, 34.02871897449234, 33.50313601957231, 98.41020452769538, 103.15958813846912, 90.96937109792637, 86.21998748715264, 95.12040553740597, 89.3749365536237, 85.4774600324294, 95.19055148560714, 99.08802800680144, 92.65528489841076, 79.09893303121672, 76.30648066716714, 63.00590092350932, 65.79835328755891, 71.22051526287045, 54.297569622987794, 56.298006899387936, 65.7271958020749, 63.72675852567476, 60.71110941639355], "Y": [24.701978874087512, 36.033788808683425, 43.55287911538436, 32.22106918078845, 35.50951593754185, 97.40890835397069, 95.03920982468112, 106.323162457788, 108.69286098707757, 102.46564476494655, 44.770046918975055, 42.84814226687054, 31.135083592849867, 33.05698824495438, 38.50169926337826, 49.56184274682649, 49.714544435250204, 59.26763110752187, 59.11492941909816, 56.64008101343584, 21.25023882876772, 29.00278012499459, 35.613589661804234, 27.861048365577364, 28.901325232238435, 105.49025368557972, 90.7914477417907, 91.4781038715937, 106.17690981538271, 98.96805237733258, 67.11594971880321, 61.45464467630744, 72.8805522225518, 78.54185726504757, 70.39682944738821, 91.63188641913244, 107.47555277028935, 111.12975854191625, 95.28609219075933, 102.22580441101853, 85.64626952569695, 73.04416854300558, 70.0401816729616, 82.64228265565296, 79.20265508006594, 53.54073703454656, 61.053889320225295, 56.110393709307836, 48.5972414236291, 55.28229408756517, 40.23305638163169, 20.674445178287208, 21.638854193377604, 41.19746539672209, 32.638777796351334]}