{"X": [98.61110349860735, 91.80916553025749, 102.67265810840107, 109.47459607675093, 101.36649815945296, 61.12012149730111, 71.1837822767693, 59.31539704448386, 49.251736265015666, 61.91513005457871, 41.48515132068552, 24.854477954682967, 24.200930472041787, 40.831603838044344, 33.564359358480786, 68.75631466889864, 63.119984117121795, 74.84148319335175, 80.4778137451286, 72.37156682699688, 82.70235682049562, 74.76640900417567, 84.67617355469545, 92.6121213710154, 85.02326996061214, 58.755567969552054, 50.24747391588674, 42.73493685383898, 51.2430309075043, 51.74549664339613], "Y": [75.46808264463779, 58.94879686069527, 54.47567353063043, 70.99495931457295, 67.02701311071417, 74.74022953227204, 82.3644560796174, 98.03022915654118, 90.40600260919582, 87.3715420285291, 63.779579361553374, 65.03736264896415, 56.39602131316613, 55.138238025755356, 61.96200210291307, 38.22599239811814, 24.61205649084735, 19.759217179278757, 33.37315308654954, 29.59137700709801, 109.69455557409621, 96.99085610168882, 90.80026772105553, 103.50396719346293, 101.28522246163487, 43.00623533760775, 46.80119519280988, 29.958494783757867, 26.16353492855574, 37.03580997492229]}