{"X": [20.00977672348366, 35.84686594235502, 31.100164657575228, 15.263075438703865, 26.631644027875694, 36.55527846971377, 26.0100687421276, 19.94234532285327, 30.48755505043944, 29.192744564110956, 86.20960607612389, 81.93504500247575, 69.655275083914, 73.92983615756215, 79.06128496796393, 97.57582100134172, 92.37140355165691, 109.84116722478936, 115.04558467447417, 105.46599808389712, 77.82192071652659, 60.300881845740726, 57.989492930891856, 75.51053180167771, 69.36807510723688], "Y": [13.642401442388028, 18.058415362002503, 35.08144407314201, 30.665430153527534, 24.830304304641473, 64.61117069980806, 68.0332591052041, 49.33549082886736, 45.913402423471304, 58.00051626449182, 83.23552776915861, 93.55469761881318, 88.46798742293473, 78.14881757328016, 86.10370263187446, 75.19380432951792, 64.00070757590146, 55.87784891545573, 67.07094566907219, 66.04359040151945, 47.843556128955605, 50.751517888431096, 36.82494719312897, 33.91698543365348, 43.31976810307299]}