{"X": [12.15448700843286, 24.80492350579864, 37.781598436543014, 25.131161939177233, 25.625655416458176, 93.71475754429403, 82.40216802764542, 85.58314630447398, 96.8957358211226, 90.1543063295449, 39.71238507778811, 23.891130913374983, 32.4490923630146, 48.27034652742773, 37.85853379272206, 36.70537306495407, 19.053997900528046, 14.590568175082401, 32.241943339508424, 26.438752541058367, 87.16389312523972, 70.15738857623246, 67.94761831169905, 84.9541228607063, 78.27790145714897, 85.76444217474149, 71.33451402405427, 72.25810403497486, 86.68803218566208, 80.17109391287535, 109.72021720183466, 103.24567730893716, 93.04385893944658, 99.51839883234408, 102.50387766926238, 55.73766609869027, 66.55298018376588, 71.70050993983106, 60.885195854755445, 64.79132819404866, 59.32735098392289, 51.65502448212194, 55.66753517782728, 63.339861679628235, 57.76826634117308], "Y": [69.2808347441262, 53.83840087880921, 64.46888850725472, 79.9113223725717, 67.17596312017331, 90.12451761162109, 87.36735597810666, 74.31585363971485, 77.07301527322927, 82.5848923553178, 49.202156449812485, 40.48589365829274, 24.951978898892726, 33.66824169041247, 37.890081729204, 102.48090940913363, 107.60134849461656, 92.21484134384133, 87.0944022583584, 99.32785014222867, 31.445617580984347, 33.92193161188045, 18.745961364500637, 16.26964733360453, 25.18613553033418, 52.29893791914404, 51.269373487571286, 38.32473681445137, 39.35430124602412, 46.52408093210153, 58.40467392660539, 65.5846674789006, 56.38520517684234, 49.205211624547125, 57.88169291757571, 63.62079930803409, 58.139419386113715, 68.29601350422641, 73.77739342614679, 66.36982880486006, 43.58965540945368, 40.397880422200174, 30.752685421812522, 33.944460409066025, 37.61287491476755]}