{"X": [86.65538134856034, 76.49833535584578, 79.16621648401271, 89.32326247672727, 83.78836457360224, 63.25031593900466, 68.92767559301137, 77.34283840996076, 71.66547875595404, 70.81221211102869, 59.62774710927671, 47.178434068730496, 39.16371105545677, 51.61302409600299, 49.652253093334, 82.84846669030824, 99.23206944578686, 102.93829876019532, 86.5546960047167, 93.30383176632385, 94.7343340133793, 86.24072283776303, 85.75993187572213, 94.2535430513384, 91.36511242741028, 37.03225677181351, 41.16512580843004, 23.364670871091747, 19.231801834475213, 31.30427087265261, 68.2160010438352, 79.21313610515504, 76.12386760118247, 65.12673253986263, 74.40676522699582, 22.908558255434983, 31.834067526530156, 34.26075510587957, 25.335245834784395, 28.829997430002418, 23.00635006992898, 23.281904572946896, 33.64964673051832, 33.3740922275004, 28.917051327019628], "Y": [105.7924113075795, 103.5560731922851, 91.43903635578715, 93.67537447108155, 98.77594906339493, 77.36596264024703, 60.50983525599398, 63.344169902959095, 80.20029728721215, 71.27876249825412, 59.21042298084093, 71.10441171426798, 62.71548534467277, 50.82149661124572, 61.67197753537302, 52.974820881958124, 44.76751009607867, 52.165961354004494, 60.37327213988395, 54.2776104009253, 37.22061466923958, 37.48847843875454, 22.2432233760023, 21.975359606487338, 29.86560525171113, 18.211817832413164, 34.197090019958246, 38.799260579527015, 22.813988391981933, 30.288535789582948, 24.774029107352238, 26.527836421204913, 45.898894296563796, 44.14508698271112, 36.561172031983304, 80.80316010250394, 78.42365625142696, 87.52615149543826, 89.90565534651523, 84.18030086829489, 106.92351561199433, 97.74559645261225, 98.0568737680947, 107.23479292747679, 102.71502605857661]}