{"X": [70.70429105001179, 57.14045668380946, 63.74519845697364, 77.30903282317597, 67.97897973059725, 49.91043393451889, 66.43151240850959, 71.13426739864158, 54.613188924650885, 62.01398613497146, 105.19297140801646, 86.61761113956888, 91.60384171722762, 110.1792019856752, 99.7984862783976, 67.1461837427793, 74.45126832223687, 86.45279344661097, 79.1477088671534, 77.22093065660366, 111.78299716600307, 97.18183304039945, 85.24884813337988, 99.8500122589835, 100.73890012571472, 43.01492274580218, 37.37285247669117, 52.984905319488064, 58.62697558859907, 48.24184092251283, 106.9650390936562, 92.06818711187358, 98.67958547403734, 113.57643745581996, 103.64250649797006], "Y": [40.298755710367516, 28.33706249791982, 20.847686048312255, 32.809379260759954, 32.19079561362581, 53.507747002144065, 47.7650888899553, 61.29446548143576, 67.03712359362453, 57.45716323841218, 79.76847882050859, 74.43476937136074, 57.06955099105349, 62.40326044020134, 70.75017609202408, 102.27086069001446, 91.10606368367074, 98.95861631550305, 110.12341332184677, 102.1783280597082, 32.562498063142456, 44.286671627070774, 29.42545602106742, 17.7012824571391, 33.04113294663098, 115.17547041612434, 96.97760693501903, 92.13724206056045, 110.33510554166577, 104.89698794149767, 107.91535222515648, 99.36387072304989, 87.84668241252248, 96.39816391462908, 99.8268581223174]}