{"X": [34.063045935109294, 43.42888341324703, 49.8268373449468, 40.46099986680907, 42.114406969663506, 44.30868765533863, 52.307323917188555, 47.4957749846631, 39.497138722813176, 46.937432610775325, 66.11660726219914, 72.36926364568929, 80.00365719776998, 73.75100081427983, 73.25005867969764, 76.93252186609283, 89.25561550045126, 84.46913414388541, 72.14604050952698, 81.61022772208577, 58.006333388281156, 62.33837539089535, 54.373963093622045, 50.04192109100785, 56.72064318285368, 41.08174098636157, 24.02007627341866, 25.186132461594937, 42.247797174537844, 33.95784649694143, 83.74838024876794, 66.20530112243914, 73.29720269939807, 90.84028182572688, 79.28955312080693, 87.62020564277968, 98.6003451206519, 97.22456051782935, 86.24442103995713, 94.15411535799532, 104.096354576183, 114.11325822240178, 101.76324073463, 91.74633708841122, 103.13101514861701, 25.304249722763636, 40.01386278811721, 33.19286124226313, 18.48324817690955, 30.33868401643487], "Y": [49.59730210884225, 46.183578251645194, 63.736901022782696, 67.15062487997976, 57.404211809986016, 94.98221567005574, 98.39617459288297, 109.66925392316729, 106.25529500034006, 102.77376059962361, 84.31116080263246, 76.00117674705034, 81.74550059390873, 90.05548464949085, 83.437375001956, 20.85970138878409, 27.74922921266415, 36.310666141857475, 29.421138317977412, 30.088355720436777, 68.25865331778166, 79.53884585609879, 82.59749653787804, 71.31730399956092, 76.4316967361577, 36.36904477746426, 34.282316803900905, 24.74831909496958, 26.835047068532937, 30.936995875829513, 69.11472998274698, 61.11961705967096, 45.55838712861703, 53.55350005169305, 59.47314126260294, 93.63195893734778, 94.53041032112499, 111.3441267928961, 110.44567540911889, 102.96884681549851, 57.655370405937454, 66.86809373514694, 80.29614652512927, 71.08342319591978, 69.55146483453875, 78.16124414532116, 85.28462879700353, 99.3698282301123, 92.24644357842993, 90.42450158573183]}