{"X": [45.2845687802437, 54.5403642328641, 51.34780766301046, 42.09201221039006, 48.32360516091229, 78.21557820526253, 62.405263042700945, 66.97442242134868, 82.78473758391027, 72.72963778867117, 105.99009813409965, 106.77047819066681, 98.68577102099515, 97.905390964428, 102.37878992122948, 38.40776506713014, 51.19567007743424, 52.132434505942655, 39.34452949563856, 46.20508231312302, 31.180006127773993, 36.63937756346364, 20.286175345491422, 14.826803909801777, 25.977226499341008, 86.8319559891476, 100.99183690650264, 92.80458915889956, 78.64470824154452, 89.86449406344988, 97.26762118298504, 97.78540147954368, 110.64675753094696, 110.12897723438832, 105.52224663432577, 37.21200541056638, 35.54198443316816, 51.16503008876994, 52.835051066168155, 44.406293944348924, 68.89124201680002, 56.108085071277, 62.49600009093563, 75.27915703645866, 65.89540599991166, 84.47083110436044, 82.72077649912738, 64.65807503909433, 66.40812964432739, 74.71016659595492], "Y": [32.204759728559864, 34.14617865562372, 49.36682483845186, 47.425405911388005, 41.56484145784428, 72.25932655668595, 67.94242177395319, 51.20824452423762, 55.52514930697038, 62.43528642009392, 51.731770899576865, 70.79538643162249, 71.126338565429, 52.062723033383364, 62.68810973143161, 94.69626597311995, 93.26056848148072, 101.60442545591891, 103.04012294755815, 98.35778193912607, 70.32377724790393, 86.45677768509117, 91.99066491322662, 75.85766447603939, 82.69238152232924, 89.21901722487097, 95.59929251934169, 113.7694259064403, 107.38915061196958, 102.88850892024227, 43.25740771493672, 29.247983353511533, 29.72333170321092, 43.732756064636106, 36.514873644324375, 74.13821230562309, 59.59519914539035, 57.80115456272785, 72.34416772296058, 66.43619905383608, 100.90973332536579, 89.25795463242258, 82.2497782498403, 93.90155694278351, 92.98089268209415, 32.155510213666176, 42.80952382456075, 39.84249984396848, 29.188486233073913, 36.11234368723341]}