{"X": [33.48053068451498, 31.57076223936938, 42.37369490723774, 44.28346335238334, 38.42428422979469, 73.93076598003145, 60.35798688148904, 62.418427303070956, 75.99120640161337, 69.31866884500099, 74.364933626827, 75.61876343211199, 94.17722132321171, 92.92339151792672, 86.28454643316218, 30.193343148780937, 41.78613396340681, 52.71462592987102, 41.12183511524515, 42.315959907942435, 51.33803201417435, 60.21605810604728, 64.91699920010367, 56.038973108230756, 59.46731469688133, 93.09962080420699, 107.13069131626702, 112.31360542915515, 98.28253491709512, 102.85339294721459], "Y": [87.52622721056127, 69.18869803831915, 68.06362280433629, 86.40115197657842, 77.80984548588798, 39.751106458523516, 37.29027382266328, 25.92586720666325, 28.386699842523488, 32.94055638565429, 84.08515305016954, 68.83942325298045, 70.3656963768999, 85.61142617408899, 77.41644412227137, 36.64736843700173, 27.87775215010682, 42.32441858816567, 51.094034875060586, 41.268922716901464, 73.58858550482852, 70.41556204427457, 83.56865662684795, 86.7416800874019, 79.58469509575458, 50.82782201489629, 44.039156064115964, 54.751398189908805, 61.54006414068913, 53.37485775638255]}