{"X": [85.23867125681515, 71.42587741769525, 78.02652210493274, 91.83931594405264, 82.57967207982041, 49.08158692653723, 62.74968381613809, 63.61158450206425, 49.943487612463386, 57.43880347989023, 52.552759404454825, 46.903306081507154, 62.55164278079524, 68.20109610374291, 58.407543714528956, 20.296527228819258, 27.420282574422096, 33.05013569405848, 25.926380348455645, 27.751744795543814, 36.662137081092936, 20.040769257779303, 21.538099219483552, 38.15946704279719, 29.988819868303906, 88.98839000270657, 94.06068605281578, 79.15059023799434, 74.07829418788512, 84.60061577707756, 98.77472310619382, 102.90484247785362, 93.58922976226143, 89.45911039060162, 96.31905087397428, 61.29250022260492, 57.09181341422756, 39.3056582640826, 43.506345072459965, 51.82470251544436], "Y": [52.03312396431078, 40.99750586231885, 32.735771591753924, 43.77138969374585, 43.139610736971896, 91.87584024346712, 90.89167381799481, 102.86174491526744, 103.84591134073975, 97.39723198327304, 34.553297483221094, 22.77403826139393, 15.26893576729295, 27.048194989120116, 26.406117354589124, 26.240855771638603, 21.801189547592237, 30.834683110406896, 35.27434933445326, 29.38424428482966, 87.59279401520651, 85.82667877272166, 71.73491881976496, 73.5010340622498, 80.9353766486432, 62.118507498805045, 68.92811811646679, 80.03424801941823, 73.22463740175648, 71.41006017257492, 18.84262768871597, 33.7915625015786, 36.3652972202853, 21.416362407422668, 28.815462928230954, 43.75852774921641, 62.22515372696961, 58.17925669082585, 39.712630713072656, 52.24176927082901]}