{"X": [18.60639874098787, 32.39079270078096, 37.28152421834824, 23.49713025855515, 28.188407186244827, 54.75671292523829, 60.71811960573888, 73.8760023337607, 67.91459565326011, 65.7974513227861, 100.68251297864632, 109.56249597630512, 100.61669296184559, 91.73670996418679, 101.61331738727898, 77.32575788248221, 75.06635969945384, 90.75075863613245, 93.01015681916081, 84.46057471582718, 84.34569403064027, 69.2163575102511, 65.80782034603676, 80.93715686642594, 75.7679289717144, 56.14950235809487, 53.48645923146767, 71.54602835153683, 74.20907147816405, 66.11403569134986], "Y": [58.64331337306098, 52.23756682191246, 62.761831160412825, 69.16757771156134, 62.12457320744267, 91.77528478153829, 83.06450926530344, 92.06938946797652, 100.78016498421137, 92.7947114016575, 94.04460279794097, 108.00739073318195, 113.69669712652112, 99.73390919128013, 105.92950320015436, 33.23199671072696, 21.809025129601558, 18.706741086631677, 30.129712667757083, 27.245543344871773, 72.01693236045402, 78.43426921380106, 70.39839592584123, 63.98105907249418, 72.72095755607835, 60.37699746400196, 41.56588330987931, 39.009234563770406, 57.820348717893054, 50.22583565484096]}