{"X": [82.64048033440447, 71.210561898993, 77.17833764841684, 88.60825608382831, 80.50610895739554, 109.53975416029861, 105.14782479179817, 86.44889528074118, 90.84082464924163, 98.59206918926445, 36.31555618904059, 40.35621722153285, 26.798616104083393, 22.757955071591134, 31.767582180772443, 77.66908170258463, 78.94841634826726, 63.7543289674378, 62.474994321755176, 71.83860318393019, 41.832431634043395, 47.084524422162495, 62.64869169255325, 57.39659890443415, 54.34390222723289, 69.50752976798, 52.97074534144504, 56.433410727333495, 72.97019515386846, 63.234835552893784, 30.137780575224312, 38.19787476765877, 44.81112968607465, 36.751035493640195, 38.699774660248636, 32.22060593927117, 36.142348994592176, 20.629184249000286, 16.70744119367928, 26.95874973079033], "Y": [74.3706637818735, 62.32176402577571, 56.66056744870068, 68.70946720479847, 66.97208146628373, 33.19592744950299, 52.597242143956684, 48.36431365573378, 28.962998961280086, 40.810502839148185, 86.09354132103698, 103.4956594575971, 106.64364811618807, 89.24152997962796, 96.5394728416137, 93.74153740115719, 107.00466250391035, 108.47025392714056, 95.2071288243874, 102.387218036649, 46.27794187507318, 34.853926157654925, 42.009417947574505, 53.43343366499276, 45.1457922310199, 88.26572575061623, 83.78475512073393, 71.00597218343846, 75.48694281332075, 80.51978399607003, 66.79299932870016, 60.88068137099981, 69.89634290043237, 75.80866085813273, 68.76722373271556, 37.46642357298242, 53.80348615042729, 57.527450958585035, 41.19038838114017, 49.407593909727396]}