{"X": [29.544753073172064, 26.888250415117113, 19.09589462960294, 21.752397287657892, 24.587217561933194, 59.110133581402295, 66.20341866844397, 74.60794832795125, 67.51466324090957, 67.34934138244031, 47.98777429042471, 35.87089746216829, 32.46161553322278, 44.578492361479206, 40.47762291075535, 66.16237652254061, 64.2468583492356, 53.28390023114443, 55.199418404449446, 60.06584800221768, 32.624628538912795, 17.156139400678946, 16.859610251494303, 32.32809938972815, 25.262882698858416, 98.70219092131936, 89.24474606032021, 81.93004091337124, 91.38748577437039, 90.86203810846311, 40.22343685071622, 48.17261995212324, 62.01653128913599, 54.06734818772897, 52.70299093275715, 96.28035316187345, 89.4364394303425, 104.66433860730527, 111.50825233883621, 100.70042251517289, 60.331056368049936, 76.6929359533798, 84.89145692984965, 68.52957734451978, 73.26973953322808, 66.82513984007296, 74.87183126533608, 85.27267586636135, 77.22598444109823, 77.90057115924577, 96.50568140617361, 109.69696930488024, 107.95746605832238, 94.76617815961575, 103.42644943990494], "Y": [68.1987760402341, 76.41197991603143, 73.89159759388693, 65.6783937180896, 71.40089186271163, 34.13127508621002, 17.158073178189575, 20.670417237987262, 37.6436191460077, 29.690099480516704, 43.96173117752863, 48.01217383586044, 37.81332578628781, 33.762883127956, 42.43540181759877, 68.66146209925623, 84.50967790423611, 83.1846236667877, 67.33640786180781, 77.70389165766086, 103.28569504031475, 103.73575672352266, 93.5441361202343, 93.09407443702639, 98.70616370674759, 98.98436714112952, 112.59968597166896, 107.51876047423823, 93.9034416436988, 104.22403561995084, 102.3030269146987, 93.19068248658623, 105.2674632673972, 114.37980769550968, 104.8077317289083, 56.04928226744314, 43.61743227153568, 35.23425291255912, 47.666102908466584, 47.06692561891052, 92.92613118351969, 82.34837420804244, 95.0300054183065, 105.60776239378374, 94.18441974765926, 53.128518426174445, 46.83962209347027, 60.14758308359476, 66.43647941629894, 57.022036840231635, 61.52378749656713, 63.061258388898196, 77.98595598189725, 76.44848508956618, 70.7804402035966]}