{"X": [48.084749905476265, 39.31998061726759, 45.28133922887573, 54.046108517084406, 46.813900251373795, 78.77404988522713, 91.38372650356705, 93.97935981523747, 81.36968319689755, 86.94984272461956, 105.1970660374644, 96.81711104720213, 95.49088541836736, 103.87084040862962, 100.85974689928483, 88.0616236992322, 82.18874576950472, 69.37685997038892, 75.2497379001164, 79.29444712725056, 17.381526203729926, 22.191113083085654, 38.421595371133, 33.612008491777274, 29.678456646994427, 52.18848584443669, 45.547272329652586, 38.88728859840199, 45.52850211318609, 46.239192132605574, 53.01020822928682, 33.612085682446356, 31.1970428505779, 50.59516539741836, 42.30368632066141, 61.33184631318946, 49.098075519780885, 44.29234414253091, 56.52611493593948, 53.17901725784562, 61.63495766693249, 59.889680227045375, 69.77858577217161, 71.52386321205873, 65.83826796188686, 19.934278867212527, 29.67481441711888, 33.13954353679976, 23.39900798689341, 27.27825309364277, 95.21597867333296, 82.44769415436227, 84.61231773005696, 97.38060224902765, 89.9278636884796], "Y": [55.26031802072527, 45.50660064642518, 40.1496756023703, 49.903392976670396, 48.82744025082212, 27.126059969649813, 24.702389485733804, 38.206740385395506, 40.63041086931152, 34.07459283441345, 92.17122290707559, 93.13686782832661, 81.62776046185334, 80.66211554060231, 87.3844512786175, 83.6654696378061, 100.24225243494115, 95.70321477795864, 79.12643198082358, 91.56846360695158, 55.98867635265349, 47.94238423524371, 57.64398511166542, 65.6902772290752, 57.78983712971811, 71.26532108449216, 76.80596881553097, 68.82308015136913, 63.282432420330316, 70.90157178338775, 30.10914528929561, 33.866805483475616, 21.39965986956095, 17.641999675380944, 27.545983665861986, 104.59854112272087, 108.72288767933466, 94.46797108662277, 90.34362453000898, 100.4344439202895, 64.78066180005158, 49.873893278917734, 48.71610487369664, 63.62287339483049, 57.990004750509264, 89.16250122431931, 85.9860132110093, 96.61042514634049, 99.78691315965051, 93.85190773662305, 58.73588226308747, 55.61055402162519, 46.76715340716364, 49.89248164862592, 53.02415531522157]}