{"X": [83.13173890195296, 74.47656964000737, 74.03334205720174, 82.68851131914732, 79.553049893673, 75.92328783208619, 91.71595968426053, 86.90370046345392, 71.11102861127958, 82.39956808272743, 26.330153419445566, 13.94806433322789, 24.403186433873728, 36.7852755200914, 26.97457971392124, 21.265013846439118, 32.245543715671026, 42.82729693613702, 31.84676706690511, 32.16430660199255, 44.37488626508997, 40.24608797601266, 49.194303902477884, 53.32310219155519, 46.8944918398182, 75.08346666510123, 89.81506839734226, 81.24565142701432, 66.51404969477329, 79.63448864684138], "Y": [104.36279305187054, 104.59440577416558, 88.03137023478365, 87.79975751248861, 96.96760110376874, 19.66646891480111, 28.072005131178305, 37.11347836803441, 28.707942151657218, 29.443214451847886, 102.62742694544328, 88.98113092089541, 79.4945821149333, 93.14087813948116, 92.94195376343959, 60.27766661314201, 53.16327036515666, 69.49540218014678, 76.60979842813212, 64.9316969975578, 51.04941595606877, 39.66014559925479, 36.41626978895056, 47.80554014576454, 44.21591747514134, 43.630079301987934, 56.873989526510904, 66.4060110929683, 53.16210086844533, 56.509243099381344]}