{"X": [58.39842145245513, 40.26012938468058, 46.299127865087165, 64.43741993286172, 52.98368955945069, 97.48846928158761, 86.39897472304337, 96.33889885902764, 107.42839341757188, 98.9715517486597, 86.59636379130451, 91.19138589968837, 106.5322492107084, 101.93722710232454, 97.38106650122441, 86.1941785265521, 69.49810743802823, 71.2620030796175, 87.95807416814137, 79.56759611898197, 48.0968984880352, 62.882900861571095, 58.95290984688848, 44.16690747335259, 54.382731914928904, 46.584158758418795, 58.65501388676475, 57.85289550419239, 45.782040375846435, 52.80149507810866, 29.49060015162398, 25.602360620564976, 36.47513226087314, 40.36337179193214, 33.999838352358935, 34.74976839228111, 38.022918558593055, 22.340071981087036, 19.066921814775093, 30.224260422295625, 81.2540812240033, 85.47020837136472, 74.31395264016192, 70.0978254928005, 79.23836011490319], "Y": [97.73092178956406, 91.6221392640399, 73.6910510681866, 79.79983359371076, 87.20476603317007, 75.2277276408562, 68.53862843201937, 52.05976765017906, 58.74886685901589, 64.72253015513213, 37.49402125828, 25.944052565309736, 32.047238465608814, 43.59720715857908, 36.03446574899123, 104.27978993587352, 100.9815032255326, 92.05258660576793, 95.35087331610885, 99.98621200284548, 53.54001745710482, 58.13842916432329, 70.7751524876947, 66.17674078047622, 62.93023844006639, 29.745383449593948, 30.40712636719547, 45.03857089690392, 44.37682797930239, 37.79306463355368, 34.3996212275311, 26.483757490724177, 21.143097025909682, 29.058960762716605, 28.797669266773987, 57.341804651872984, 71.18346278294462, 74.89200054607417, 61.05034241500254, 67.72917364870735, 44.25078877407927, 55.45358245380952, 59.652195228079876, 48.44940154834963, 52.767185848427296]}