{"X": [107.3792171317276, 106.8747437594427, 95.0381463342601, 95.54261970654501, 101.65832728832818, 49.8571324372714, 65.07472801683096, 73.94499859556839, 58.727403016008836, 63.047101119934005, 81.45035680330372, 65.08308471776493, 69.47182688605474, 85.83909897159353, 75.83898358773824, 69.72008219567523, 80.78055319529625, 88.08902209497201, 77.02855109535099, 79.65400537463387, 41.05529060128061, 29.597892029661683, 29.70122145971126, 41.15862003133019, 35.80047585495832, 56.657973783811684, 45.97423621155104, 46.43864772779301, 57.12238530005366, 51.97825660303081, 58.69663130053036, 57.89300190578489, 46.30245368309992, 47.10608307784539, 53.427190764446614, 45.77493082957583, 35.67210365036067, 19.955838067753568, 30.058665246968733, 34.03848440113657], "Y": [75.67450293573239, 91.49436537428339, 91.11691277362678, 75.29705033507578, 83.63041245102939, 82.63227746838012, 70.07589924208946, 80.82614807306692, 93.38252629935758, 81.75171470544514, 39.432036966695534, 31.964741722839975, 22.34522959215474, 29.812524836010297, 31.12877214312675, 105.01712750119566, 94.83005487352091, 102.7651223134933, 112.95219494116805, 104.57246586970005, 81.1126833349332, 81.02004567575142, 68.24029201279126, 68.33292967197303, 75.24049279243252, 32.24121143781697, 31.73213486840353, 21.98576062300912, 22.494837192422562, 28.42012196326754, 51.02262046922765, 59.35516846118034, 58.23732248394022, 49.904774491987524, 55.30493024520184, 100.04766543853614, 113.22530951857262, 101.17621226572837, 87.9985681856919, 102.41142027259977]}