{"X": [64.41239814798666, 74.56882309984093, 62.84260207306402, 52.686177121209745, 64.07974183178538, 38.98241598507711, 49.59521117600102, 57.791439505030695, 47.17864431410678, 48.81760082032701, 74.49920940201795, 88.69094954844536, 94.19163611011794, 79.99989596369053, 84.92790489429528, 35.809603314177686, 30.37819020696437, 39.90370652263882, 45.33511962985214, 38.18527313094604, 77.905100035965, 79.03230356540594, 97.64534070324873, 96.5181371738078, 89.78575883892948, 53.73359857859476, 46.28939161777121, 41.1856127124943, 48.62981967331785, 48.51551694357811, 43.32017874170351, 28.710384896243134, 34.644042110267456, 49.25383595572783, 39.0928805479522, 88.07386938547965, 75.02810771968365, 80.97424437516402, 94.02000604096003, 85.7370066691532], "Y": [79.46887020559323, 89.54369595382748, 101.36489135744908, 91.29006560921484, 90.53304503056158, 74.45117953270211, 59.179252507056674, 64.87499034341293, 80.14691736905837, 69.75402885054285, 72.01820489618927, 66.56187051671431, 80.86896918058216, 86.32530356005712, 78.12448306319676, 102.72192970252623, 95.61594734862794, 88.33517861134759, 95.44116096524587, 96.33202468256282, 53.8865034284985, 45.960140534564225, 48.607089890295484, 56.53345278422976, 51.9914498848723, 29.726108333755622, 35.24836643221596, 28.368284810576466, 22.846026712116128, 30.0772401593911, 51.71672487891733, 40.097332165600896, 32.6365714541419, 44.25596416745834, 43.0349037902571, 34.372997919077925, 28.21491696232172, 15.61815472675154, 21.776235683507746, 26.50968853671571]}