{"X": [56.55205269520824, 62.66617031138685, 47.85044335784412, 41.73632574166551, 52.828083278793414, 71.81372556493018, 68.35000368686427, 60.40318274865767, 63.86690462672359, 66.85093834879028, 79.38268728762685, 79.40899461323427, 98.8616990747397, 98.83539174913228, 89.32643689757312, 49.95053590796495, 46.25116083766228, 63.52015172624225, 67.21952679654491, 58.298499604244704, 19.8635006052028, 28.099699271988978, 32.12687476991259, 23.890676103126413, 26.888991010706675, 37.716611307475574, 32.45647004024978, 24.62970538177015, 29.889846648995945, 31.611587376167225, 111.24957123785305, 98.60650389404206, 93.70867224649444, 106.35173959030543, 104.02804616313054, 84.16631028982503, 78.74217780554716, 71.93415373256887, 77.35828621684675, 78.42073582356596, 108.09781726552613, 105.33989271642253, 88.46274471734249, 91.2206692664461, 99.31723912069982, 76.50381061935894, 83.57885407981175, 75.34861921793674, 68.27357575748394, 76.75108893698126, 40.62267416836047, 55.88886209253795, 55.049918340432676, 39.783730416255196, 49.115097905140324], "Y": [86.29638508616266, 95.27187359750866, 105.36437129817848, 96.38888278683248, 96.83061166356379, 62.211555162752894, 71.46249500627536, 68.48705921160722, 59.23611936808475, 65.81160250286212, 66.86309753271182, 52.24977843586516, 52.28479776493218, 66.89811686177883, 60.7226603990877, 43.33158337387317, 33.44059981350869, 26.981740187202487, 36.87272374756697, 36.19726478600205, 75.027671159144, 73.09525207409663, 90.25955029675652, 92.19196938180389, 83.20912559076778, 41.9538262599629, 49.705268547817255, 44.394013398121864, 36.64257111026751, 44.08931664850231, 81.70908714216725, 86.8607257713993, 74.8405473747201, 69.68890874548805, 78.52641933979216, 29.872898742215916, 38.249705345199374, 33.84138767974972, 25.46458107676627, 32.61271402436996, 32.93029595025271, 44.14341142910371, 39.99238838173497, 28.779272902883978, 37.02673828740345, 72.47524931181194, 78.49422730912609, 88.1685057935271, 82.14952779621295, 81.05197797265063, 61.98811388731708, 63.11490473268962, 74.48123152709952, 73.354440681727, 69.13627738118774]}