{"X": [103.46425526849464, 99.20845564883702, 90.35855042895332, 94.61435004861094, 97.71859088092361, 28.860821737839345, 41.637962526754464, 47.303510387264666, 34.52636959834955, 39.65399567313169, 52.18768997475626, 61.66214658847723, 47.621905772129374, 38.147449158408406, 50.48475374966805, 108.42207486378351, 101.94956739502081, 95.69185767202848, 102.16436514079118, 102.6222882158991, 66.86180737811723, 69.57913180881829, 87.25369773341227, 84.53637330271121, 77.99131028639796, 30.642295123052797, 36.97493855865974, 28.723928545497266, 22.391285109890326, 30.62021778489271, 30.948961717868773, 40.044039958216956, 45.53322838260636, 36.43815014225818, 38.982358569875615, 45.74438065759206, 52.51377378581046, 61.793091935100435, 55.02369880688204, 54.61082447451068, 80.00484532946152, 84.42104800824055, 74.62277219073502, 70.20656951195599, 77.51784583171454], "Y": [89.15604996273005, 105.89671944687784, 103.64690361338016, 86.90623412923237, 96.63478585893453, 31.436445706774684, 27.37189861302175, 45.18187866500241, 49.24642575875534, 39.326704187026024, 47.54197782984527, 57.09505829320717, 71.01974499200094, 61.466664528639036, 59.44672733284917, 70.44744632539351, 76.76465019410001, 70.3530994888811, 64.0358956201746, 70.63086863302453, 37.900560213590694, 24.36288675572731, 27.910581264567657, 41.44825472243104, 33.832884177482306, 89.36488511995819, 98.48388756818639, 104.2137582084923, 95.09475576026409, 97.89649602587582, 77.21061292125216, 69.4757844794294, 75.93030361599995, 83.66513205782272, 76.6381158325611, 97.32432464538036, 86.3425818486487, 92.0625621538741, 103.04430495060575, 96.18644255798482, 47.189649957430646, 63.174554578410806, 65.88155677446335, 49.89665215348319, 58.228327487857854]}