{"X": [115.54673656417778, 102.53851016454097, 92.00570889907154, 105.01393529870835, 104.12471712041483, 84.10798498975943, 76.07363291812916, 68.24315932526598, 76.27751139689624, 76.9564141071002, 84.0942412660325, 75.95292032752252, 66.13687052951116, 74.27819146802113, 76.30987263939677, 60.051965915182585, 56.57212942700957, 48.45432746401034, 51.934163952183354, 54.339884945522606, 40.57265218160356, 33.199986206724304, 47.52397303093872, 54.896639005817974, 44.68589450465592, 69.25510764789065, 62.721780678092784, 48.57822565258353, 55.111552622381396, 59.36784215776342], "Y": [54.238170359532006, 64.90070827235142, 52.05075973253159, 41.38822181971218, 54.9244075471541, 73.58607955634376, 90.35059880669439, 86.59786478592308, 69.83334553557245, 80.41642163528257, 34.82713075555958, 45.09472642167156, 37.31144254950209, 27.04384688339011, 37.2368274031033, 60.08441931829493, 71.2094864345571, 68.67029964319703, 57.54523252693485, 64.61105517665291, 53.20991260412261, 40.328551378373966, 32.13019652808005, 45.01155775382869, 44.14735825999182, 101.07809213464213, 111.65156646311632, 102.91229433492512, 92.33882000645093, 102.4572660270125]}