{"X": [77.60522308402432, 88.60630777105656, 100.50599220212897, 89.50490751509672, 89.47748158444851, 44.91063351785646, 34.82382371266972, 46.852557070679204, 56.93936687586594, 47.67479635800697, 86.03061418332138, 88.46244624610648, 103.943653007692, 101.5118209449069, 95.79678982596023, 75.45625647633626, 63.81757373573029, 66.78007854862845, 78.41876128923442, 71.58455193021229, 61.57317555347739, 51.883807648274264, 53.99602942787076, 63.68539733307389, 57.79878450505763, 58.202524943069115, 67.26353855709765, 72.5729922567959, 63.51197864276737, 66.84324308173663, 43.39325237135835, 28.17773992526458, 32.96963616980717, 48.18514861590094, 40.09348596982755], "Y": [82.10004801372057, 72.08274983638952, 85.15108761148261, 95.16838578881365, 85.11330481652783, 102.47441455217431, 93.25548290026192, 80.09435424015545, 89.31328589206784, 92.39319073918483, 52.44219042377631, 37.49020472936813, 40.00811076157555, 54.96009645598373, 47.11024990021333, 111.23703660300617, 109.13037980913171, 92.76337891221462, 94.87003570608908, 103.09158501767239, 31.569223952010468, 29.580773698313298, 19.2882889445005, 21.27673919819767, 26.023193930385474, 41.81254731257246, 37.892891523120355, 50.166681580268374, 54.08633736972048, 46.765183425272056, 61.082674372465775, 57.13692366317713, 38.65852441266479, 42.604275121953435, 50.93034042918921]}