{"X": [53.85212471841107, 64.1066548601649, 70.42572470253012, 60.17119456077629, 63.227919315466984, 47.17848670010228, 35.85655028096959, 28.703035572461165, 40.02497199159385, 38.45326494148245, 96.46812549500872, 80.02352504304145, 76.94553361595648, 93.39013406792375, 87.52522617741224, 47.72681044973231, 59.851063820576556, 54.76560208251249, 42.64134871166824, 51.797795976983835, 82.63765163728634, 78.25252799582661, 88.12973006889872, 92.51485371035845, 86.22527287185207, 86.47381314732314, 73.77184090129346, 70.42870421459412, 83.1306764606238, 80.39922139059587], "Y": [36.894335386138074, 31.313643391407304, 42.92494396624003, 48.5056359609708, 41.17044922607388, 38.01284558123891, 51.17866981182894, 45.02701251453011, 31.86118828394008, 42.797509909112904, 97.27717097196845, 99.8854957542286, 80.47980687788666, 77.8714820956265, 89.47719889323494, 77.3784104958463, 82.33083393041285, 94.78078443134758, 89.82836099678103, 87.30922793460692, 55.021861001968766, 47.05077351397073, 41.61704161887875, 49.588129106876785, 49.446341788379016, 36.78807477391461, 39.22663578958977, 21.812911410262934, 19.374350394587772, 29.90320277781949]}