{"X": [82.11654887174426, 95.63033968114493, 88.12563726848431, 74.61184645908364, 85.47288481664101, 75.43940857901505, 74.2550496518141, 55.751909457439986, 56.93626838464094, 67.39813343725572, 91.95329542429602, 84.25517123297661, 76.35854821118846, 84.05667240250787, 84.27271521539244, 80.89416100803228, 89.18467384379696, 97.25229918690005, 88.96178635113537, 91.17865198365062, 22.39487213016662, 37.30108320434673, 34.62815559724851, 19.721944523068395, 29.182055647052774, 42.86664861091286, 54.87243184840828, 48.16460783016025, 36.15882459266483, 45.57635988854195], "Y": [20.1537071966885, 29.423637559066595, 40.36406262451259, 31.094132262134497, 31.369717212536308, 83.20642650897064, 94.45582988845749, 92.50778353157973, 81.25838015209288, 88.78809133737398, 51.34700663545757, 68.47277390063468, 64.92319952113439, 47.79743225595729, 60.210645775073175, 80.0233589941941, 76.01420637427977, 92.69722091678071, 96.70637353669504, 87.35683088553189, 75.29263177664497, 80.2537872315648, 88.28482424692338, 83.32366879200355, 83.59017938577598, 40.38338489405285, 47.165014221658076, 59.040137037724705, 52.25850771011948, 51.23842713160325]}