{"X": [60.090330883486146, 40.822519671755266, 40.04902779089427, 59.31683900262515, 51.069170854392794, 40.96142901477545, 56.3975567972619, 60.56410936839015, 45.1279815859037, 51.79888214764281, 73.54005160357126, 85.82817464835752, 90.22485029315511, 77.93672724836885, 82.05494436071915, 73.37673719256085, 60.51925025745774, 68.5544480697946, 81.41193500489771, 72.84677257297845, 32.792333223125766, 36.768112211893914, 47.002287761435994, 43.026508772667846, 40.91322065584933, 71.84211020605964, 67.66962570079106, 81.35813664995136, 85.53062115521995, 78.05006496653318, 35.17710742660916, 35.33005137488553, 25.492787074037174, 25.339843125760808, 30.495030972638116, 95.05372635517062, 104.7521428907613, 95.3306232150097, 85.63220667941901, 96.12607551480167], "Y": [96.39499249534576, 97.34013574795395, 81.57163135128285, 80.62648809867466, 90.26865304606143, 45.431489918287596, 39.30065607330094, 49.79114391338088, 55.92197775836753, 48.40082826176596, 75.61386262552092, 70.5835528721294, 81.32382413969141, 86.35413389308293, 79.3578362700514, 43.16645694283205, 36.272537193310654, 21.286512602545336, 28.18043235206673, 33.22621883241395, 65.50354178108756, 58.02521895855337, 63.466120760041235, 70.94444358257543, 64.68566636031865, 68.05984543099785, 51.67221760681476, 48.18696028657673, 64.5745881107598, 58.65291880736103, 24.450673781994567, 35.74917822306867, 35.88234186877564, 24.583837427701543, 30.581744371049194, 31.549433287258612, 46.22233849311215, 52.44972297708266, 37.77681777122912, 42.295961145817046]}