{"X": [47.92425817580791, 51.56922241764717, 36.08415443304936, 32.4391901912101, 43.54247448522934, 42.807359584930204, 41.65373967859834, 53.9152566562443, 55.068876562576165, 48.87072790879247, 79.09845134643706, 88.88683145615994, 77.23745061591859, 67.44907050619571, 79.71874238202467, 85.7665086467912, 96.35474298013153, 98.1196707968928, 87.53143646355247, 92.87374149472527, 110.71273402499605, 104.4347143320769, 88.91443216536342, 95.19245185828258, 99.95119885926465, 17.7801751600254, 28.224504217846558, 37.141347813048725, 26.697018755227568, 28.04393079833737, 104.94151803496777, 106.62490016518227, 96.12617267439919, 94.44279054418469, 101.30212847698843, 79.92992614522684, 65.9829056644089, 64.49323422964163, 78.44025471045957, 74.02880863946545], "Y": [35.63517266665651, 44.55262570040358, 50.88206964282849, 41.96461660908142, 44.35363989818452, 74.24118162211376, 57.77387569728856, 56.91489304816476, 73.38219897298995, 67.28220965976296, 14.880905289634644, 30.841341838499442, 37.985793518006645, 22.02535696914185, 27.52018701342467, 58.00833664051327, 55.934446174109695, 64.94527370238598, 67.01916416878956, 61.66819935789039, 77.92329059588076, 93.44762301178909, 87.17124123433871, 71.64690881843038, 84.04363167316036, 79.51405602659378, 72.36141989017118, 85.38185695549012, 92.53449309191272, 82.86360555226375, 23.256385150608683, 35.854826056057185, 37.257648070353625, 24.65920716490512, 31.40110007672878, 104.07467490621008, 105.21585536762414, 87.00972696559734, 85.86854650418327, 97.0337898808859]}