{"X": [61.08741599676586, 70.39452833016536, 69.08847801137546, 59.78136567797596, 65.3149909675563, 30.327177085743244, 17.33309094348385, 32.12815770289478, 45.12224384515417, 32.466662841349276, 59.78480592413055, 44.35305650194237, 39.64814159217259, 55.079891014360776, 49.948321083427615, 102.36984460858432, 89.91067299308347, 89.85071229958362, 102.30988391508447, 97.05110266757467, 48.66629772209803, 57.321931639769524, 56.53753062998438, 47.88189671231289, 53.06495610903229, 48.489078786936226, 43.02257313208344, 36.306191620104336, 41.772697274957125, 43.12973884878183, 80.52730312870315, 90.03845011255896, 95.43010886570505, 85.91896188184924, 88.52327369504859, 35.07749094224029, 24.81932589573368, 15.507555926759114, 25.76572097326572, 26.629225563154503], "Y": [27.033210815808175, 28.249409334839402, 38.244123881714884, 37.02792536268365, 32.677905050188755, 73.03562446430982, 58.03991516737449, 45.21968985188681, 60.215399148822144, 61.5584637007627, 72.56016781087939, 81.8265432611094, 73.99121775220377, 64.72484230197375, 74.12053571687163, 76.98700299680885, 77.07137377745556, 68.21687978353185, 68.13250900288514, 72.97364289109319, 87.47129930524628, 88.10022124956635, 98.89565945405161, 98.26673750973154, 93.37563760441947, 34.31178276988703, 41.61263404429672, 36.58374958474428, 29.28289831033459, 35.63842395110713, 34.763707331644184, 31.475764618247496, 47.07240463238821, 50.3603473457849, 40.9354057495252, 24.074459395296905, 38.311051988619866, 31.601463820616452, 17.36487122729349, 29.16399317904663]}