{"X": [63.74455141756981, 67.01765922590214, 76.33904635818239, 73.06593854985006, 70.75524532011117, 47.3396181716675, 37.073021009903954, 39.61811264094788, 49.88470980271143, 43.687353455998554, 25.362222098298588, 29.468167316283726, 46.442974360120715, 42.33702914213558, 37.75881336137828, 30.035531767072225, 20.842110434704615, 23.418543430328658, 32.61196476269627, 26.968681139851412, 38.22224725737509, 32.81331189321774, 20.695324244041768, 26.10425960819911, 31.252743407684296, 100.27914881751505, 86.02130245081919, 88.12254546042331, 102.38039182711917, 95.31958362396855, 78.90454801826803, 72.00818735719379, 79.95955070465806, 86.8559113657323, 79.8900020254081, 47.59744671456589, 56.576549681887556, 65.3954286251346, 56.41632565781293, 56.50534931785119, 39.87007795610077, 56.75199900309219, 60.61321871196607, 43.731297664974655, 51.250310157754186, 95.59765713539132, 106.10550320218125, 107.83515738741634, 97.32731132062641, 102.42650727419968], "Y": [63.6103732434665, 44.473866625073555, 46.068196541999484, 65.20470316039243, 57.08068008731925, 29.61150021727865, 26.182328920322504, 18.56257818378241, 21.991749480738555, 24.9004732977044, 38.922859380249, 30.15201765319521, 38.09853293380727, 46.86937466086106, 39.70777675454871, 74.21703608912735, 72.19304047220639, 60.490330315442826, 62.51432593236378, 67.44642281615636, 93.95101211381719, 101.68258482862291, 93.20495493935958, 85.47338222455386, 94.12778564567337, 42.57500926312293, 40.36077571583027, 26.83049565722478, 29.044729204517434, 35.09284999031077, 98.36783829033712, 88.3940578248777, 82.89609548439276, 92.86987594985217, 91.33649242238614, 100.62434464974201, 86.64662988780704, 92.3117635263474, 106.28947828828238, 97.35879545286447, 67.95274138283357, 62.059258715633426, 73.11974874355506, 79.0132314107552, 70.94971816425651, 72.9587950967838, 70.86604711056471, 79.5507717152054, 81.6435197014245, 76.91276506605513]}