{"X": [71.82891620907648, 81.89357663169368, 80.86795385352494, 70.80329343090774, 77.3334274884356, 95.99508229140977, 84.60936775942878, 87.7100120043041, 99.0957265362851, 92.64711428017524, 70.04664038294024, 75.02147687237216, 66.4596538463305, 61.484817356898574, 68.43201524987131, 49.004219416175026, 39.94926376453443, 49.32661352151364, 58.38156917315424, 49.58924202352118, 64.59372838601773, 60.975867432218536, 43.81791322696034, 47.43577418075954, 55.55956533561616, 43.06102369324746, 59.350391835015614, 54.117795419359396, 37.828427277591246, 50.62082472789658, 108.85974537575275, 112.06393061147926, 97.18889131655818, 93.98470608083167, 103.62902159726151, 37.60854924434432, 23.43614925482124, 17.613488275677778, 31.78588826520086, 28.46828473028957, 85.62323554885798, 92.06835651646684, 98.75170101000309, 92.30658004239423, 93.34415526075938, 73.95578972625776, 85.37973852063665, 91.30763462428374, 79.88368582990485, 84.49301126748959], "Y": [81.11036039537207, 82.28277242362194, 91.08730934003249, 89.91489731178262, 87.27729296363678, 62.17428917149819, 57.95972348731747, 49.58328499215072, 53.79785067633144, 57.3724377551918, 46.09888109155102, 55.40495437540919, 59.98192989524432, 50.67585661138615, 54.34724250277994, 46.03987148287421, 35.83911713196038, 27.515077236640018, 37.71583158755385, 37.55192403533819, 72.2592498175769, 81.4958421647009, 74.77528005332802, 65.53868770620402, 73.7751826821617, 92.34768211214086, 97.03957127061702, 115.2061746307875, 110.51428547231134, 104.24838579874941, 92.90048715704057, 101.42024936201591, 107.01458170873377, 98.49481950375844, 100.39615239650301, 41.26453487478461, 52.45354344169053, 45.078351984255725, 33.88934341734981, 44.479221135090015, 28.844113276937282, 22.5566529664256, 29.407585076013458, 35.69504538652514, 29.741918590285554, 99.26398862534566, 94.3791360492781, 108.24239609488197, 113.12724867094953, 105.06366798783135]}