{"X": [67.06615410377124, 66.14233910323509, 56.84123043623681, 57.765045436772965, 62.828101995222816, 54.51817703478992, 47.59567645110831, 35.49381904875373, 42.41631963243534, 46.63228963178158, 19.439724506600683, 29.746441377779416, 36.196451083492946, 25.889734212314213, 29.06880767224406, 80.93622017311677, 81.66018515211032, 99.40720032626709, 98.68323534727354, 90.50002290944678, 69.93088489519239, 73.26898430492174, 82.22176946633938, 78.88367005661003, 76.25845075568789, 95.32466714317644, 93.93513238757028, 81.27413346262713, 82.6636682182333, 89.57242270392118, 45.28868285576226, 46.88514822255982, 37.12186999972093, 35.52540463292337, 42.215813135612684], "Y": [64.86779401852324, 73.63746232177908, 72.65766429395633, 63.88799599070049, 69.4221108035848, 27.838880116494106, 38.052585892554205, 29.850360689651684, 19.636654913591585, 29.178067192487227, 73.8239790296671, 68.71276690184095, 81.71915798688838, 86.83037011471453, 78.17749480186536, 84.47663270557337, 74.44697084130463, 75.7279928380211, 85.75765470228983, 80.54464973038047, 36.81284287556874, 22.7734431895094, 24.902115891408265, 38.941515577467605, 32.024994058679944, 47.73907685615127, 61.68249573099185, 60.4207608433851, 46.477341968544515, 54.64770843217942, 88.40185264265943, 105.58613845031401, 106.49317268633843, 89.30888687868385, 98.05469361968333]}