{"X": [38.05894640188675, 43.403412408232015, 58.31582126750629, 52.97135526116102, 49.7760690481644, 38.27306563997933, 34.43637098569105, 46.2926676598702, 50.12936231415848, 43.21394282789589, 86.0809969732848, 84.10584740416023, 68.61730141014523, 70.5924509792698, 77.53619690335985, 91.01022105661053, 88.47752740116142, 105.25286144722673, 107.78555510267584, 99.0074384909365, 57.017772413638525, 51.71819865172638, 64.45918558515835, 69.7587593470705, 60.96410916797082, 106.17898823344875, 99.38061709038155, 90.41672758670963, 97.21509872977683, 98.44194343947717, 99.95271319467896, 111.5973033684339, 99.87929350047635, 88.23470332672142, 100.06534458540372, 75.73939116676003, 67.893665045294, 73.71309286471758, 81.55881898618361, 76.48721582037336], "Y": [78.27884496762219, 63.635404020743565, 69.07803615278367, 83.7214770996623, 74.16225973902571, 59.04166409141946, 51.949110220718914, 45.535483916462724, 52.62803778716327, 53.02580736152691, 51.07173171057162, 59.01441757423649, 55.16279918323428, 47.22011331956941, 53.35634292720651, 106.96873925622933, 98.80432975120891, 93.60042834469775, 101.76483784971816, 101.25807292690402, 43.773017029030584, 29.922171626651007, 25.04724897090601, 38.89809437328559, 36.19461543713136, 30.902399626399372, 39.45514292872926, 32.329961501291194, 23.777218198961307, 31.848392014558645, 63.422602722797706, 72.75738545327877, 87.37491073523572, 78.04012800475465, 75.74947461903467, 104.25370436572614, 101.226939989384, 86.14230465678001, 89.16906903312216, 95.33960530405251]}