{"X": [72.2857504092298, 82.8436307126725, 72.78639038919165, 62.228510085748944, 73.5662216010864, 91.57535281435312, 79.65716951625461, 70.52114126654206, 82.43932456464057, 82.1554926523586, 58.316861250356254, 59.55141884942492, 46.94795319705331, 45.71339559798464, 53.85556288126215, 42.96273478790314, 25.20456496013964, 31.258979366406756, 49.01714919417026, 38.99218359734113, 65.38836225727981, 64.66484958527101, 54.768911562759676, 55.49242423476846, 61.25870389398343, 109.73408375839118, 100.41383561704828, 87.44228026779048, 96.76252840913338, 99.80843730351299, 39.833056840147876, 26.591894504270023, 15.89367735220863, 29.13483968808648, 28.229131131053247], "Y": [37.812655443187495, 46.38294668583829, 58.772623595514204, 50.20233235286341, 49.38320844464747, 92.36192760681743, 100.94406851427665, 88.25669126531508, 79.67455035785586, 90.59727385898873, 28.168259492022912, 36.49736230003597, 38.36547518738884, 30.036372379375784, 33.74003018044478, 112.61514150436619, 105.90780290587423, 89.87829766242007, 96.58563626091203, 101.7281131470369, 70.88378685657318, 87.84166584950607, 87.41945287324387, 70.46157388031098, 80.13865592011358, 35.837791533793606, 46.99382905524399, 36.156816863254804, 25.00077934180442, 37.35248824715066, 52.70361105602795, 65.12352627722903, 53.71790655342397, 41.29799133222289, 53.75049847583925]}