{"X": [16.28508319984311, 18.67989395496217, 36.409337227833035, 34.014526472713975, 27.079383069660956, 65.68861937460974, 68.60785445374444, 79.17337939891752, 76.25414431978282, 72.48373885035686, 92.28887858470515, 106.43425140888759, 108.83558316595597, 94.69021034177352, 100.92667354299941, 93.79496175576826, 84.49570159150831, 84.04399232623472, 93.34325249049466, 90.47899786307404, 42.00687516527319, 27.845440014624117, 36.81896376126901, 50.98039891191809, 41.39945434134785, 66.15859952815822, 75.25767542712475, 59.24124223838156, 50.14216633941502, 64.07392756591818, 33.373258037071196, 41.71114044944878, 50.51057936316994, 42.17269695079236, 43.22408797783177, 67.00724697475351, 61.25000196865563, 69.43568984611926, 75.19293485221715, 68.7915886835498, 21.916436289400785, 36.631948203503775, 31.63708686763004, 16.92157495352705, 28.432225593387315, 96.10324336734006, 91.36434402030574, 82.27009277539166, 87.00899212242598, 90.36342045012688], "Y": [79.15284396036736, 69.6302893971854, 74.08903638051135, 83.61159094369332, 76.64642935758904, 105.00080501648586, 94.81485630801426, 97.84287578191655, 108.02882449038815, 101.63761035016185, 53.471160730721195, 50.149069980912806, 60.373875844581804, 63.69596659439019, 56.94590065715829, 45.67853026710167, 46.01155685594689, 33.39826375237997, 33.065237163534746, 40.492317603172886, 63.764465116790234, 56.19545346145607, 39.4062106385355, 46.97522229386966, 52.63998606063729, 64.12770921761403, 77.16580752234925, 88.34341470162421, 75.30531639688898, 77.82300343829154, 30.239444122325935, 17.764154062592244, 23.645274790543695, 36.12056485027739, 28.149848416070064, 36.45636390076274, 29.04333814534182, 22.68601359139151, 30.099039346812432, 30.103107311988033, 87.49544797050692, 92.00915703629286, 108.29331279956293, 103.77960373377698, 99.26227955494242, 77.31221061411448, 88.93078332172051, 85.22148594321582, 73.60291323560979, 81.49557996266375]}