{"X": [74.71594885424217, 60.411719107181156, 48.5511430122595, 62.85537275932052, 62.48763314341355, 100.50978175581908, 89.17028712887765, 97.07579023320612, 108.41528486014755, 99.54020421018471, 56.25758119809785, 51.54249589053935, 33.28080612274509, 37.995891430303594, 45.774660570391035, 42.56642761040849, 30.88746171820676, 29.555291547791278, 41.234257439993, 36.207033806806024, 40.87549524893769, 32.232131758524694, 23.346653244342853, 31.990016734755848, 32.6423030406042, 56.521328987090044, 63.90004250631036, 53.59458267391415, 46.21586915469383, 56.31427965826631, 95.20090436221645, 93.72923037052443, 77.35089971686673, 78.82257370855875, 86.52700942192034, 99.32430948037984, 91.53624418193776, 99.28971055538759, 107.07777585382966, 99.54354188478713, 66.47652878901593, 80.67783418910682, 78.64958308646649, 64.4482776863756, 73.39909540635516, 88.6861697071928, 84.64419479288559, 76.92431921512376, 80.96629412943098, 83.80384158475812], "Y": [104.06620739561654, 116.45618200276863, 102.76314301168586, 90.37316840453377, 103.73836216934465, 112.36936438089042, 96.18513354047198, 90.64613629934736, 106.8303671397658, 103.9456050512085, 28.580085264044737, 42.28112751644389, 35.99653810134005, 22.295495848940902, 33.648811285540916, 64.84211492214703, 66.05084624061219, 53.17919333875235, 51.97046202028719, 60.429345808842555, 88.0769595404582, 92.76377882364304, 76.3773094626695, 71.69049017948467, 82.77017380211947, 64.68280671108022, 77.72630991107442, 83.55611150817279, 70.51260830817859, 75.45480329738336, 23.40469229134303, 37.5147395333875, 35.8064842145465, 21.696436972502035, 30.755605679768216, 64.84321878683106, 61.365484261644276, 44.002312355226536, 47.48004688041332, 54.64768601630964, 49.64602169372866, 52.506788765876856, 62.57535171079257, 59.714584638644375, 56.410984858003175, 84.5273338221657, 91.58376184508114, 87.16175919366117, 80.10533117074573, 86.0705307094452]}