{"X": [93.71152666320003, 105.16845462047765, 108.30967954603733, 96.85275158875972, 102.71200532896269, 56.00237615303631, 48.90116035211931, 34.26177016346898, 41.36298596438598, 45.80374587781494, 93.67819762625817, 84.35644706926774, 80.22222104008222, 89.54397159707264, 88.19873679049448, 90.38852369841283, 74.46788996683145, 73.44814967105168, 89.36878340263306, 82.75975532849586, 49.051297844906216, 41.966665130397004, 23.48339506354533, 30.568027778054546, 38.229648596583694, 61.32860407732089, 67.15095331466296, 58.97390126310371, 53.151552025761646, 61.052780863440475], "Y": [83.08060488514369, 80.36718371355506, 93.63043530404505, 96.34385647563367, 88.92019085380015, 42.49829964190464, 51.72404897138199, 40.45586194279271, 31.230112613315356, 41.75905874330629, 42.191871680710015, 44.846339937345746, 30.328093695769702, 27.67362543913397, 37.23383280397628, 105.84121255242697, 107.06155246905898, 93.75795440660222, 92.53761448997021, 100.23160399726223, 84.16868005641042, 102.74031902308104, 95.68939691428228, 77.11775794761166, 90.63782786967622, 52.06039958235355, 69.75503112108557, 72.44565808734305, 54.75102654861102, 62.426396695635724]}