{"X": [24.931792916647822, 37.93439678857421, 48.088784753076965, 35.086180881150575, 36.94541326696149, 49.451223290451445, 59.77364730643683, 51.942141235065584, 41.6197172190802, 51.66411871327085, 85.73267032966972, 94.33162043718644, 100.82297957788599, 92.22402947036926, 93.79978256072856, 80.82089333226223, 89.16449109681189, 96.22022497958024, 87.87662721503058, 90.48316988322145, 105.10844566066768, 89.53690042108711, 97.25008821078833, 112.8216334503689, 101.38743705248095, 46.03739617344662, 39.611368709951044, 31.065121499159417, 37.491148962655, 39.040868261118895, 109.63171016171192, 103.68859438655359, 91.72302255541386, 97.6661383305722, 101.83255620534115, 81.26834065354919, 71.59010586583187, 78.58843713786243, 88.26667192557974, 80.42278179522988, 61.6621242003685, 74.54029437543552, 71.02875014570137, 58.15057997063435, 67.83967875476645, 24.104472949661734, 32.31282670643414, 31.507041913510925, 23.298688156738518, 29.00354543585456, 59.25046036325932, 66.75370840091784, 72.73248344860693, 65.2292354109484, 66.03212543959154, 56.05343957634662, 44.69728566757212, 41.611143786377085, 52.967297695151586, 49.36296112396146], "Y": [47.65085151988374, 37.980006921900554, 51.63274251562742, 61.303587113610604, 51.17695726096071, 58.71332785704807, 65.10935740038094, 77.74846824325134, 71.35243869991847, 69.05092259453637, 97.69189946241171, 92.98801560904322, 104.85456570272287, 109.55844955609136, 101.6945975328475, 47.15158125056507, 43.21047492794429, 58.14795710487154, 62.08906342749232, 53.642857621789005, 42.39712970986478, 33.346817282400636, 20.075866299069084, 29.12617872653323, 31.750980011919946, 88.05486525796442, 94.62045189442622, 86.25586509857442, 79.69027846211262, 87.23957168207684, 80.09954883565985, 88.628469455479, 80.29062907938408, 71.76170845956491, 81.3551182279997, 76.21712916922866, 60.13643758960683, 55.92446120553337, 72.00515278515519, 67.30677910298624, 85.55427812701492, 87.9108005106696, 107.10105496420755, 104.74453258055287, 97.32836514762467, 17.906536378679142, 18.316142636757153, 34.46376367940653, 34.054157421328526, 27.104547385994312, 26.248662943986524, 23.258220039724726, 38.259420056030926, 41.249862960292724, 32.76902442799177, 34.93411563950616, 39.56442257409555, 31.995442227380465, 27.365135292791074, 34.8968823527647]}