{"X": [92.50770978815119, 101.53045089992325, 110.01355982342879, 100.99081871165673, 102.27839684240571, 44.3392436908856, 45.78162883939453, 59.68742021701062, 58.24503506850169, 53.07641510421488, 70.17566139209214, 60.64807452932516, 58.92741090967007, 68.45499777243705, 65.14884401086503, 36.55978756170494, 43.98231803539805, 28.451953669927537, 21.02942319623442, 32.990947396662186, 31.366575287556607, 40.36564712199329, 30.51444671382054, 21.515374879383852, 31.48910641184956, 61.32082766620613, 49.48458523313081, 55.94136852270684, 67.77761095578217, 58.85875411175402, 94.49674484068618, 95.23977550401366, 104.36592983627352, 103.62289917294603, 100.45101190402201, 71.96247707898476, 74.85893712648335, 85.01325773137418, 82.11679768387559, 79.34239146626548, 80.72746465839464, 89.73384654315443, 84.5602855179788, 75.55390363321901, 83.53706400768512], "Y": [87.24367561524203, 70.00551781802511, 74.44571940685795, 91.68387720407486, 83.2390314371246, 33.17470484154431, 19.252203638191542, 20.692857631922692, 34.61535883527546, 27.92713885159521, 74.78788884405371, 76.86533011723344, 68.97400134201636, 66.89656006883664, 72.94739331437287, 66.42347796335238, 77.29493467643655, 87.89835294986128, 77.0268962367771, 77.91556461229524, 43.37944787303448, 49.93764251363621, 63.45533526092629, 56.897140620324556, 53.83875103379709, 112.58796883437631, 105.69828739197135, 94.60574951600037, 101.49543095840534, 105.28727696643416, 45.66722689097399, 37.16653934512767, 37.96424099814767, 46.464928543994, 42.355636907553496, 38.49642252098219, 29.53405592697166, 32.81573199244454, 41.77809858645507, 36.36451918538446, 89.90597295325377, 95.14185393227766, 104.04103756221717, 98.80515658319328, 98.08048722526215]}