{"X": [74.30436183990643, 65.8037708835182, 73.16954184824057, 81.6701328046288, 74.13685472882236, 87.24860935450702, 84.14469920489952, 100.46032610697803, 103.56423625658553, 95.53834237195184, 37.5485700444407, 24.172731280565994, 15.207545876188874, 28.58338464006358, 26.831537519081866, 103.03346798906111, 88.99940921894874, 97.7267181762162, 111.76077694632856, 100.42246674102667, 72.75329748222782, 65.47059272925102, 81.53910678217821, 88.821811535155, 79.17453036772105, 29.35948542857307, 25.425822503574693, 44.12976273845533, 48.0634256634537, 37.399205832397044, 52.16037653633136, 43.25741567968079, 39.81847646338975, 48.72143732004032, 46.06060286438372], "Y": [53.24026842883659, 39.97215663141413, 35.25306720817685, 48.521179005599315, 44.42039078178483, 74.60586013036931, 56.240835104574295, 53.48329789090647, 71.84832291670148, 65.47098072676256, 92.71334141528402, 101.71517719488847, 88.39379726826414, 79.39196148865969, 91.91914002015224, 35.949925548963925, 24.115955530567764, 13.766126468906942, 25.6000964873031, 26.945885887252846, 102.35842176194589, 89.10609231533559, 80.27577730256934, 93.52810674917964, 92.19289497848642, 46.98206037520809, 33.35413667063319, 27.955295449601394, 41.5832191541763, 39.12709893972514, 61.39204312125683, 63.96981272678555, 52.09259097454907, 49.51482136902035, 56.871461457777]}