{"X": [29.42134505947724, 33.858523101151235, 20.489657880932988, 16.052479839258993, 25.652164956729152, 77.61887733400121, 70.53584003448047, 55.79327504444947, 62.876312343970206, 68.45667005606443, 82.8135154773104, 90.1786139607534, 99.50220423661753, 92.13710575317454, 91.53308770174041, 69.91115674232181, 53.23167909219842, 59.469802941516534, 76.14928059163992, 65.25714531542275, 51.79283366805364, 63.80771014834478, 73.34802148403318, 61.33314500374203, 63.723712571961364, 55.83970585067083, 51.21337774892727, 37.56722992938844, 42.193558031132, 47.64866053718514, 96.2260035324066, 105.32066451020192, 110.4999353962713, 101.40527441847597, 103.80129338345326, 42.850919213033144, 27.34090686637914, 36.20806428777863, 51.718076634432634, 41.284097120420995, 34.975364836181924, 37.152731289488, 20.71093126648118, 18.533564813175108, 28.772687738676048], "Y": [65.99341654921781, 73.51193597392198, 81.40179192113672, 73.88327249643255, 74.11443053481936, 97.66708560963195, 105.53007262017513, 92.24986020535331, 84.38687319481014, 95.40277461060573, 108.46786370789394, 92.19177823987411, 96.41080011315782, 112.68688558117765, 104.35694814162068, 45.307768860451695, 37.980504065872935, 23.78030109239969, 31.107565886978453, 34.813404735074286, 67.0269602359534, 53.09792373648298, 61.327183691841384, 75.2562201913118, 64.82756103946812, 83.06301053226045, 90.41594354498822, 81.83004224154922, 74.47710922882145, 82.72628905777923, 24.44691120915255, 18.666324844518016, 26.81492947555437, 32.5955158401889, 25.976890115581885, 66.77208240496809, 58.05113705519824, 42.281089707147814, 51.00203505691766, 54.91931132666957, 93.14905148072647, 110.15305731971728, 112.25843320237969, 95.25442736338888, 102.75092054992136]}