{"X": [53.778912305910865, 41.23387284909691, 48.54335744425495, 61.088396901068904, 51.760615726874356, 62.93072029819455, 71.93291730842903, 62.93184856927534, 53.92965155904086, 64.10263946850644, 29.302772202122007, 30.37401893100141, 44.82519610228224, 43.75394937340284, 38.132451084271075, 19.193510933052245, 34.63585875638902, 40.41481181624365, 24.972463992906874, 31.101956624695436, 35.53507713636962, 39.60116936566588, 55.57220707184058, 51.50611484254432, 47.06809559461012, 109.851216294413, 97.00925987248634, 97.39736278519945, 110.23931920712612, 103.9090536952531, 107.03019861816804, 98.7650695197601, 88.25356220015308, 96.51869129856102, 98.92019319750383, 82.68769132209012, 80.14707087110438, 94.42601627204444, 96.96663672303018, 89.83974512028176], "Y": [53.048304181825316, 38.415437014374454, 32.14887478799119, 46.78174195544205, 44.387625808022925, 70.42696579375581, 75.16491213557514, 92.26713074394587, 87.52918440212655, 82.01228594461921, 61.823189504869525, 50.564180747519984, 51.939148704897754, 63.198157462247295, 57.704972360730046, 83.67535876160964, 75.4015908540508, 86.18755973812863, 94.46132764568748, 85.28482860719922, 105.83100125750872, 93.13006623647881, 98.24305297354573, 110.94398799457564, 102.39573959495208, 104.83944615579121, 104.30960624983038, 94.90298995646806, 95.43282986242889, 100.59991582104061, 40.60442847033506, 58.7167295346817, 53.92004662251269, 35.807745558166054, 49.32516653604605, 82.25365357259935, 71.11481805744427, 67.8579802439422, 78.99681575909727, 75.84822337361655]}