{"X": [102.377934389005, 98.71390924789426, 89.8981121778351, 93.56213731894584, 96.5087535893243, 51.84987834181216, 52.29786617638032, 40.13705176552932, 39.68906393096116, 46.758192839413525, 21.03947819845649, 40.17295947628267, 35.80841722684792, 16.67493594902174, 28.701527921933636, 59.91692769759304, 72.56929211668513, 71.63835847245728, 58.98599405336519, 66.48951768117402, 67.00950024922567, 80.3357256584166, 73.90660112528853, 60.58037571609759, 71.73598302226647, 30.90150025420543, 23.46625631953, 28.016070352598078, 35.451314287273505, 30.311152096477258, 100.80651975945027, 109.03706345159485, 99.55201344271681, 91.32146975057223, 102.0078716131054], "Y": [56.13218616497754, 69.25263034259085, 66.79072420082005, 53.67028002320674, 62.87879831080736, 35.59302336887585, 52.082506158069776, 52.412892319003376, 35.92340952980945, 45.76625713646664, 75.61182809730563, 81.34450396171898, 95.91167806870767, 90.17900220429432, 87.45891620104912, 38.482738244980645, 39.78093770346535, 48.853897671044145, 47.55569821255944, 44.44118732512763, 75.22678244456722, 82.66637933213222, 94.18258968694701, 86.74299279938201, 86.36938023677001, 30.03308483310928, 25.054665600091923, 18.25954136288154, 23.237960595898898, 24.91403297467161, 29.508173244716335, 36.415700063039544, 47.71744677695206, 40.809919958628846, 39.03794933034244]}