{"X": [24.839108154296788, 33.3398954089308, 32.904125292954674, 24.403338038320662, 30.81592648375115, 36.24769576343908, 53.27858890584415, 56.30488768876769, 39.27399454636262, 46.86153354440179, 17.715515053089078, 17.59488944720017, 31.54884745782364, 31.669473063712548, 26.06854300150079, 63.04592187166071, 47.29749533641291, 50.850856989050655, 66.59928352429846, 57.683637147936956, 94.78298002380647, 76.64299839165788, 70.47376610690615, 88.61374773905474, 83.78185734637334], "Y": [36.32723766562803, 36.5238569422678, 55.36427336098609, 55.167654084346324, 46.62491850006018, 22.865069389636478, 19.521280233423663, 34.93510233198454, 38.278891488197345, 29.972421635786418, 91.71973149760838, 74.2383874547885, 74.14210168663148, 91.62344572945136, 84.34412794724979, 101.67466339342499, 95.45954602513451, 86.45571687377537, 92.67083424206585, 95.26907401223768, 48.038210320300486, 56.20056737276298, 42.49009629062716, 34.32773923816466, 47.25230239960922]}