{"X": [30.922972546659135, 39.10257257875023, 34.70213393914169, 26.5225339070506, 33.33065849021133, 84.2923186373633, 98.91678087491405, 94.53643013003277, 79.91196789248201, 90.30910687035946, 69.36964091073, 54.51935167658679, 55.82658086960591, 70.67687010374912, 63.56341111651707, 76.15281211930224, 95.06277779307929, 90.55203820032389, 71.64207252654684, 83.62536999673667, 23.950209916085008, 26.375524357577078, 38.574880844033316, 36.14956640254125, 32.41048573987914, 60.66397228813181, 62.96582394152197, 74.51509073659092, 72.21323908320076, 67.96623645226194, 40.09298062424409, 38.09712042741528, 23.201788880182992, 25.197649077011803, 32.79799531958935, 45.089744910921766, 37.91334380325927, 47.424432385124675, 54.600833492787174, 46.53411634606051, 60.83199870161115, 56.82672766812851, 46.01219300213811, 50.01746403562075, 53.45566547812771], "Y": [20.08315077357308, 23.596611564970313, 33.841162500585796, 30.327701709188563, 27.044073159514728, 30.176617900082675, 39.69136370266861, 46.424099961196205, 36.90935415861027, 38.35268089053102, 62.05287620707348, 59.8467166143422, 51.047384201759954, 53.253543794491236, 57.315535959055616, 67.37506687931862, 71.90015652824707, 90.75015453492755, 86.2250648859991, 79.23779632319139, 94.53142561684703, 85.62874161294606, 88.95215233386435, 97.85483633776532, 91.91878293601212, 32.37813765055234, 14.69473666135173, 16.19810690579221, 33.88150789499282, 25.26345988050533, 69.2557442910168, 77.02453958974748, 73.19782023230131, 65.42902493357063, 71.76231922189322, 42.502154819045394, 38.262281214222085, 22.163832770776217, 26.40370637559953, 32.99684578667225, 70.4463289787537, 85.73494540605228, 82.90178240243712, 67.61316597513854, 78.48170493986676]}