{"X": [107.81365674519671, 97.29439634134359, 92.9752947827767, 103.49455518662982, 101.44296948206195, 58.634603346871195, 69.50221055619656, 63.71537107109024, 52.847763861764875, 61.8518588992593, 59.74743017014203, 66.96593670123235, 77.33327910196226, 70.11477257087193, 69.38172427937154, 56.8120916182437, 44.53622805759145, 52.92856491294026, 65.20442847359251, 55.36004413637643, 69.41106953583612, 84.86042085445881, 86.3208675807809, 70.87151626215821, 78.3071251091012, 98.681445552762, 90.01677952208028, 97.31059611354686, 105.97526214422858, 98.45859763358789, 46.549328291561366, 34.350921357997244, 42.05473639318977, 54.25314332675389, 45.4166732092631, 21.221279571387782, 39.826226781455745, 35.42622712914809, 16.821279919080126, 29.789751333914264], "Y": [101.85093444123349, 104.2182295594689, 85.02596508205987, 82.65866996382447, 94.45736826387905, 22.755509028687666, 31.39135361781953, 38.67368690421234, 30.03784231508047, 31.95442787777349, 92.45782907759508, 74.84676036358792, 79.0961747543339, 96.70724346834106, 86.1846075589348, 71.33915473576161, 59.99703843163491, 50.913796871696796, 62.2559131758235, 62.59383829046416, 41.48970822922133, 40.09494614470778, 56.271866070769285, 57.66662815528284, 49.70180098397122, 44.619606090274495, 34.68005929383017, 28.321772930440737, 38.26131972688506, 37.9915917151404, 107.78459369673192, 98.37356536932523, 88.38801783181358, 97.79904615922027, 98.21060220878539, 50.37896828176919, 57.65445924841124, 68.90617567976075, 61.6306847131187, 61.5286107239652]}