{"X": [78.5013453445186, 85.39325044154184, 77.76978282224076, 70.87787772521752, 78.3898487699436, 43.56759835408127, 24.774777327614117, 25.995853512264674, 44.788674538731826, 36.37911832449528, 96.82746036777367, 88.77109578916445, 103.29604679695784, 111.35241137556706, 100.33159877096809, 56.53435255337857, 68.25082069446913, 80.95970745128284, 69.24323931019228, 69.2029916011, 34.587000341938285, 25.90567852502489, 20.985504310561232, 29.66682612747463, 28.17725836979364, 45.5106130715014, 40.699536272822144, 53.79499312003082, 58.60606991871008, 51.342825717006406], "Y": [53.91992502982154, 63.48534156101811, 68.97806790190442, 59.412651370707856, 61.860142829894464, 105.3908101839344, 104.06495213403876, 86.75731788192141, 88.08317593181705, 98.04760187631285, 85.06363523457637, 74.94192883749338, 63.380805029461875, 73.50251142654486, 74.57119616133444, 102.76931552671518, 88.74397315958393, 99.36070271221818, 113.38604507934943, 101.28186089136503, 70.69668497891423, 73.31011869533852, 56.966250671213096, 54.352816954788814, 64.61263935417888, 38.02933275521261, 23.480043375123444, 19.149711703259687, 33.69900108334885, 29.62828765998035]}