{"X": [88.90047065521539, 97.96855179212778, 98.91856725704092, 89.85048612012852, 94.74436942301529, 73.6901563648397, 80.43847517834239, 75.17150666967281, 68.42318785617012, 75.1663065664272, 61.0975281599478, 68.26595095488622, 57.54359743589748, 50.37517464095907, 59.65557732405906, 32.99719167519852, 21.801729833503945, 16.784613692229772, 27.980075533924346, 25.016124170152175, 41.73305118729254, 57.93815202035226, 53.64359826275827, 37.43849742969854, 49.89661507038113, 55.496759734227176, 38.94597343175008, 42.376322907325296, 58.92710920980239, 49.42790819877366, 21.754868854313383, 17.799427773900398, 34.03754922635447, 37.99299030676746, 28.070167984951173, 89.86065952390973, 100.45338222194279, 108.82581019462344, 98.23308749659039, 101.53827178065139, 85.18742753992247, 76.62442976828049, 72.29433255075251, 80.85733032239449, 79.36562693056084, 88.41921243465521, 78.98338747862846, 87.60045603711097, 97.03628099313772, 88.94288969267436], "Y": [23.4993528137458, 22.99533278810594, 40.08754515847214, 40.591565184112, 32.78542975847686, 28.521228086344728, 32.86825435529158, 41.04469049304516, 36.697664224098304, 35.0336319157381, 60.73555076145172, 68.73725736034687, 78.34300363846208, 70.34129703956692, 69.80125274439655, 59.41155739547494, 62.58510514126188, 44.886007218581405, 41.712459472794464, 53.405816398850305, 87.19421205773246, 90.9944906296646, 109.30727358952628, 105.50699501759414, 98.54087162356936, 48.30264701694323, 44.66910610836593, 29.043857200602908, 32.67739810918021, 40.409419944821636, 83.69495420244563, 72.79307048709961, 66.901526022049, 77.80340973739501, 75.9895068426176, 56.13549035363095, 50.98521608636407, 68.20503841456896, 73.35531268183584, 62.98976545094204, 64.52503691894165, 67.39892097999778, 54.49700425790877, 51.62312019685264, 60.11555939265574, 106.94519423889894, 90.69379373093368, 85.69058489905048, 101.94198540701574, 98.38687746656888]}