{"X": [68.77968849548593, 83.02945953665669, 78.98984548450703, 64.74007444333627, 74.64381792920223, 43.74719646359923, 27.986162235769516, 34.34428239283728, 50.105316620667, 40.09539039621367, 52.18877751082645, 42.54988581754827, 49.20780559495099, 58.846697288229166, 52.11631820922598, 41.520236951424614, 44.04966492067799, 32.54877584273509, 30.019347873481713, 38.41143992017325, 73.65463169926093, 66.7486084753628, 80.21806387534119, 87.12408709923932, 77.63109101735267], "Y": [45.426772275922595, 51.85951733933967, 60.808041611689866, 54.37529654827279, 54.39581092633237, 113.0699627279329, 105.3976927031102, 92.33629769277039, 100.0085677175931, 104.57163635361167, 84.89645190200363, 80.02863259814973, 66.84511783906416, 71.71293714291807, 75.88817360607118, 46.03024877441061, 60.31604603192027, 62.35238114018574, 48.06658388267608, 54.72487589611471, 99.05440493394953, 91.16465170857674, 79.37462873214635, 87.26438195751913, 89.54443990851397]}