{"X": [19.87616939060272, 20.5422089320567, 31.85225715959522, 31.18621761814124, 26.286166224594158, 36.04236558722025, 29.960194736351184, 40.86312879106185, 46.945299641930916, 39.62729792974208, 87.5778867030544, 92.08751071870329, 84.24795729501288, 79.738333279364, 86.01045399315797, 36.72106924063713, 46.09498722311672, 43.92079214749075, 34.54687416501116, 42.38480387684309, 67.31637468803466, 80.2338159265714, 73.77370416666726, 60.85626292813052, 72.73290146359047, 95.7755647916521, 101.85937213029301, 85.63960864090788, 79.55580130226697, 92.45597197397886, 44.176489855310805, 56.83297239854654, 62.51611032831342, 49.859627785077684, 53.620776487914256, 78.16359147555312, 88.51392270632269, 83.40910774779826, 73.05877651702869, 81.74623520469801, 69.78774356753439, 67.90800782906324, 54.414438594682466, 56.29417433315362, 62.38819583310152], "Y": [38.48691373001808, 27.792676257500112, 28.497068632800385, 39.191306105318354, 34.13575873040258, 62.076324800627496, 45.16836769048221, 41.2463381238991, 58.15429523404439, 53.563442170747294, 53.890915441410314, 68.85098338380712, 71.21417040458562, 56.254102462188804, 64.281850565899, 72.85174925876497, 73.9003017422699, 93.33731289568725, 92.28876041218231, 83.32177207708466, 75.4283454436771, 79.92759011391544, 98.47472861583677, 93.97548394559843, 88.12377545162009, 91.98447928804723, 103.28896696822147, 112.01805924905096, 100.71357156887672, 102.50604796529709, 23.170873678381444, 18.056401534099198, 32.120127754469415, 37.23459989875167, 27.971227863075324, 18.00056773712768, 21.99997583285726, 35.21106218059256, 31.211654084862985, 27.794510698021693, 59.7895873146953, 69.633185373673, 67.05645030409474, 57.212852245117034, 64.06679347999345]}