{"X": [61.59609039271558, 81.07999679498378, 83.04530933249174, 63.561402930223544, 73.73046704045825, 87.13291701345054, 88.39809395223119, 100.9014855804867, 99.63630864170605, 95.3768751062974, 52.39362892297524, 63.42498915983202, 56.17963276497332, 45.148272528116536, 55.32203343907004, 21.63808088288396, 32.87080856727983, 44.120486054950916, 32.88775837055504, 34.243260906173624, 54.012792275108225, 66.12595247743732, 57.723851364365075, 45.61069116203598, 55.90609510546338], "Y": [84.54086081814938, 82.17483699794673, 98.35893675427519, 100.72496057447785, 92.6480341298943, 55.78613419321828, 41.58339681693716, 42.69719638426776, 56.89993376054888, 50.10987430389372, 22.336487981066675, 31.594848134034137, 40.22770914997577, 30.96934899700831, 32.139086440183405, 69.72127524088717, 60.23984854084571, 73.56743812773092, 83.04886482777238, 71.82222793174843, 48.79945299493775, 61.47045862529211, 69.50265431582196, 56.8316486854676, 60.04235748658278]}