{"X": [94.15459257141569, 86.77957513495427, 70.61072685126138, 77.9857442877228, 83.575625349801, 77.95342393532096, 84.03355990445861, 93.0402224387739, 86.96008646963624, 86.27551817533316, 33.4441180216936, 22.75395096293957, 35.860789949175484, 46.55095700792951, 35.00627585124397, 69.77647287763793, 74.71658036246328, 92.81346403057765, 87.8733565457523, 81.4080648117698, 67.45580569889555, 57.46072757435172, 48.294182744290694, 58.28926086883452, 58.97280996800635, 31.25703685850627, 42.39621437053055, 38.039818751761004, 26.90064123973672, 35.27293555208742, 50.505370444379416, 61.6184071602353, 52.11032369665302, 40.997286980797135, 52.25896143389257, 19.647302580856127, 28.50120238070764, 36.40017946537896, 27.54627966552745, 29.72912983306639, 108.79782152909844, 108.32748824848063, 99.18725918345034, 99.65759246406814, 104.70343089248244], "Y": [79.67915247034715, 91.1726157329185, 80.79754119745978, 69.30407793488843, 80.55459566482799, 44.42694424898764, 36.8657057131992, 44.10813465887783, 51.66937319466627, 44.54920923245685, 74.18739578661234, 64.36210380112155, 50.10153031567585, 59.92682230116665, 62.22281497468519, 102.68418810766056, 91.36916335649858, 99.27021107198718, 110.58523582314916, 101.36827027246481, 60.637264146211564, 76.18984758076476, 70.29884354956052, 54.74626011500732, 67.14833528846033, 83.86110064812675, 86.50682873666382, 104.8483447527376, 102.20261666420053, 95.6316776378868, 27.195282948906243, 36.61815918533354, 47.831686560312065, 38.408810323884765, 39.07336973576876, 27.26142218361846, 21.41162727833595, 33.367046700963655, 39.21684160624617, 30.61559105220646, 97.45125338165428, 105.81262429936774, 105.29847967355684, 96.93710875584338, 101.48037313845141]}