{"X": [32.27752987629207, 42.25780593331996, 36.10755994649514, 26.12728388946725, 34.5040247657216, 102.91203554448308, 86.44780678659633, 89.88105249659296, 106.3452812544797, 98.5466693104268, 75.33633371001382, 64.29606931058089, 59.70170373616474, 70.74196813559766, 68.25938103901922, 41.88643430321972, 39.5440543239133, 28.454020248425117, 30.796400227731535, 36.53496891754099, 61.63172748314435, 76.14534185797487, 70.7640757168018, 56.250461341971295, 67.34844149191271, 89.95079055674249, 99.64953366348443, 106.46614825776358, 96.76740515102163, 98.5776400866392, 26.564456216732204, 16.344732649530343, 29.989424537748754, 40.209148104950614, 29.02960493588105, 86.9087497021133, 95.40564542024484, 107.51933749987133, 99.02244178173979, 99.16868901598504], "Y": [85.01084740147817, 90.32930873741508, 101.87045736857769, 96.55199603264079, 94.1122207162505, 77.67300166582123, 74.68775885225237, 55.75270187983774, 58.73794469340659, 68.35540461764266, 53.49848481426989, 58.04494086381758, 46.888336656843435, 42.34188060729574, 51.0771862795214, 22.159319218993964, 31.943811677506844, 29.28888870644885, 19.504396247935972, 26.01892804710513, 71.74982642432913, 79.2650472801293, 89.65750588113501, 82.14228502533484, 82.21807032484666, 96.85006464899065, 82.28811166406842, 86.82820280953744, 101.39015579445967, 92.91907391886514, 76.6101548354769, 62.75367681143167, 52.69015424709361, 66.54663227113886, 66.0706248038871, 29.693288509413026, 19.43102882012758, 29.460864497508407, 39.723124186793854, 30.647843909876453]}