{"X": [25.206344541131763, 40.848399205171965, 34.16865999035385, 18.52660532631365, 30.80898436972164, 25.828942703971823, 34.500653797815474, 43.84080812652333, 35.16909703267967, 35.055555340393255, 59.255627444395046, 45.69269526277284, 45.20077988348886, 58.76371206511107, 52.91828732243594, 92.46464105291957, 104.87564445294467, 99.74092280028003, 87.32991940025494, 97.29329525860898, 102.84315651271854, 102.7169626299107, 85.04916593098616, 85.175359813794, 95.89593103407806, 61.81702843968912, 62.11744056573072, 51.26300796833076, 50.96259584228916, 57.64482500798246, 71.31736359220551, 86.86312377883553, 88.86448829507555, 73.31872810844553, 80.46258076812623], "Y": [63.75293068208119, 70.4284476710928, 86.08039584405194, 79.40487885504034, 76.976509090281, 50.30543500488414, 40.35734485230033, 48.499120677425005, 58.447210830008814, 50.13137340196441, 39.63727443408107, 40.26781164207969, 29.68665188863313, 29.056114680634508, 36.156135861390695, 19.295306039808462, 26.766186603845256, 35.296245054541345, 27.825364490504548, 28.311161981253836, 50.99237160942257, 68.08007843174984, 67.94960054555486, 50.861893723227595, 59.47287430460984, 63.86048921533787, 82.53250879876148, 82.70714460390249, 64.03512502047889, 73.53881559007272, 88.87675399182123, 85.66877807148167, 95.36733366793541, 98.57530958827498, 93.92572586905136]}