{"X": [86.2022717689042, 91.57252837776677, 84.01380896614758, 78.643552357285, 86.12382015401835, 64.29520875746297, 57.02416336651004, 51.691379641278886, 58.96242503223182, 58.542045682173374, 62.936003178452836, 80.10698403892398, 76.79076115962559, 59.61978029915444, 69.9207743807682, 31.75597121589462, 35.38558939046997, 45.03264354906493, 41.40302537448958, 39.43358224693014, 77.7208357001578, 88.21826863363992, 87.17203910658296, 76.67460617310084, 83.26610496547208, 52.74692329461109, 58.321745003994735, 72.64825650230293, 67.07343479291929, 64.04002370409685, 22.406107682468633, 38.29036255125095, 34.06832573890863, 18.184070870126313, 29.626666336910723, 97.13692037148681, 105.57808436148298, 108.1304548142559, 99.68929082425973, 103.57171844082798], "Y": [33.15946657395745, 43.5951884660235, 47.48493019109255, 37.0492082990265, 41.48972613373007, 38.26618134684757, 41.98959089585187, 31.575772051599365, 27.85236250259506, 35.19258152734654, 78.96176397954541, 81.97754849106826, 100.8591361416181, 97.84335163009524, 90.24446756831486, 47.906322632914346, 30.99730042316915, 33.06809568683429, 49.977117896579486, 40.49046189125252, 58.592918321997516, 59.71431638732567, 69.50809491510942, 68.38669684978127, 65.11926814193156, 66.32716289874247, 54.82786162141272, 61.7733051222242, 73.27260639955395, 64.99123997641722, 86.11764057090585, 91.88865765354355, 103.50947038591107, 97.73845330327337, 96.37141448301351, 99.92493818675524, 97.40629261969536, 105.96048453810306, 108.47913010516294, 103.59153841661667]}