{"X": [66.0178892029526, 53.806167479690906, 62.67695330122618, 74.88867502448787, 65.8462561939505, 36.023547720326434, 29.909163947279858, 37.49786445843442, 43.612248231481, 37.451677199780754, 53.03990159771689, 38.722089967659215, 40.86601359987665, 55.18382522993433, 47.84487279272721, 91.69612214585636, 95.10229738140661, 87.1388935204342, 83.73271828488394, 90.32126999719276, 103.45741190913196, 108.94635524145313, 97.30752458427389, 91.81858125195272, 101.42561198383703, 26.93572421881028, 36.62873741990194, 31.378651473617552, 21.685638272525892, 30.24505365688699, 53.09033161591463, 69.35729594992719, 71.00473913402516, 54.73777480001258, 62.71382118389185, 96.51674335039831, 92.48009568258466, 81.01437544348943, 85.05102311130308, 89.9589161258501, 39.31636889560903, 51.25534857496442, 56.821831643603076, 44.882851964247685, 48.97292277662588], "Y": [60.018657851836835, 49.71598705392084, 39.20147387145981, 49.504144669375805, 50.838401944569014, 68.73262979745606, 52.836344061035746, 49.917408906416256, 65.81369464283657, 60.034632295866906, 35.5728477176005, 33.24189775108181, 20.072891484866858, 22.403841451385556, 27.97589894118706, 44.15177072584392, 51.56660618814181, 55.22477893652581, 47.809943474227914, 50.32243105148526, 68.36048752495624, 85.87603263761594, 89.5233574294413, 72.00781231678161, 79.50286962766835, 91.99323477638428, 95.57829809202926, 109.77306897993061, 106.18800566428564, 101.18753230086207, 96.79166434680256, 93.8670726961069, 103.03036888197234, 105.954960532668, 100.97480496112907, 23.1038278076889, 34.6194947675864, 30.600355188079178, 19.084688228181676, 27.195204313753575, 80.4229464847265, 73.18229678819257, 82.36077261941058, 89.6014223159445, 82.49862835057114]}