{"X": [105.31489207795623, 95.12372499000752, 80.0422912894851, 90.23345837743382, 92.87258924435147, 26.632681834892438, 37.53843613202332, 33.67355699096248, 22.7678026938316, 30.99017668779491, 69.94108119282026, 58.141935518407514, 56.00030855782119, 67.79945423223394, 64.08326255465795, 65.39769992937875, 55.37441430709367, 63.72669890097479, 73.74998452325985, 64.97757333707365, 61.31376266997841, 52.95400661405523, 64.29771653644126, 72.65747259236443, 64.98479224932152, 19.161161446386213, 17.390985924569733, 34.6333617230434, 36.403537244859876, 27.283002355368172, 33.20920348445578, 32.84106381510546, 46.23372136759259, 46.60186103694291, 40.814180290740566, 87.85446038079357, 83.5530992490746, 91.33249782978751, 95.63385896150648, 89.75305993029367, 95.82788860062549, 98.20007994496238, 84.1062995597007, 81.7341082153638, 91.40666038888439], "Y": [76.07044400220958, 90.34482993443201, 79.57747283076186, 65.30308689853943, 78.40035917607251, 31.060594096629693, 35.66824040875735, 44.81595259091322, 40.208306278785564, 38.82860037472931, 33.37392736737611, 35.83689684450444, 25.577180383190296, 23.114210906061967, 30.412736342988005, 111.76124384465086, 104.81902219344235, 92.75986616397333, 99.70208781518184, 103.50092698809677, 76.7675791904085, 70.89677474875711, 54.743852493757295, 60.614656935408675, 66.20713770463968, 103.96636804098699, 92.03308253483439, 89.47536014055476, 101.40864564670736, 96.77846396807355, 77.47401560231046, 59.78805048706117, 59.50927754529823, 77.19524266054752, 70.24443087076318, 44.31782857461413, 36.204975273321814, 32.08040880570211, 40.19326210699443, 38.31530833310055, 47.30449338663863, 55.320782022098506, 59.491433224827425, 51.47514458936755, 54.34940343597644]}