{"X": [76.07536572273335, 85.19369000092448, 92.23656289060884, 83.11823861241771, 85.77041265999789, 43.65841921815006, 26.790105278459478, 17.51412664289942, 34.38244058259, 30.652821345370498, 65.77240177683827, 56.33202326626987, 67.43996522267462, 76.88034373324301, 66.7996072961052, 89.73321848857901, 94.07629032178946, 110.1643585823652, 105.82128674915475, 100.22281160794067, 94.71819751202753, 96.94704722241393, 112.79038823920578, 110.56153852881938, 104.51851920262594, 22.263071424006746, 27.21326444114809, 39.00375619059353, 34.05356317345218, 31.693304159352696, 61.99852341713361, 52.717485127943625, 48.012221828462174, 57.29326011765216, 55.037271571808276, 38.50637253885921, 28.41030667274495, 35.056440623144496, 45.152506489258755, 37.17449246129476], "Y": [76.47992546571426, 70.70336062347951, 81.82055580991472, 87.59712065214947, 79.77856575293383, 61.96190515103328, 72.43870483926209, 57.50378918001823, 47.02698949178942, 61.070281737609086, 58.05712133910822, 43.14517456423283, 36.113015844449535, 51.024962619324924, 48.762560851495216, 43.34082458361697, 27.176273044787166, 31.49879544483216, 47.66334698366197, 39.255320533372426, 100.11784441589963, 83.71162133132529, 85.86400130658184, 102.27022439115618, 93.76709735210481, 105.50120588085588, 87.07118203288837, 90.2380368567471, 108.6680607047146, 99.05789860874756, 91.16371643278653, 95.96323480911806, 86.8644616783469, 82.06494330201537, 90.1561443268764, 44.243837758646364, 33.44464287716531, 27.231234668992517, 38.03042955047357, 36.023457519310156]}