{"X": [28.786942547112908, 33.5404568385898, 43.33455249447663, 38.58103820299974, 36.88471879338276, 111.49440284842004, 101.0930254763287, 88.34281285591345, 98.74419022800478, 100.89995639613109, 55.13455826433524, 59.57946032854199, 70.14658136084797, 65.70167929664123, 64.01978112755673, 54.61339543997984, 66.85824155631245, 63.33894653124821, 51.094100414915594, 59.85650165647811, 38.64823336534649, 49.56056986438833, 46.65893965120262, 35.74660315216079, 42.71635365137106, 58.274195977989585, 74.1869049470389, 78.68314891513182, 62.77043994608252, 69.95645801752433, 87.24986953523417, 102.04685960736616, 98.94041711703703, 84.14342704490504, 94.34419272859596, 71.03186958230052, 84.35808000416753, 85.02483986223811, 71.69862944037109, 78.87626984567144, 34.10203477490684, 25.502944350902574, 25.821691318651002, 34.42078174265527, 30.226417432013694, 90.73030707313745, 99.74201232918415, 103.42462527437823, 94.41292001833153, 98.0422710301351], "Y": [99.20387470823884, 89.98255244041877, 95.03132660969588, 104.25264887751595, 97.24657430670077, 45.79170246039596, 57.87039856575693, 46.890755408704656, 34.81205930334369, 48.133739203274224, 84.4268526326235, 73.74833867799484, 78.14687374465176, 88.82538769928041, 81.64846141175835, 93.61523939285067, 99.59044876014275, 106.80245144841277, 100.82724208112069, 101.30997354342598, 52.640790560833466, 56.25056232658796, 65.02218760840152, 61.41241584264703, 59.93614811086988, 30.262327732112915, 26.35720933885741, 44.678656863130975, 48.58377525638648, 38.42466288442354, 90.46048607855943, 93.73979452196973, 107.75677385839563, 104.47746541498533, 99.68233730227409, 52.466090307455936, 51.59824648939091, 61.83670412951539, 62.704547947580416, 58.38645861810627, 46.85569913103625, 46.61037333185965, 35.43774490368204, 35.68307070285864, 41.637242940196515, 71.19287030807477, 68.80637428041582, 82.71237791485127, 85.09887394251022, 77.68530770813503]}