{"X": [84.94848145032778, 74.91219497642084, 81.7720533084178, 91.80833978232474, 84.10394406867682, 18.504370549887334, 34.66286364553816, 40.674512957733974, 24.516019862083148, 30.014461645241912, 38.31591571249012, 49.67185745291549, 43.287738239163936, 31.931796498738564, 41.06651884497185, 49.544794830960214, 51.66020505613611, 70.72784659448988, 68.61243636931398, 60.44735496457708, 39.437603498103854, 47.9788835596177, 37.851081171112256, 29.30980110959841, 38.70133626172238, 93.08818561063967, 104.00689113849407, 92.58180116118737, 81.66309563333297, 93.43893664316901, 65.42282776212254, 78.88946451058078, 77.40858991716546, 63.94195316870722, 71.87349171162751, 84.02742168954663, 84.97190235725648, 100.81314715268147, 99.86866648497161, 93.7412576095099, 72.74064033104543, 57.79001038053039, 61.04331540615499, 75.99394535667003, 68.63938405532485, 101.95529728562228, 95.95112163677648, 102.75361473642401, 108.75779038526981, 102.62078667954731], "Y": [47.380111769082205, 32.95671973605109, 28.183397120076236, 42.60678915310735, 39.57193479293229, 29.558920625805573, 23.826285554077273, 40.77123193373651, 46.50386700546481, 36.88452380076727, 49.895830695422625, 62.48157251092812, 68.24187547264759, 55.65613365714209, 60.17480096260871, 45.5084070472974, 35.12827038366578, 39.01414252459288, 49.3942791882245, 43.518719651239685, 82.23727663026688, 95.589662020076, 102.06823450600172, 88.71584911619259, 92.68614851907074, 75.05471088186825, 82.91284542714398, 98.78775726184269, 90.92962271656695, 88.10475535889121, 67.49692794699028, 69.7261179355241, 78.67214780382677, 76.44295781529296, 73.16292601061907, 66.25318661825794, 54.48650800866391, 55.7580434995321, 67.52472210912615, 61.48112441272091, 111.3215746057239, 108.713472597179, 90.06429423110706, 92.67239623965195, 101.4829299855205, 32.44149652111069, 23.385259200984883, 18.87528867165936, 27.931525991785172, 26.943769907777977]}