{"X": [40.58694089064908, 34.37990589919731, 51.82268587013608, 58.02972086158785, 47.87542643165687, 15.294595064481992, 32.29998597285002, 38.98105628666947, 21.97566537830145, 27.444137165445476, 80.59464585343684, 73.96541667463842, 63.59829013334511, 70.22751931214353, 72.92911288724116, 70.94793363961264, 82.45783083492819, 83.1687953768666, 71.65889818155105, 77.54333411937498, 74.6404124729925, 60.49603907631383, 66.58931491131028, 80.73368830798894, 71.57682603180781, 89.13333407304086, 106.82693863415288, 101.4996108107166, 83.80600624960458, 96.44825756030347, 21.968531432315228, 27.107161342259154, 40.64104424990819, 35.50241433996427, 31.786220794770916, 42.74844288520118, 50.590195226919136, 55.98492690807833, 48.14317456636037, 49.44042632677282], "Y": [71.59326917035054, 55.40635695788919, 48.71774678896137, 64.90465900142273, 61.02763834485771, 76.51962833644772, 67.65078575246343, 80.4612749788662, 89.33011756285049, 78.49446358308657, 98.74857895244024, 104.22914199956561, 91.68917901092983, 86.20861596380446, 96.24858523795382, 56.115045735385344, 55.19936130781335, 64.13598678797348, 65.05167121554547, 61.18977971943382, 41.33662168349339, 29.543745630621405, 22.23547170043289, 34.02834775330488, 33.02133694607914, 74.85538628215504, 80.68537527227224, 96.85343871717357, 91.02344972705637, 86.4529571215581, 30.247801892942967, 19.684404898905452, 26.268046084234292, 36.8314430782718, 28.910052344541157, 97.2477606418557, 92.82576391946799, 102.39251678011402, 106.81451350250174, 99.94306469225018]}