{"X": [87.5136278195519, 97.9681356876359, 93.31284140330045, 82.85833353521646, 91.04850774461077, 47.86319627326627, 36.434219800432885, 45.96351978958067, 57.392496262414056, 47.33011761865908, 29.614586881638036, 33.06713105015734, 42.6662584657163, 39.21371429719699, 36.68863076995023, 84.82429206205308, 65.81641806691972, 70.17257263642958, 89.18044663156293, 78.37963473074811, 83.08280199288711, 77.62337947603397, 62.679268337032084, 68.13869085388522, 73.39838846673432, 18.327520942755136, 19.71467858675856, 32.28852295805819, 30.901365314054765, 25.876954785256473, 47.664374588326154, 48.610913493016376, 62.10050606829738, 61.153967163607156, 55.91846920329058, 70.94999334072523, 70.18520402582868, 59.62021927161435, 60.3850085865109, 65.327521107893, 90.03983752780178, 105.69204558252542, 94.9781314091066, 79.32592335438295, 93.91728698462302], "Y": [72.43501879789817, 75.08015674808966, 93.47950364049193, 90.83436569030043, 83.37514611797961, 91.24424248401779, 79.46996786143261, 70.22012879536969, 81.99440341795487, 82.41857924860176, 46.03233273942373, 37.48239284131458, 41.3586085546895, 49.908548452798655, 44.61171235979728, 57.07256291655871, 51.33943850952606, 36.896835962998736, 42.629960370031384, 47.57374138350349, 66.7212645140204, 82.09595075200625, 76.7894218522457, 61.41473561425985, 72.21634688516893, 100.64084517293996, 82.7833919260431, 83.76012159141062, 101.61757483830749, 93.40791889009446, 50.0561514853885, 31.54451002359675, 32.234261076050856, 50.7459025378426, 43.009202269800184, 96.43959922049255, 108.98204626401638, 108.33783485742008, 95.79538781389626, 103.91268344906936, 11.22039895671426, 22.35985026334041, 37.41412978813641, 26.27467848151026, 25.713667792791355]}