{"X": [74.15715458714443, 77.22758158705275, 60.27819022908325, 57.20776322917494, 69.31068385282977, 37.81259568327701, 30.312687116117495, 20.20921189382763, 27.709120460987144, 29.618235284008346, 64.81381580730941, 76.7533885223081, 82.62502387508017, 70.68545116008148, 73.95115265337922, 67.57828275198358, 48.788950828831815, 48.35539328993707, 67.14472521308883, 58.00387391454101, 89.88786865899988, 95.02042654461816, 112.16647137790994, 107.03391349229166, 101.05113892364045, 84.35896998413102, 76.78992392315755, 91.92549017348713, 99.49453623446061, 89.21477878815998, 47.540411000293, 53.418290072965895, 38.171459220401424, 32.29358014772853, 43.97920230040711, 56.00249566075977, 44.65869377395627, 36.48393975849246, 47.82774164529596, 47.38240222080758], "Y": [79.72587278716178, 87.39880303559258, 94.18133163581872, 86.50840138738792, 87.22249541256369, 75.72442556434467, 92.55662291543933, 88.0548256279445, 71.22262827684983, 82.6447584361466, 30.358731950174487, 22.888936864963675, 32.27404267451625, 39.743837759727064, 31.829413633630487, 72.67326666032388, 73.09813654172686, 53.924603978820855, 53.49973409741787, 64.76070165576171, 97.1291469328494, 86.48221475467358, 94.74779456147142, 105.39472673964724, 97.01940243094798, 74.10982393360152, 61.62058003422877, 52.44774306902115, 64.9369869683939, 63.894120301318644, 91.74174368369069, 100.66732481839225, 110.70801871163854, 101.78243757693699, 101.69082125540594, 37.010062780516925, 44.6505956360023, 32.513642392198484, 24.87310953671311, 35.260878589817025]}