{"X": [107.52623617725706, 104.8658273305339, 94.61340173375493, 97.27381058047808, 102.01897358145305, 93.64674708914569, 83.56811024380168, 85.67112993282964, 95.74976677817365, 90.45299306566828, 61.40735529964614, 46.58864347081034, 47.16375436773437, 61.98246619657017, 54.84953944270923, 45.7966023424506, 52.253222895940745, 60.72781440769559, 54.27119385420544, 54.705159668658055, 104.48119560874754, 87.94195888686878, 87.6273383509256, 104.16657507280436, 96.40333808327473, 30.182705410954483, 23.4406148398979, 32.26614527799066, 39.008235849047246, 32.01740542208964, 19.878516017545362, 24.448885696971573, 33.65509521549953, 29.08472553607332, 27.34748928154537], "Y": [96.45284770177446, 105.85642396212334, 102.95586326022823, 93.55228699987934, 100.19071426109029, 60.75823168638711, 58.39824626879644, 49.417016314435166, 51.77700173202584, 55.70428869592609, 98.89631692547066, 98.45987221702218, 78.93299404398441, 79.36943875243288, 89.76906215701598, 32.576257555375896, 27.81678630969855, 39.313278023336885, 44.07274926901423, 36.941117602541645, 35.288864814818766, 35.813512860919886, 25.89527613022265, 25.370628084121535, 32.41373917457493, 78.02116682404369, 60.42945076892558, 57.04703342176026, 74.63874947687837, 68.59559566046924, 101.96209470645564, 94.64465928499583, 100.39473132834172, 107.71216674980154, 102.09362309154302]}