{"X": [63.02074841394746, 64.30770449678916, 77.5637715678776, 76.2768154850359, 70.68903855351729, 20.336852791334234, 11.450911945212468, 29.01235294705499, 37.898293793176755, 26.08015718954746, 51.644583133499744, 38.21458485102273, 45.59147469007561, 59.02147297255262, 50.01715838226581, 44.6491016083164, 56.71187834041804, 61.52666842818985, 49.46389169608821, 53.89139053334125, 69.70554636142136, 74.23225002648758, 64.526629174315, 59.99992550924878, 67.60329857907591, 32.490183097501856, 38.20000527698739, 54.88432672587098, 49.17450454638544, 45.761179053495454, 85.04004262835423, 75.52063794153536, 74.51133747388053, 84.0307421606994, 80.2877105009425, 115.02619187604252, 106.54033512639803, 90.33253397264637, 98.81839072229086, 104.36317787168493], "Y": [82.76217442468523, 65.3667663954178, 66.34748361245529, 83.74289164172272, 75.13173165870744, 115.72551464283262, 97.98452289812109, 89.18851373693383, 106.92950548164536, 103.69950477806158, 80.67522601046227, 69.48658128771226, 60.63192370196742, 71.82056842471744, 71.23585898387428, 93.5316958517161, 90.38640237640395, 108.85200448844962, 111.99729796376177, 102.49802296288297, 35.8497894402514, 50.04721186334198, 53.14175030658912, 38.94432788349854, 44.58650663641222, 43.589481959276554, 34.80927074222403, 45.65918155911682, 54.43939277616934, 45.65197134622822, 33.38807480087407, 33.96992546262773, 17.45720109235001, 16.87535043059636, 26.035763565548773, 84.43999434828513, 97.12104351035521, 86.27516813682203, 73.59411897475195, 86.7438805033476]}