{"X": [79.32396973590521, 91.85489818545585, 99.20213514788519, 86.67120669833454, 89.34751325840261, 59.88074058671026, 65.40881432051098, 49.659411074102664, 44.13133734030195, 56.515027096452954, 102.97237958380656, 93.75212142509056, 100.14000932228596, 109.36026748100196, 101.87672720991952, 103.32362316367055, 96.41298340683467, 88.45019976526716, 95.36083952210303, 96.98915594755621, 69.58817829919568, 72.256435088542, 85.45211288062896, 82.78385609128263, 78.51843620437866, 52.08823094331838, 39.081472326807905, 32.1773203238414, 45.184078940351874, 43.43283969327405, 18.274271921738084, 20.746437330703145, 31.52345225210111, 29.051286843136047, 25.981538539834222, 79.53158248804819, 73.34762865064783, 83.13012469002346, 89.31407852742382, 82.66267783247541], "Y": [27.92546830409181, 19.025474781722615, 29.370167780284174, 38.27016130265337, 29.864844093293346, 79.08754111152034, 88.5596196327732, 97.7512518826703, 88.27917336141743, 89.49645714215916, 88.57527470051787, 85.07238078684063, 68.25829022271918, 71.76118413639642, 79.59254612395969, 50.39390321044512, 58.412524791839125, 51.55000750630184, 43.53138592490783, 52.0374230192319, 48.16742694089691, 39.252638618859436, 43.202194748164764, 52.11698307020224, 46.63225345169017, 50.54318863382456, 55.64946256737506, 38.06312863329989, 32.95685469974939, 44.59693416986624, 78.35142606179515, 69.52640821753408, 72.54538947862083, 81.3704073228819, 76.3171293549038, 108.69806833418733, 99.76947833815726, 92.99410798864537, 101.92269798467544, 101.99185063981822]}