{"X": [67.0224042313811, 82.83194728688055, 77.60524353510252, 61.79570047960307, 73.31680592225536, 32.08502489716274, 19.816774774862242, 22.816053374769492, 35.084303497069996, 27.96637216632301, 36.46820540943547, 46.062427649152525, 57.490391695035086, 47.89616945531803, 47.457475154764666, 107.1418724181302, 97.67451831975195, 93.31420173040898, 102.78155582878723, 101.4093523839928, 52.50893903497143, 50.34750646455196, 41.0466024712973, 43.20803504171676, 46.99283126390703, 88.88961317009971, 100.00882242893576, 102.65550621767916, 91.53629695884311, 96.94667161907617, 101.93583163256739, 100.36418721160985, 90.58723169030003, 92.15887611125757, 97.36527706173969], "Y": [64.98945708181861, 72.88267937891698, 83.35138213323467, 75.4581598361363, 75.69907493635921, 94.23252395402383, 91.62848100548182, 77.49818408748084, 80.10222703602285, 86.1494685771095, 64.6457129562125, 56.219120271549805, 69.23059844626381, 77.65719113092652, 68.04658218341505, 41.345982872709314, 43.834405241631984, 27.245315845921866, 24.7568934769992, 35.404875348881795, 83.91955595085827, 91.64020233640652, 89.03636894973633, 81.31572256418808, 87.24376751811812, 58.50499506464645, 55.53451960162215, 65.44169818475869, 68.41217364778299, 63.312726805240736, 87.20532090522852, 102.55747507493302, 101.55657986314972, 86.20442569344522, 96.1921444849233]}