{"X": [45.36808214721496, 54.19856020968395, 47.37644018309945, 38.54596212063046, 47.21678037588703, 107.45622490875266, 93.99251441310984, 84.52516531990202, 97.98887581554483, 96.16716200490588, 27.852647952770305, 42.01957245861215, 37.026162985544765, 22.859238479702917, 33.113188481041924, 94.71415763342826, 101.84560691041861, 86.43230734467626, 79.30085806768591, 91.08824382251481, 44.446737121384075, 50.50454668033947, 65.18548175550315, 59.12767219654775, 55.08708676531594, 95.78894570628692, 105.29125172014434, 96.62722980219935, 87.12492378834193, 96.89142983758374, 25.338283141659247, 35.335596710009284, 34.76335253188462, 24.766038963534584, 31.21368111568219], "Y": [66.28685075552515, 80.11051048406749, 84.46844336271751, 70.64478363417517, 75.56669814277825, 46.40243358261462, 56.3104139812043, 43.44546651216403, 33.53748611357435, 46.9908356680808, 25.18811539065316, 29.965159698912935, 44.77374225892515, 39.99669795066537, 35.16825402098187, 68.65891087843042, 78.50140185590203, 89.66922149584295, 79.82673051837133, 80.12986589642573, 55.98273819673325, 49.346941664218065, 62.74914717141755, 69.38494370393273, 59.43428557531582, 91.70065144107421, 99.40960971966912, 110.08915740948838, 102.38019913089347, 102.36335251678216, 93.93763726229083, 94.51873964761185, 104.36365619052826, 103.78255380520724, 100.36107696471441]}