{"X": [49.24647305306258, 54.01341743124718, 38.57783003104746, 33.810885652862865, 44.05576395714903, 46.0701268902736, 32.494757200572366, 35.980535103848354, 49.55590479354959, 43.15523550860208, 106.93962252104832, 94.6632946210423, 93.65884252076627, 105.9351704207723, 101.30262532219064, 97.52412609748163, 90.54386805032281, 105.02412765079606, 112.00438569795487, 102.27486240658176, 40.22823517468531, 58.63391898111212, 56.465460783222866, 38.05977697679606, 49.46380643796796, 19.538144329080097, 33.40197273473424, 29.319666486218978, 15.455838080564838, 24.62753280290664, 80.61471349143211, 82.87105626372747, 64.16390098845669, 61.907558216161334, 73.92060719682928], "Y": [80.18573132347994, 98.38434678593305, 102.42754373864456, 84.22892827619145, 92.91978895999154, 34.5039882169712, 31.735709022340515, 14.641796029407638, 17.410075224038323, 24.690959995403652, 73.63304097915517, 75.08651786635946, 66.60273429099323, 65.14925740378894, 70.13558149782942, 104.97590773293993, 95.8635736451745, 84.77136086767544, 93.88369495544087, 95.76672892810255, 61.13194670004849, 65.35925595757362, 74.80071233239538, 70.57340307487024, 68.37305446804271, 63.24395342830991, 68.08150651165087, 79.78089096360566, 74.94333788026469, 73.31816686256145, 92.86147298270772, 101.03037417665033, 106.19750174906649, 98.02860055512389, 99.99123392788505]}