{"X": [70.84802437726167, 79.65921713366396, 86.84094581406428, 78.02975305766199, 79.55875601247068, 114.164133206411, 111.87372899465049, 92.7072579815901, 94.9976621933506, 104.76758063291135, 35.45840441133254, 45.331366167565385, 32.40964012839015, 22.536678372157304, 34.319909414628604, 64.42901832961674, 60.7243244606389, 41.60330580099419, 45.307999669972034, 55.332867275171694, 72.53488316854583, 83.26810673781452, 85.46612771939834, 74.73290415012966, 79.04694775042483, 48.688277606208636, 57.13262671949924, 60.576096214266904, 52.1317471009763, 54.86267667412355, 102.85135622611236, 102.60650705968767, 91.33567237484974, 91.58052154127442, 98.39606127134026, 66.9592335122966, 66.78954953885956, 85.12790188525955, 85.29758585869659, 77.13346467432457, 87.9935183054075, 71.19733317667844, 65.90266901259814, 82.6988541413272, 77.98163543130948, 26.522673622151927, 23.33335653321511, 33.796462344527725, 36.98577943346454, 31.464804200520426], "Y": [74.70606489438451, 64.45361761777627, 70.62576305973015, 80.87821033633838, 72.84532379497928, 72.25573998653229, 89.39671379817, 86.83565942545434, 69.69468561381663, 80.03245694872858, 60.24568763146753, 69.6186485230134, 83.22968440436064, 73.85672351281477, 72.76467946754332, 21.727047308793047, 34.88448492565355, 29.500646319706263, 16.34320870284576, 25.828911161091025, 21.82492281299176, 19.7205359943046, 30.93133165021004, 33.035718468897194, 26.456407743089894, 94.2549962601081, 90.58903116986507, 98.5208739067682, 102.18683899701124, 97.31847577596635, 51.694950654936775, 63.592793186171924, 63.360847396819935, 51.463004865584786, 57.86863974210037, 57.38437704698897, 39.28709993455119, 39.11515558772528, 57.21243270016306, 49.594002872892204, 96.6666149621475, 105.3053712031793, 95.01104676421137, 86.37229052317957, 96.59107183224191, 44.5111038109158, 27.39624634578124, 25.446468952931003, 42.56132641806556, 35.35183841651956]}