{"X": [97.9067809179873, 90.25755339949856, 74.17956437879303, 81.82879189728177, 88.02789444281665, 45.28902925668712, 30.55820832841217, 23.664959194880886, 38.39578012315584, 34.605494204095834, 31.950559388028886, 39.258070257681986, 49.90929267182813, 42.60178180217503, 41.94323762914573, 56.46184550075996, 73.23472662031821, 74.28618954199709, 57.513308422438826, 65.51310854000145, 102.19688018659916, 96.916346808964, 105.09515133567912, 110.37568471331429, 104.1244997722189, 36.04072163666911, 21.035749013431587, 33.225255189061805, 48.23022781229933, 36.224080348436964, 56.655261168747316, 49.76812543704793, 58.53946427138385, 65.42660000308324, 57.81452304319271, 92.3706481891553, 90.4249473664454, 76.69041417559936, 78.63611499830927, 84.78804580077285, 87.31994968748833, 102.35020704699663, 100.56210033574695, 85.53184297623865, 94.28437797461767], "Y": [23.554036443902728, 36.15375839837114, 26.392892523428163, 13.793170568959749, 25.726812156018315, 98.04213244921561, 105.27255880318307, 91.22868177173842, 83.99825541777096, 95.26700212278999, 60.14841955755737, 52.97292378088487, 63.82010786250657, 70.99560363917907, 62.36486069597798, 70.931680517698, 69.2243804587301, 79.55417720084719, 81.2614772598151, 75.6519012815238, 51.48058145986903, 40.454278494527934, 36.53742164520801, 47.56372461054911, 44.93477493203652, 42.54507352956706, 30.48253196219956, 15.319624092856362, 27.382165660223862, 31.19285423666404, 65.1041643834289, 57.63191883746165, 49.547414557031495, 57.01966010299875, 57.89445046286339, 42.17537323646558, 61.5058798426721, 60.12343844714315, 40.79293184093663, 52.197391811590215, 73.43222496592233, 76.12377116746696, 86.10899974757575, 83.41745354603113, 81.36255973625278]}