{"X": [82.3733888238448, 97.32129955244338, 95.8555786325137, 80.90766790391513, 89.96718242376834, 70.30544559002804, 52.18007941843602, 45.75929522652912, 63.88466139812114, 59.93360190306795, 88.50260531025658, 89.89208878137491, 74.95480909247532, 73.56532562135699, 82.44654406606624, 20.19679094861315, 36.22602291773835, 36.19659023547455, 20.167358266349353, 29.221003509400582, 75.8922250300256, 84.6513450258275, 93.37583831078803, 84.61671831498613, 85.95193911920963, 65.6895109447837, 63.70660466693331, 46.11293124471117, 48.095837522561574, 56.12771599757487, 38.17277563363153, 33.77755125025102, 45.24763369419529, 49.642858077575795, 42.32389530976037], "Y": [61.83393816512257, 63.037929830472564, 81.23528625301819, 80.03129458766819, 72.76331741135127, 84.71843125718317, 91.85505777582244, 75.54776408697296, 68.41113756833369, 80.7754084705602, 89.80993459503253, 99.24470668841617, 101.4445587914418, 92.00978669805816, 96.23896786451499, 38.65490199578049, 38.695545032729605, 50.30351842484272, 50.26287538789361, 45.51460799634525, 34.73183085230654, 30.136378716478973, 46.76562026373656, 51.36107239956412, 41.28322772924783, 27.4961779316289, 46.96893108292585, 45.17737109095571, 25.704617939658764, 37.43640960794294, 104.08816614909901, 89.86065188656667, 86.31726510045948, 100.54477936299182, 96.01164064002681]}