{"X": [103.48182445540452, 105.0153323121042, 96.07726315767006, 94.54375530097037, 100.59191997820348, 52.84746515341979, 63.98566359935102, 57.41125154843891, 46.27305310250768, 55.50339681594331, 70.6916451555569, 84.72000995567686, 91.74728055346776, 77.7189157533478, 82.09143510649761, 75.95563735057885, 66.09649395830571, 57.76618318143772, 67.62532657371086, 67.94709713446842, 29.301609629400563, 37.116777101929515, 27.24782821634872, 19.432660743819763, 29.804572093934972, 80.13698501878807, 63.277668594589116, 67.97841093765538, 84.83772736185433, 75.0491964709318, 22.590244440086316, 40.636820641281325, 38.73988406573963, 20.69330786454462, 31.70295144561709, 68.83196642412396, 70.94511708148272, 59.36251186976623, 57.24936121240748, 65.23250520967044, 103.95305672135322, 91.77144264327768, 87.284094341513, 99.46570841958854, 96.13268832501664, 60.040587178106016, 59.54578246921718, 47.222783699250336, 47.71758840813917, 53.690168766546314, 23.221067300035497, 20.534103131622192, 32.88596948390271, 35.572933652316024, 28.282524650852892, 93.79296324389097, 83.85773743478344, 93.5317159365037, 103.46694174561122, 94.0966704079279], "Y": [19.369387280644062, 37.479215619400875, 38.23607532097609, 20.12624698221928, 29.74035432970503, 52.48513744263077, 61.4616430845751, 69.61928359740607, 60.64277795546174, 61.330936961930306, 88.11942523620806, 74.91053331466578, 82.37377217531485, 95.58266409685713, 85.29115229593602, 76.82193585169556, 86.76248545908733, 78.50039415678465, 68.55984454939288, 78.93292948229026, 80.93110556381266, 86.73655665608715, 100.0219133136048, 94.21646222133032, 90.55090444552363, 50.909897411135034, 45.855900244188526, 30.17498472870433, 35.22898189565084, 40.88419160685525, 59.7512167982842, 62.87711851230845, 73.82858582996624, 70.70268411594199, 68.19328911536958, 93.96617582712601, 103.2342288057227, 105.87510600761063, 96.60705302901394, 100.87850805947417, 100.36837754861227, 107.39535059614757, 99.61630478563632, 92.58933173810102, 101.00596884763318, 15.730285910420303, 34.218882805764075, 33.88908612873519, 15.400489233391419, 25.831680238461296, 53.68013502312313, 43.142168441675686, 39.992697237236825, 50.53066381868427, 47.30180816817423, 68.92831076185847, 57.38256397240209, 49.05801272078334, 60.60375951023972, 59.04600445156068]}