{"X": [52.99606105814445, 52.34820482102557, 37.99663099240263, 38.64448722952151, 47.112101453608744, 34.618261916298344, 33.564962786780264, 22.355040105322413, 23.408339234840486, 28.772502864772267, 83.53861229944187, 71.3008294704718, 64.08543369354749, 76.32321652251755, 74.69989462837346, 101.0794884548902, 91.32907360275436, 93.27389103777577, 103.0243058899116, 98.87589868089918, 59.358387734869986, 67.3761727291033, 59.59844774057222, 51.5806627463389, 60.93522858055563, 89.21051951585926, 96.73916643093993, 103.13049429189735, 95.60184737681668, 96.93742194616439, 70.99315153242986, 79.05001121308159, 84.36633634606213, 76.3094766654104, 79.0370077832277, 92.7207565721342, 100.92553842222652, 86.49944937996966, 78.29466752987734, 90.46537146488014], "Y": [82.53471186624256, 98.68231052844982, 98.10651242918777, 81.95891376698052, 91.40960500963867, 25.24588878628972, 43.73847617887269, 43.09998241098166, 24.607395018398687, 34.75917624099779, 37.91536242134857, 46.935581406182806, 37.14641257430326, 28.126193589469025, 38.62035225940703, 34.17651971243435, 32.95673674273164, 17.410711528305903, 18.63049449800861, 26.455022355370634, 48.06266067884063, 54.011873863882784, 64.49395355453959, 58.54474036949743, 56.85927272253461, 85.50177806244365, 80.46219862955266, 90.0102276713457, 95.04980710423669, 88.1218394454719, 66.8927044940038, 64.39920988622389, 81.57706360185023, 84.07055820963014, 75.07610373874874, 42.68190066056634, 57.01043149393051, 65.27107697937798, 50.94254614601381, 54.44444870920707]}