{"X": [26.893875258119067, 23.361479887348125, 34.56299094154547, 38.095386312316414, 32.16804313827313, 99.46619196454184, 102.06357446853829, 87.01725862752032, 84.41987612352386, 93.48656004564953, 70.35989664100049, 73.61599642787898, 58.43973722564175, 55.183637438763256, 64.75514788228612, 70.7104119646132, 85.11460126935536, 84.33549107685903, 69.93130177211687, 77.61500644015038, 91.86648489563424, 94.36792055143654, 85.74157674176365, 83.24014108596135, 89.66129935073039, 29.091970451161323, 35.47293173334875, 42.26875020370799, 35.88778892152056, 35.90447795116908, 45.60258832964625, 42.72050289005115, 32.85393213389442, 35.73601757348952, 40.42816360141266], "Y": [98.74566591139268, 89.74372019304903, 85.3482075970492, 94.35015331539284, 93.1944763655247, 68.41035168318193, 79.33231000728637, 82.91051790328375, 71.98855957917931, 75.96949868898018, 72.19297990072012, 88.13176469355774, 91.23208978083936, 75.29330498800174, 82.87430581555329, 40.59076787326757, 41.856390105496466, 50.72353103917562, 49.457908806946726, 46.71071934245641, 21.75008373788263, 33.471224798409445, 35.3121926592429, 23.59105159871608, 29.694707611768507, 49.94577883901969, 43.62525498290681, 50.486055689828795, 56.80657954594167, 50.9890954609169, 23.845011185669353, 32.863738437789834, 29.710710397345647, 20.691983145225162, 27.56569262751058]}