{"X": [38.46116232576034, 40.05968017584875, 27.242729784565253, 25.64421193447685, 33.61995787075707, 51.46172916836741, 46.99282526651524, 66.29923601609724, 70.76813991794941, 61.225965851659126, 24.334826577672512, 42.32788790476762, 42.99807818657713, 25.005016859482026, 34.17591127485522, 100.31111725310646, 97.27800685119209, 78.53055345340951, 81.56366385532388, 89.59828980001896, 113.64086227747059, 100.80543598049968, 91.00315327324371, 103.83857957021462, 103.81794786629571, 28.930981623619115, 38.13261820451791, 21.57982009866235, 12.378183517763556, 25.908601630552372], "Y": [71.31601999562166, 80.88898926083232, 83.02919502317825, 73.45622575796759, 78.24665026680874, 58.61221621164285, 40.02123469118629, 35.380355766389805, 53.97133728684637, 49.37741783723287, 93.87085301065365, 93.15669471418815, 110.04199157498628, 110.75614987145178, 102.83472522660587, 88.25905712191349, 103.15318777250957, 99.33536871047903, 84.44123805988295, 94.63002051377472, 53.052757594490394, 68.23998871860641, 59.95562956170449, 44.76839843758847, 57.82593476117262, 43.75741036378941, 60.74482526142113, 69.71104133873064, 52.72362644109893, 57.24633370198631]}