{"X": [56.94633478759282, 64.64783223038431, 55.28520712507664, 47.583709682285146, 57.74829818191823, 49.80048469394145, 61.237237145442805, 48.69084156063963, 37.25408910913828, 49.81422552504126, 107.96374595379612, 92.83045548355356, 92.18603769174246, 107.31932816198501, 101.73286524575623, 49.545691165397855, 34.8795950977292, 29.502920249333158, 44.16901631700181, 40.0976515172536, 42.57460365293822, 24.48260047609925, 22.794627586027257, 40.88663076286623, 33.52499974828105, 95.7465926973551, 88.4751754362895, 101.96079011293521, 109.23220737400081, 99.01616346758063, 71.75294744727226, 78.9429745075716, 72.83811459028409, 65.64808752998475, 72.74779223932687, 78.53929158963469, 94.50095688483935, 89.84684452511759, 73.88517922991292, 84.36589352040129, 69.30420449584466, 84.62309015483743, 83.95738497168827, 68.6384993126955, 77.64859106387414], "Y": [38.70363313139595, 45.846754580539155, 55.94125371788637, 48.79813226874316, 48.323032567420405, 85.10378229616049, 99.13764527762574, 109.36220145659891, 95.32833847513366, 99.40345707789537, 46.14327356113933, 46.63259089129174, 26.702453479987973, 26.213136149835567, 36.97073120835981, 26.761901353853606, 39.185941304378446, 32.83898571141425, 20.414945760889413, 29.80913883748699, 63.62297191151251, 66.52279865919292, 55.991545054463316, 53.09171830678291, 60.34449691766769, 81.33645040771063, 73.3273023377801, 61.083861402533216, 69.09300947246375, 72.23178067497079, 75.96562244684144, 79.9223281687496, 91.01592751367777, 87.0592217917696, 84.12403487318153, 44.83142108045439, 55.984234287214704, 62.64509934026917, 51.492286133508856, 54.022846954146154, 23.49211196098783, 24.537204188820084, 34.29506221481779, 33.24996998698553, 29.58746627317968]}