{"X": [28.381625669549056, 43.763234882020654, 48.322418664764584, 32.94080945229298, 39.61289463373264, 60.197702239098966, 57.3684486067235, 44.39301447851013, 47.2222681108856, 53.97991252852463, 94.4797623914775, 95.62567144237177, 110.49257702166088, 109.3466679707666, 103.60991750907895, 22.220154423983573, 30.02624034948524, 35.1701406945099, 27.36405476900823, 28.75933228355192, 58.73106977069056, 74.80839036301384, 76.00615178074098, 59.92883118841768, 67.89544495127815, 72.59227514147526, 55.47401174726882, 54.219244069930284, 71.33750746413672, 64.38471122721178, 91.1756759686016, 109.3614772782803, 115.61025587643108, 97.42445456675237, 104.99657052068252, 21.874428374880427, 25.4638122205587, 37.21721527982206, 33.62783143414378, 30.488155981616494, 110.37743785981046, 104.59049869812515, 88.79487064582365, 94.58180980750896, 100.81933028015798], "Y": [21.870461280927728, 17.25766816985334, 32.460514164754535, 37.073307275828924, 28.7390878151388, 63.85411846957322, 72.06228260215492, 67.58980939792457, 59.381645265342875, 66.63786296028668, 67.76036921119285, 49.21391999222316, 50.13248512892184, 68.67893434789154, 59.46465343593403, 52.93147259096151, 47.797524425833274, 55.618742481406905, 60.75269064653514, 55.28714757532849, 45.970390109875574, 44.11863019486357, 54.517815396898705, 56.36957531191071, 50.85836859239254, 105.55188039016323, 107.1272812504605, 93.49300940223736, 91.9176085419401, 100.48599132148675, 84.60098640482605, 78.3452569641083, 96.51085173463667, 102.76658117535442, 92.88217627444726, 99.17074292110007, 89.82005562379848, 94.33175339866042, 103.68244069596201, 97.55623322899842, 29.840861644871538, 38.69992840416581, 28.38187334905747, 19.5228065897632, 29.52557531688667]}