{"X": [65.90784623333977, 67.57739894424174, 75.67070367129128, 74.00115096038931, 70.88132727445637, 74.76034246072665, 55.85517005505944, 59.0072168676826, 77.91238927334982, 67.82459833919326, 45.76590682694189, 38.531978573868315, 32.67469743058888, 39.90862568366245, 40.05212191083337, 57.36460729161532, 49.3351230247544, 37.89166318201854, 45.92114744887946, 49.13535860928724, 67.65159443975588, 77.62836698085121, 70.9231397107535, 60.94636716965817, 69.71892857841183, 94.31546437949854, 98.81120626329388, 86.4167339876692, 81.92099210387386, 91.30584134950318, 79.90949464918397, 85.2490482421804, 92.94315497776289, 87.60360138476646, 87.1250459491039, 44.740020697074044, 40.373690727285414, 26.836456080247334, 31.20278605003596, 36.711915271904175, 102.31634905156369, 93.41644302470361, 97.52613885522521, 106.4260448820853, 100.19920952720723, 39.19892785254039, 32.12199999291097, 26.427707011249264, 33.50463487087869, 33.601764074782146], "Y": [56.38890111460875, 47.585322047263645, 49.120174945594705, 57.92375401293981, 53.850139333024025, 110.64497438116372, 104.70733865760437, 94.67135949052049, 100.60899521407984, 104.0316043021241, 86.62592750279356, 91.44414706507756, 82.65020336848127, 77.83198380619727, 85.3442519697011, 46.85051080669056, 55.23745462338516, 44.28172596060329, 35.894782143908685, 46.3971347057123, 64.7612302222077, 71.74097120643326, 81.3253565670509, 74.34561558282535, 73.84152971184727, 20.697061124824017, 27.914300703109767, 35.635029318620326, 28.417789740334577, 28.51352237107886, 92.94659558624849, 86.53223114882331, 92.93708944237059, 99.35145387979577, 93.79358383552601, 20.05608868873109, 34.85246729969249, 30.85770379021896, 16.061325179257555, 26.650615171839707, 56.53383153099804, 51.95857915756744, 43.964286448595914, 48.539538822026515, 50.45316893472483, 58.261624869998705, 62.54950992539373, 53.15138004966142, 48.8634949942664, 56.480292604254196]}