{"X": [75.47907557334024, 68.98715013068474, 80.36619168404145, 86.85811712669695, 78.23780045379276, 44.97183305181495, 35.36594577092219, 41.44794995517861, 51.05383723607137, 44.37351292478055, 85.68783440847673, 104.17727953625035, 101.59886489287558, 83.10941976510196, 94.59109184664003, 18.62060750643831, 15.890261878088912, 29.734498065367482, 32.46484369371688, 24.53554985280871, 64.23976046005313, 59.9779837042898, 48.91539469071773, 53.17717144648107, 57.84291522819331, 76.59398530084991, 70.31515064989324, 57.42833740355844, 63.70717205451509, 67.26823967755223, 32.631807731422164, 42.77711533574083, 44.69644649049942, 34.55113888618075, 39.80949405548575, 32.8645145652386, 16.04546032884172, 16.84776751688063, 33.66682175327751, 25.715329637436902, 83.62944189304832, 89.41954589359075, 106.15775390638655, 100.36764990584412, 96.63850136927918, 82.00145528799922, 76.36212173767758, 60.001937927360984, 65.64127147768262, 71.13969516885697], "Y": [67.89135537531145, 49.68674160906737, 45.62887527244409, 63.83348903868817, 57.76128466794188, 35.57710765675799, 28.457942959772044, 20.251496119088625, 27.370660816074572, 28.92739550702886, 94.99965286732989, 99.54323645017882, 110.03571561250409, 105.49213202965515, 102.69802813581634, 46.669748368926896, 29.739147739132694, 27.506530563977456, 44.43713119377166, 38.80818585266796, 89.02083069047342, 106.78279801804442, 104.12845889855839, 86.36649157098739, 97.24018145388614, 20.341805699429738, 34.287471306680175, 28.48536964798082, 14.539704040730388, 25.8584201093597, 91.01549217806108, 89.26939443000938, 100.42123571799296, 102.16733346604465, 96.55457867257873, 82.34398184141479, 80.81580991027498, 71.98562016859275, 73.51379209973256, 77.36561229182811, 35.672621071588566, 24.803693555749465, 33.72048548720417, 44.589413003043276, 35.39514032509854, 78.2215831612398, 89.67549442071845, 81.62055743361745, 70.1666461741388, 81.2073193436427]}