{"X": [45.89309217129769, 43.546665393867535, 53.44577213103981, 55.79219890846996, 49.919130284406315, 101.08339989706877, 96.83115020907772, 80.9613785125502, 85.21362820054125, 92.54217245131338, 38.5952709834233, 26.744043978094208, 24.927764528647963, 36.778991533977056, 33.44081228518879, 54.35116040915346, 57.52433407736417, 40.8628004850002, 37.689626816789485, 48.44782623984566, 30.840390315267783, 28.307322755568283, 19.162539618428937, 21.695607178128437, 26.14348078397925, 69.40604967952163, 67.76045640521582, 86.1170525831543, 87.76264585746011, 79.05393820608904], "Y": [94.27492998425957, 78.77552953709336, 77.27692130383186, 92.77632175099806, 87.50354577699994, 82.52209885652962, 92.43034878458343, 85.61963728305156, 75.71138735499775, 84.7548106932497, 96.06660662087873, 97.39059180365565, 81.13275120202991, 79.80876601925299, 89.89679838419949, 34.183381808744784, 48.62763135405077, 52.2879073345692, 37.84365778926321, 43.95854204746858, 53.38329617284878, 69.56866318848243, 68.13747207104902, 51.952105055415366, 61.935527556484395, 53.77542988896218, 36.1247053148833, 34.41330298220373, 52.06402755628261, 46.06040792614112]}