{"X": [99.37434004005982, 110.25660543030695, 107.10971844326562, 96.2274530530185, 104.6772457716073, 87.49265457483317, 88.73404596548976, 80.25721416151065, 79.01582277085406, 83.90098588382969, 22.620378779183724, 31.432358117638753, 30.278929208504223, 21.466949870049195, 27.883629803579975, 40.27330468305631, 49.68838353946139, 42.74494625916091, 33.32986740275583, 41.90416964154184, 60.32261022658789, 57.16064616457819, 68.96311614439512, 72.12508020640483, 65.29215584597283, 53.358479140557606, 39.74381022173977, 45.09633223961889, 58.71100115843672, 49.53964120329123, 86.13779801443691, 74.053675573329, 68.49078461677733, 80.57490705788524, 78.23115789431522, 102.49619539337196, 95.79999200778953, 104.15810971097467, 110.8543130965571, 103.69940378486389, 108.97222093838883, 93.49106108147387, 95.03081344976698, 110.51197330668194, 102.15598236989459, 33.3702832478086, 24.594736130983378, 34.502393535815656, 43.27794065264088, 35.23122588493041, 84.6831500851534, 88.08334287100706, 75.63579546155374, 72.23560267570008, 80.29740577303878, 37.85046941928567, 44.33118131652863, 49.98152026832304, 43.50080837108008, 44.03670262650676], "Y": [71.8680207618612, 74.52842623155367, 87.40062174318655, 84.74021627349408, 80.10191604411108, 38.32241155902748, 52.11015910955613, 52.87337775588971, 39.08563020536106, 46.32505332207377, 79.85587561512324, 80.54754302781278, 95.24245495975967, 94.55078754707013, 87.98126811220635, 36.63849101582244, 45.97553879356227, 52.97700339829372, 43.639955620553884, 45.61647906409764, 53.218365387770255, 44.78296473733378, 40.3588730473678, 48.79427369780428, 46.83046201301716, 74.62595673471534, 65.76450956436736, 57.54093007974857, 66.40237725009655, 67.78143253338489, 89.04739585252916, 94.48659188956803, 82.12765961580156, 76.6884635787627, 86.29324234361907, 62.29910821708283, 52.383741673871214, 46.73920439758845, 56.65457094080007, 54.83608791386941, 34.91543669194858, 32.07589810862942, 23.68117063648307, 26.520709219802228, 30.83347361847068, 34.752968479254584, 25.62228304113436, 16.09998430872202, 25.230669746842246, 26.109433376299695, 57.75900720847318, 66.92410242911727, 71.54206436887551, 62.376969148231424, 64.6852598785747, 99.51954453521154, 94.35287620219353, 101.44027111669533, 106.60693944971334, 100.90070667906518]}