{"X": [61.651726119060434, 45.47975699242395, 43.58352435452735, 59.75549348116383, 52.789399483895224, 24.937465440496084, 33.310936705978875, 24.029640106128838, 15.656168840646043, 25.718554212795397, 79.42847337567382, 87.94278694407082, 75.26278673967938, 66.74847317128238, 78.03120922147646, 35.35565330221821, 34.22295831934939, 50.11876175095434, 51.25145673382316, 43.17235705514533, 90.75853472064657, 99.52563625307053, 85.15544661444943, 76.38834508202547, 88.99203050435176, 82.0356615571643, 89.24646206266259, 77.15941888021715, 69.94861837471886, 79.77796103045202, 54.83495233335864, 43.564279129855144, 50.92400533887255, 62.194678542376046, 54.026244739695514, 27.63918659163646, 39.75271427276796, 29.88227980841353, 17.768752127282028, 28.826457982584785, 109.06568953427117, 100.39154578169607, 94.85493128387694, 103.52907503645204, 102.43257815259584], "Y": [86.54221266717909, 88.68537978759555, 74.37673563901174, 72.23356851859528, 81.09808195085684, 54.61944966158311, 69.41620348468177, 74.66848187725373, 59.871728054155064, 65.44703453684852, 21.470526308645226, 34.8063582691285, 42.901953512637725, 29.566121552154453, 32.30626550344074, 109.13516950040966, 99.12133557396528, 97.32331326523692, 107.3371471916813, 103.80005270816594, 54.039330711208656, 66.93385963008686, 76.7042756254731, 63.809746706594886, 66.65885958582835, 91.63816776976425, 105.92649869844706, 112.02638940821465, 97.73805847953184, 103.08166872195856, 45.517218352622336, 35.0437929236341, 27.12383688522958, 37.597262314217815, 36.362413471440746, 16.948694695041926, 29.938720394671538, 39.14315030678179, 26.153124607152183, 28.853348173168673, 55.85026479144649, 60.74620553838804, 50.936979377578055, 46.04103863063651, 53.919247930874164]}