{"X": [41.18704910501499, 51.392656820449, 62.95158945157651, 52.745981736142504, 52.125800057028485, 74.70488040264212, 86.59328146440392, 77.0455288326628, 65.157127770901, 76.66312339918808, 37.543757158010685, 45.54462714888534, 30.757786412325395, 22.75691642145074, 36.06146200443423, 47.40970022563228, 37.864032885878004, 33.75377150785076, 43.29943884760503, 41.03902059922886, 62.96940318712729, 74.5997344644949, 68.97450134349569, 57.344170066128065, 65.98588197201074, 108.76032014398938, 107.22576973788625, 87.54609580612045, 89.08064621222357, 99.17007768000424, 31.14925162055268, 16.795510791129757, 19.63292868960232, 33.98666951902524, 26.177568752587817], "Y": [86.05397318100283, 73.48088674986307, 82.86330312697878, 95.43638955811853, 86.08405077743357, 64.02528843864526, 72.00810105036223, 86.22708852327706, 78.2442759115601, 76.60020570192083, 59.01682412304604, 68.03516124437964, 81.15372054386728, 72.13538342253368, 70.53465738095099, 44.2095326294305, 47.618422986137425, 36.10875746788642, 32.69986711117949, 40.68320629956435, 23.634099340292515, 31.400369511487977, 39.82440360603854, 32.05813343484308, 31.977911748697288, 22.190267267063447, 39.388610609100205, 37.63265940941962, 20.43431606738286, 30.060962486266703, 110.28300915571855, 105.77431160986724, 96.74120155418906, 101.24989910004037, 104.55882618550116]}