{"X": [103.36928453813026, 95.91295815736326, 87.82486849242768, 95.28119487319468, 96.5905337665608, 77.04826325989643, 69.06697903891329, 60.967617824417346, 68.94890204540049, 70.4362273719808, 78.05654366015813, 81.0809509519846, 68.1843475896761, 65.15994029784962, 74.7138792360312, 82.605461318272, 90.7017453760274, 97.40482622478936, 89.30854216703396, 90.8587386914864, 16.721383176393495, 15.888006536486925, 34.331285974889184, 35.16466261479575, 26.287602982699294, 56.980077366124405, 41.695000156337116, 32.9952942193447, 48.28037142913199, 45.07934171615848, 49.370261191040036, 46.20303608376452, 57.84149789115376, 61.00872299842927, 53.863161901643494, 41.4583908120548, 31.22483723326749, 29.662935015235778, 39.89648859402309, 36.52408895795626], "Y": [90.84241753467202, 106.50980084332835, 102.66056608915292, 86.9931827804966, 98.18330060214886, 48.033356699833305, 53.128746796171725, 40.44212170190221, 35.34673160556379, 44.36673236209968, 74.10487944500478, 90.91285134765687, 93.23345144591174, 76.42547954325966, 83.93293771746656, 48.84482964712694, 45.773569595998424, 63.44385661507896, 66.51511666620748, 56.61058288937248, 74.01970898485366, 65.741094824303, 63.88447994297711, 72.16309410352777, 69.15730223956916, 32.55483822328791, 43.525174436589964, 31.403788695637505, 20.43345248233545, 32.55717473785906, 111.43888717083826, 94.54332248386386, 92.36158845310675, 109.25715314008114, 103.32430145480753, 95.78980431569293, 97.11347762849752, 85.03813405358777, 83.71446074078318, 91.33286735948646]}