{"X": [70.42731374578719, 84.79728270560553, 74.43794154712148, 60.067972587303146, 74.47072279448271, 38.337617415678146, 50.3791717711894, 58.02670905237077, 45.98515469685952, 49.7486638963358, 17.73426436571006, 36.93063187464594, 35.069975133334765, 15.873607624398886, 27.693472036191846, 58.190683391075574, 48.953661159506105, 53.22076224762056, 62.45778447919003, 56.74148268819348, 96.58639379638205, 84.65964315214366, 88.36025122116513, 100.28700186540352, 93.73333303471811, 96.37466622503062, 85.82326602921263, 93.43190813672742, 103.9833083325454, 95.80787554777, 80.79846091775033, 64.76867254707929, 67.32828691306196, 83.358075283733, 75.70445637072778], "Y": [61.41124098922316, 72.32133265424743, 85.96589362240252, 75.05580195737825, 74.77604684108788, 34.20145469943363, 28.60356922477719, 45.0541086783011, 50.65199415295754, 39.85311664129976, 77.87564111884731, 81.14423323148898, 92.07182816633735, 88.80323605369568, 85.61057745504881, 107.05785143710298, 104.95240374465537, 86.23177356388533, 88.33722125633294, 97.64179517226772, 64.22753188030381, 60.828621990017524, 47.843214581185656, 51.24212447147195, 56.408062223532525, 91.61952401888861, 86.00604458461162, 71.70442849015798, 77.31790792443498, 82.25380223231389, 32.668580574230376, 29.69867265483665, 15.883403727035201, 18.853311646428928, 26.190163763747808]}