{"X": [87.35889202004907, 76.73118452459516, 73.96921876307917, 84.59692625853307, 81.81487576322498, 94.67037937581954, 111.6463147642762, 103.05845419111067, 86.08251880265401, 100.6477785661433, 32.447531385435674, 41.58826008609178, 37.53514619129245, 28.394417490636343, 35.59870956632454, 36.504919211910604, 19.85063893536599, 26.870083461309548, 43.52436373785416, 32.55322084099128, 70.3103215290001, 51.25957822765741, 52.922367731442655, 71.97311103278534, 63.01831148707407, 96.26448370993938, 83.24285185285913, 86.26364845925013, 99.28528031633039, 91.93882630591004, 73.71199179249354, 68.99911960543766, 60.629404618551575, 65.34227680560745, 68.04670722376073, 51.868087567583196, 43.18080811086281, 50.302985212940065, 58.99026466966045, 51.71415306849148], "Y": [33.209476246647064, 35.843902748503275, 24.70168101441112, 22.0672545125549, 30.169941523024637, 50.66832532696107, 59.78450679086679, 75.77661563516263, 66.66043417125691, 65.3194716650137, 61.26434809836461, 64.99076512249992, 74.9328661448129, 71.20644912067759, 68.78858364485231, 44.58174917074105, 35.18468880841657, 22.74422423617418, 32.14128459849866, 36.003886602624775, 78.02447289708205, 76.29960988977787, 57.93445516929437, 59.659318176598546, 68.1667622829215, 100.11104706073954, 95.2028000849231, 87.1885942967154, 92.09684127253183, 94.52616255929647, 43.15116754218773, 52.64108844669548, 48.48453146669541, 38.99461056218766, 46.48737331523334, 104.00679195300481, 100.44478704782676, 83.07469787808503, 86.63670278326308, 94.45017197099986]}