{"X": [27.580503828901918, 37.62859712843199, 29.04278778712702, 18.99469448759695, 29.987733148365784, 94.1648964961757, 84.8496506009387, 71.86708109823586, 81.18232699347286, 84.5675648675018, 65.46413661723476, 65.9577856639827, 77.32239881254434, 76.82874976579639, 72.59704845186403, 50.89989522344668, 39.14124383005485, 47.85272950695659, 59.61138090034842, 50.69900198396589, 73.38342017798148, 73.42944675153647, 84.98727311704035, 84.94124654348535, 79.783410833931, 41.03096742354468, 56.92264548950976, 58.24540306840218, 42.3537250024371, 50.46281016515146, 63.57772618774667, 65.06159670364158, 73.44593580828891, 71.96206529239399, 68.88086494646653, 93.08818502113262, 85.96394855720263, 92.25856859965116, 99.38280506358115, 92.79258638373776, 33.83250343444756, 24.296067740952417, 14.412525987489204, 23.948961680984347, 25.260027958910793, 110.64691355206885, 112.3898509811616, 95.47070891540308, 93.72777148631033, 105.0585817852604, 65.73816026877292, 57.61596060344716, 53.55438516106115, 61.67658482638691, 59.83054414663616, 24.80013194900358, 33.84213889715947, 37.41922539670114, 28.377218448545243, 32.08901788603616], "Y": [66.80715057945534, 74.84976679423566, 85.57650185276856, 77.53388563798823, 77.03124379056605, 59.20505380157452, 71.71569240483285, 62.04905338624714, 49.53841478298881, 61.32362856691582, 88.95273278668482, 75.25855559561694, 75.6682282885558, 89.36240547962367, 82.84066108663325, 43.04230358023812, 30.91590139374466, 22.468604197276328, 34.595006383769785, 33.145334061558486, 38.0501194472601, 20.05845279457587, 20.088020213515808, 38.079686866200035, 30.792995824045203, 78.88551918003142, 77.39199838040213, 91.46668526008347, 92.96020605971276, 86.28300450772495, 106.2026627194186, 96.67548886511182, 97.98136128676673, 107.50853514107351, 103.2675006758001, 87.19856381471213, 78.5980150984337, 73.38388712679411, 81.98443584307253, 80.76597855683639, 34.22216047158758, 42.05270228211915, 30.01601789469772, 22.185476084166147, 32.25519209808108, 93.11344828175638, 104.7736227066997, 107.3026591430214, 95.64248471807808, 100.39308136764014, 59.33920106459791, 61.69520902537751, 47.69316520888423, 45.33715724810463, 53.70170553653396, 47.90150033318471, 45.346499765883, 58.005612799728006, 60.56061336702971, 53.61585722460338]}