{"X": [58.28499874394613, 71.43254387962, 74.42738008225062, 61.279834946576756, 67.51958117226032, 108.76300503540354, 106.56228326264394, 93.98330033723919, 96.18402210999878, 101.80567529683799, 48.90452898301838, 40.41796400296946, 27.053612934496012, 35.540177914544934, 38.601814746816636, 61.30234712556141, 65.06467160264783, 48.69353066788315, 44.93120619079673, 56.506668773370315, 95.28156008369372, 77.58683944766902, 73.36682853303215, 91.06154916905685, 85.6721386110803, 100.67081153711406, 93.97576683074719, 83.68139693636233, 90.3764416427292, 92.22454360075669, 41.63235655956171, 53.27231118896896, 67.60663020396606, 55.96667557455881, 56.35512355028483], "Y": [46.229271797963264, 44.02235096836927, 61.863835637885, 64.070756467479, 54.14367599451374, 56.79388702193481, 67.30820667349255, 64.67533621486919, 54.16101656331145, 61.17360752267355, 55.167748157480695, 72.82564320953581, 66.40259938554468, 48.744704333489565, 62.34134459939952, 28.293215431593993, 38.56229926958612, 44.56025831134811, 34.29117447335598, 36.637195362859444, 96.60570785207508, 100.83119507269346, 83.15940710677302, 78.93391988615464, 90.62851209740884, 23.278092695680883, 37.196159880444256, 32.24423187551017, 18.326164690746793, 29.365968357938243, 84.10001632832854, 71.32655823621765, 84.38886460422194, 97.16232269633282, 84.50083775103938]}