{"X": [44.343747872739456, 58.68586707961956, 50.2057918427452, 35.86367263586509, 47.974329880142726, 31.73661215180815, 26.70426053571851, 17.942484950588902, 22.97483656667854, 25.307965085798386, 51.859367847796776, 44.06382130492671, 38.12574556443032, 45.92129210730038, 46.24790250363675, 112.64271912800886, 108.29486008342687, 94.4754971846359, 98.8233562292179, 105.28966218096198, 86.37312413492651, 90.51271454907607, 72.57785572044457, 68.43826530629502, 80.84964991869013, 79.03760763302334, 90.46550531017922, 80.46506661161531, 69.03716893445943, 80.07285321612997], "Y": [69.05609268438313, 77.9792643875904, 91.60919934522987, 82.6860276420226, 80.55513623898511, 67.08245860521274, 86.03287914796354, 83.70615845983039, 64.75573791707959, 76.99114282464976, 54.96666280981487, 59.98856166955273, 50.77082409597214, 45.74892523623428, 53.109736019666165, 79.5244238941427, 87.73492419416553, 80.41689974080765, 72.20639944078482, 80.49621907038404, 78.48393724179198, 89.40234861214826, 96.20214458683552, 85.28373321647923, 88.13310709786045, 16.439597341815897, 23.71736834881724, 39.420526646036954, 32.14275563903561, 28.413574144710058]}