{"X": [77.88967712439292, 70.53515067677036, 57.14502688791867, 64.49955333554122, 68.35196310653363, 43.03753946297497, 24.24861870364995, 20.604896817831268, 39.393817577156284, 31.847044417713693, 84.44763899074655, 75.2681891186724, 60.58396115996862, 69.76341103204278, 73.3163111910713, 96.36937478421756, 94.22234200050421, 104.95196845034086, 107.0990012340542, 100.84754258985991, 94.03040247902518, 97.90215220297235, 90.21757036045457, 86.34582063650741, 92.5941587255341, 30.22766438555819, 17.9354774900425, 21.977059080585644, 34.26924597610133, 27.10047493610191, 75.14896968904716, 76.21116154223857, 65.83197356076843, 64.76978170757702, 71.56704053954579, 83.31988615847281, 89.29835939622596, 98.0824385068009, 92.10396526904775, 91.55467119944555, 17.38082518746446, 28.246316381393676, 31.463145545806043, 20.597654351876827, 25.100420573815843, 64.38613838328321, 59.703153846130455, 67.64783362339007, 72.33081816054283, 66.46055419118639, 36.97372934967126, 47.818834565012324, 52.698189533751844, 41.85308431841078, 45.19468834846551], "Y": [95.0016450789458, 112.4892213806439, 106.85790816473032, 89.37033186303222, 101.764321977484, 57.956796914071155, 63.70781140461882, 51.803546184249676, 46.05253169370201, 56.638126318965945, 66.60944429421576, 80.8995527790897, 71.46693478324246, 57.176826298368525, 69.36691322633835, 100.83112648861288, 87.74589624568873, 85.98537240949148, 99.07060265241563, 93.42921721050935, 49.87462299486874, 61.92973335100115, 64.3977968318371, 52.34268647570468, 57.50739645334262, 38.766005745753176, 34.0569998757556, 23.507028685242418, 28.21603455523999, 31.608622470618656, 40.367625242140456, 49.53552992883033, 50.73806085529879, 41.57015616860892, 45.87580322168696, 37.007194297971445, 26.331826662468107, 31.25113095942057, 41.92649859492391, 35.14353383258923, 77.06757656706574, 73.80607466836092, 84.52274142001212, 87.78424331871695, 80.81881089649055, 33.39986598019739, 22.878035683330737, 19.34207173981262, 29.863902036679278, 26.581614865396563, 100.09318976332554, 92.02259013749821, 98.57936664387245, 106.64996626969977, 100.32790412461235]}