{"X": [42.240635923450995, 32.216016315162, 38.669872107532015, 48.69449171582101, 40.82095442351323, 35.13748595192745, 24.944635337734233, 32.831182930396174, 43.02403354458939, 34.549853455773025, 33.61338595329232, 40.18853959831139, 53.92769767444919, 47.35254402943013, 45.63183159717753, 88.75422745793732, 98.0855660528959, 99.21462472457652, 89.88328612961794, 94.27987017201083, 84.74931407938809, 82.20970586682985, 66.34314875947476, 68.882756972033, 76.99440023731533, 82.09063832113141, 80.75982124784106, 66.46974353752539, 67.80056061081574, 74.86216739457751, 59.04247699093949, 58.53675336528639, 45.195931426674605, 45.70165505232771, 52.19035432109156, 68.87197077559183, 87.22200143316017, 85.55889822731193, 67.20886756974359, 77.77391719686022, 52.99627970244872, 61.32715371161304, 57.003370855793364, 48.67249684662904, 55.79308093418015, 93.12190479440615, 112.63139788890997, 113.22946788124825, 93.71997478674443, 103.58231725410575], "Y": [107.03664424896077, 99.93458876031586, 90.82490925574099, 97.9269647443859, 100.12614356303011, 67.69586847058257, 62.23367888195908, 47.51679654577012, 52.97898613439361, 58.117764357121224, 35.99224310876613, 28.684271511125175, 41.045714641661135, 48.35368623930209, 39.12113635032869, 80.5202519277469, 79.90836907754071, 97.12674471182393, 97.73862756203012, 88.86254757745202, 35.195827763095195, 44.90656988821999, 40.75705811912381, 31.046315993999016, 38.49714305220443, 72.67255200841501, 87.0062789458386, 85.67951449172571, 71.34578755430212, 79.53315192051029, 67.36228854176692, 76.33972783656417, 75.58820297313265, 66.6107636783354, 71.83846505842392, 49.164961398504225, 51.22354293779396, 66.04831146483762, 63.9897299255479, 59.906287311940225, 20.436381449095727, 24.515058828504966, 33.34657131749614, 29.267893938086903, 27.873320821956227, 34.39167955775091, 33.64889179449937, 49.357339029113184, 50.100126792364726, 43.44367557155263]}