{"X": [85.9304447875741, 75.23861927243382, 67.02740525743896, 77.71923077257924, 77.48141359896975, 41.60516749724101, 50.80817997888652, 59.642481600969205, 50.4394691193237, 51.81733357331432, 94.7115930667025, 87.10723694496788, 94.36171564743108, 101.96607176916571, 94.8223063008516, 32.9932087116685, 26.299873090838695, 36.870211182343084, 43.56354680317289, 36.151682119571106, 23.197365102079957, 13.046883361491197, 26.78676584796743, 36.93724758855619, 26.476906247325484, 61.611456109927275, 66.17193168221094, 76.5989686949018, 72.03849312261814, 70.12966153212373, 72.29829817377417, 79.09140884883429, 65.37177947428923, 58.578668799229106, 69.01101741863133, 56.47465493655547, 56.316389786917355, 46.97700043917588, 47.13526558881399, 52.3639164654296, 51.20282269170242, 55.59184417602134, 46.68646141240863, 42.297439928089716, 49.21904737664112, 102.8917048910321, 111.59839726627864, 103.02149577427244, 94.3148033990259, 103.56460676020886, 109.03852693332684, 112.05093554792867, 94.81661806534115, 91.80420945073931, 102.870345521309, 104.81901038235404, 105.9729174212149, 91.63664025946255, 90.48273322060169, 98.3055475071261], "Y": [85.22387274772814, 91.44924497232556, 77.34681633859404, 71.12144411399662, 82.8180562410769, 97.43790804065496, 82.20438718471195, 87.5414454303722, 102.77496628631522, 92.88542561235046, 59.09176499295721, 46.24939780953159, 41.95380037463919, 54.79616755806481, 50.795974250406125, 87.98100226363148, 72.30104324275786, 67.78886177736659, 83.46882079824022, 78.33660220226041, 38.87754297913213, 22.97573427269321, 14.205258607221275, 30.107067313660195, 28.310648559794146, 35.06226395644657, 25.97690145688952, 31.21084204979296, 40.29620454935001, 34.05409035107127, 48.50922602108999, 63.948856583024714, 69.98520313861302, 54.54557257667829, 60.31472478216789, 24.71869904854594, 36.350479119373134, 36.223404858714105, 24.591624787886907, 31.47920689565595, 55.18736637230868, 62.4859707883906, 67.84122969096335, 60.54262527488143, 62.007163861736636, 27.0179513983887, 40.09066997528329, 45.803058135744266, 32.73033955884968, 37.3170419161804, 95.31913886240099, 107.30976623135015, 111.63954855664974, 99.64892118770058, 104.09883637070607, 63.271755372127586, 72.15417654927289, 74.016588925143, 65.1341677479977, 69.10557091075759]}