{"X": [72.26691655047438, 89.93944646900788, 89.76589326255174, 72.09336334401824, 81.44189572135555, 91.10074880976225, 86.14960423740472, 70.80894587668683, 75.76009044904437, 81.04493748149049, 39.36826087443318, 50.07260711680236, 63.37565678540489, 52.671310543035716, 51.43905471566497, 46.275478679276674, 54.825081930366025, 48.295071658415864, 39.74546840732651, 47.53663037455081, 32.07137555859914, 27.460455088461977, 18.259039669399222, 22.86996013953638, 25.79919626699852, 46.683077419761126, 50.14857546554366, 32.09472887639951, 28.62923083061698, 41.12479159572241, 80.18295119395053, 65.42625808685376, 70.94066430962185, 85.69735741671862, 76.06761734988123], "Y": [58.30571479667673, 58.58903979531184, 69.41450259714415, 69.13117759850904, 64.98646341274356, 94.10743047874732, 104.19274290937476, 96.66161108757814, 86.5762986569507, 96.27699883286222, 69.2161788324062, 59.27830536361696, 73.60737185650169, 83.54524532529092, 71.92600884612787, 23.11516111827305, 27.65828786029852, 39.94696044657587, 35.4038337045504, 32.55131726242103, 28.43380867842671, 38.853053450856066, 34.781069767138476, 24.361824994709124, 32.199602100754895, 45.656353411840584, 53.112784271887286, 61.50360439050162, 54.04717353045492, 53.618985587611164, 41.349192648541816, 35.01271713776194, 22.170499068929217, 28.506974579709095, 32.102228615724805]}