{"X": [80.66967830368789, 68.68834176458341, 74.17475685291548, 86.15609339201995, 78.68878380416723, 47.4883336595902, 32.716170110044075, 38.053516219301756, 52.82567976884788, 43.58717401922879, 40.06778024193621, 26.198719639904276, 32.55252907823627, 46.421589680268205, 38.57353735476309, 81.35238318817441, 91.76728568004819, 83.6061098140138, 73.19120732214003, 82.61318842692587, 72.06610861490825, 56.277409804640556, 50.459933798319945, 66.24863260858764, 63.174817213999454, 102.31145082504739, 92.5658373109215, 100.92703068348533, 110.67264419761122, 103.51566437005768], "Y": [106.21219519196332, 99.1813462178975, 89.83189413764411, 96.86274311170993, 99.17819916140384, 56.19191108965864, 45.37611359437514, 38.08639226953802, 48.902189764821514, 49.06237908566517, 85.61998945789736, 80.65436300942069, 62.908088885030516, 67.87371533350718, 75.14716070199357, 24.38546199177115, 30.193283012655108, 44.82835020190619, 39.02052918102223, 35.441455394403945, 83.07134345415098, 89.3980667316771, 74.88022353375707, 68.55350025623095, 80.2716552403016, 76.88375466758491, 71.57938079991501, 56.21753769482624, 61.52191156249615, 67.32436845470272]}