{"X": [108.52506568127785, 110.56888161976846, 93.35998030611347, 91.31616436762286, 102.30064635916715, 65.37614555047286, 64.48533293414758, 74.2363291192584, 75.12714173558368, 70.61282654632156, 73.58316551879813, 55.76441516188301, 54.995038078193915, 72.81378843510903, 64.90258624572452, 85.48793580436302, 69.18373375522295, 75.79802729276105, 92.10222934190112, 82.40521085414531, 43.04658764120678, 32.61907683323231, 28.80717456331436, 39.23468537128882, 36.48994691201848, 36.078356316324474, 37.455767611219194, 28.40670432031001, 27.02929302541529, 32.62711054196978, 92.28666754602449, 98.26245843634996, 106.52034424532499, 100.54455335499952, 100.0525657500477, 59.27923390315766, 43.879546032741736, 39.25451712660738, 54.65420499702331, 49.57309060740875], "Y": [60.29649755134108, 77.37811631345484, 79.43716161112707, 62.355542849013304, 71.57727970176666, 88.79359740639401, 69.25948015427261, 68.81480634017984, 88.34892359230125, 78.94288241954406, 53.169889004752456, 54.527409925669325, 44.42860557330015, 43.071084652383284, 48.96242248731186, 42.0910369379373, 35.94083109958538, 18.406332079103656, 24.55653791745557, 30.44241526776124, 42.301193809027396, 45.76465275964151, 34.28807611031701, 30.824617159702893, 38.72490542173843, 63.64142889614699, 71.96277277549461, 73.46064164930117, 65.13929776995354, 69.47971708581295, 103.52158526319842, 90.7196982864276, 94.57439555724106, 107.37628253401188, 100.18292246794795, 107.58269042289182, 111.84030605561628, 95.11169368424923, 90.85407805152477, 101.77390521544449]}