{"X": [31.99775314106173, 41.85352001178573, 35.60475173695162, 25.748984866227616, 34.79998672959117, 94.66482139571687, 80.4554655308394, 69.18873813078179, 83.39809399565925, 83.9484900535791, 56.540758569824916, 64.51008288684642, 61.157629887941155, 53.18830557091965, 60.25615822352384, 45.183418069374895, 27.84368463986096, 32.82797617978825, 50.167709609302186, 40.317675296078995, 97.99650736339287, 99.29874850542048, 84.94442852681361, 83.642187384786, 91.65306088344728, 25.97831790400571, 36.718539080692025, 32.13895039769405, 21.39872922100774, 30.106460265517054, 31.833235270194155, 35.23961886846938, 42.84292061058555, 39.436537012310325, 38.08731868540969, 104.50951161811844, 92.54375068959078, 98.47966480967077, 110.44542573819842, 101.99006710035772], "Y": [75.85947027179844, 80.92598954886131, 93.08155434158891, 88.01503506452605, 84.66355387486433, 44.837060356794694, 56.69967747420901, 43.20409403967598, 31.341476922261666, 45.758039197301535, 86.39846666387763, 88.50017481237352, 101.21211353943579, 99.1104053909399, 94.0613994276098, 75.90394438902023, 67.10608214309664, 57.282526804143075, 66.08038905006666, 69.00203947818564, 93.88167045076025, 103.32331384423757, 105.30313719309277, 95.86149379961545, 99.83086511642541, 95.81183096330736, 100.29376946431121, 111.26799308264762, 106.78605458164377, 104.63495853693044, 26.690413796338742, 18.476642905347916, 21.629855076811065, 29.84362596780189, 24.797470444634804, 68.44882074851962, 63.19630241608289, 49.673697684840036, 54.92621601727677, 59.79292228534733]}