{"X": [38.846626122830436, 30.794977431808384, 34.02484645232058, 42.07649514334263, 37.04209038972237, 24.15451115844277, 38.902659387426084, 35.31743787635125, 20.569289647367935, 30.212076928046788, 81.46906522986036, 87.48417995716643, 101.63984019500548, 95.6247254676994, 93.03210986212146, 96.66321398600824, 92.38431736453218, 79.05521588510878, 83.33411250658484, 89.50197542220178, 64.88652248368498, 72.80853803302023, 61.68223394009922, 53.760218390763974, 63.638759403176834, 52.284826876222525, 58.99401065042431, 45.123782595525654, 38.41459882132387, 50.70486542979352, 58.71119314244298, 52.903816721186885, 68.52612896054323, 74.33350538179933, 64.2275269380488], "Y": [102.78303538651586, 100.81519740448468, 87.59979506514331, 89.5676330471745, 95.34448463062417, 26.72839254626835, 34.03603027633336, 41.27166239607185, 33.964024666006836, 34.36170975872462, 102.21058648291663, 91.54221143354307, 99.5235506700528, 110.19192571942635, 102.00438436012249, 78.51269830031242, 87.1724491517028, 80.58636506379176, 71.92661421240138, 80.70522715347387, 26.181640384533928, 32.822896605209905, 46.09489682654469, 39.45364060586871, 37.234610836762734, 44.666220261429636, 51.894194484852, 64.76888193307903, 57.54090770965666, 55.01668956093764, 81.38344328840213, 67.5798110056477, 61.0072911148009, 74.81092339755533, 72.44515131559815]}