{"X": [48.20825760683439, 55.0425055769194, 47.52452563363533, 40.69027766355031, 48.24103601516443, 29.505467208056828, 38.771625043518895, 45.58406049410047, 36.3179026586384, 37.72573048907, 102.46027748922587, 109.08625373170644, 94.78321698152793, 88.15724073904737, 99.68252007501279, 86.61351812517059, 76.79081784344633, 71.75408883512658, 81.57678911685083, 80.30616441446634, 46.150645569334, 53.58743184318025, 58.79193900697585, 51.35515273312961, 53.502018449213814, 44.936054433110456, 49.29849656776456, 37.058471020372735, 32.69602888571863, 42.088678980634846], "Y": [69.02881990944796, 83.33456935765774, 86.92611409654303, 72.62036464833325, 79.91704329192923, 92.81582297283514, 84.26330611381296, 91.6441862885646, 100.19670314758677, 93.63584768836283, 70.15777453386045, 85.55989453622766, 91.7130462898462, 76.31092628747899, 82.08134858713942, 64.58830980588779, 68.45641809722218, 55.666114485550615, 51.798006194216214, 60.75356482749557, 27.171100045259138, 22.153389952198516, 29.86702958462316, 34.88473967768378, 29.40707015694288, 35.475071199143756, 45.68399933947164, 50.9143626492353, 40.705434508907416, 43.364033919041724]}