{"X": [50.061164851781264, 47.642921362388904, 34.987690825008094, 37.405934314400454, 44.07489580885262, 74.51983427247842, 57.812662800838396, 49.112789450352224, 65.81996092199225, 62.809791526298255, 84.57110075630987, 87.67060379063409, 101.45709433107271, 98.3575912967485, 93.51457423623863, 17.652697611226777, 24.949120436868714, 33.70629452857915, 26.409871702937213, 25.72746704606155, 63.890584766116156, 65.03076375418473, 83.89240082350261, 82.75222183543403, 75.09483925923645, 36.93783397524679, 32.84723250335536, 50.002729901486774, 54.093331373378206, 45.048754685236624, 114.57455091541402, 97.35263223936501, 90.62541132867295, 107.84733000472197, 102.93069925988267, 72.73550545062815, 64.35241652546621, 74.63919180890079, 83.02228073406273, 73.86521302664299], "Y": [79.67884327817826, 97.13518456262574, 95.38204349170464, 77.92570220725716, 89.3686046276474, 58.99107830491671, 68.32052596271025, 52.74079593156499, 43.41134827377145, 57.27174665495534, 64.24067439053664, 50.76060302448885, 53.93056170663638, 67.41063307268416, 60.79304460869528, 52.905704032845875, 46.271788124198075, 55.90351180154873, 62.53742771019653, 55.51004944747058, 99.14510041014975, 83.15997555348795, 84.50532896547892, 100.49045382214072, 92.61608182196485, 45.748679284515546, 36.89267611011715, 28.968525505621333, 37.824528680019725, 37.75286645628135, 101.9473511525407, 110.33848407487429, 96.5315699773277, 88.14043705499412, 100.20782784945759, 41.23489032374844, 28.032419993694855, 21.500691476351527, 34.70316180640511, 32.091150289527846]}