{"X": [36.1067475060777, 17.942737783101464, 17.32717897086959, 35.49118869384583, 28.979809481288477, 29.185482702340213, 15.75997773578275, 24.146465291566866, 37.57197025812433, 27.69771764130086, 66.49311299584313, 50.71756935047048, 47.53727755646874, 63.312821201841395, 58.439915484040746, 95.46222155774689, 99.20747427705544, 110.82268654136152, 107.07743382205297, 103.61381525588362, 82.80232854942363, 74.68957427670117, 65.6093296510561, 73.72208392377857, 74.29251412260126, 98.34744657448364, 89.23674677928068, 91.39743598160548, 100.50813577680844, 95.97581470476526, 35.645198927418804, 24.332632593621685, 29.388523849913355, 40.70109018371048, 34.02535181369009, 88.92720131630854, 89.67269703854907, 81.66196377637415, 80.91646805413362, 85.47789254108481, 73.32808127568042, 70.67235101107262, 79.35401787961992, 82.00974814422771, 77.33845461479729, 56.985310690680244, 65.049990474082, 60.83384912486279, 52.76916934146104, 59.9398580924136, 86.19623701995778, 73.14179521114613, 73.24903158655457, 86.30347339536621, 79.85816465253058], "Y": [43.62856093752968, 44.21595140038326, 25.180885362495253, 24.59349489964167, 35.2823098394603, 110.80012696022395, 102.59781682295491, 88.87085107210366, 97.0731612093727, 100.44712429974749, 81.91943379231319, 84.68870595029998, 66.57173183614572, 63.802459678158925, 75.93020647205947, 58.76901632703164, 49.44806416127328, 54.115173759587485, 63.43612592534585, 57.60618287825674, 90.78313734997016, 100.19794147760453, 92.37347775160484, 82.95867362397047, 92.34551883302099, 105.460643633715, 103.41601941495202, 93.78814232513261, 95.83276654389559, 100.54439930217346, 85.13484216663511, 80.737442280391, 67.73086869308062, 72.12826857932474, 77.51548478780109, 66.48313904509702, 79.4362193834163, 79.89726549931929, 66.94418516100001, 73.85761022270607, 41.381354947396446, 32.84057445969862, 30.141035994419713, 38.68181648211753, 36.48173979193707, 36.7259124727983, 41.20721285267506, 48.794704656549044, 44.31340427667228, 43.250310248961384, 55.83004207635103, 55.67907885019403, 46.40588657553102, 46.55684980168802, 52.65971708400466]}