{"X": [80.61164874418102, 85.79663479422751, 94.46632966080352, 89.28134361075703, 88.29073821720127, 56.49896809606844, 55.69235805832635, 37.93892627281683, 38.74553631055892, 48.360902171654665, 39.95374061162741, 31.89694620431044, 24.025696111343184, 32.08249051866016, 32.61447667732773, 49.44421558100199, 59.72345820676717, 65.55024492914765, 55.27100230338248, 57.564101845289656, 87.73115859342488, 106.21284383759439, 107.2935387752878, 88.81185353111829, 98.19913844238155, 81.72865837160543, 71.77898330886543, 60.577359537269466, 70.52703460000947, 72.44520906983502, 27.815548139523496, 34.78415298062466, 21.264556162649416, 14.29595132154825, 25.353500476210005, 66.53097226845942, 83.68038882903765, 85.23296336238691, 68.08354680180868, 77.25661959301735, 78.63357687168546, 70.07039158355414, 58.51892206628904, 67.08210735442037, 69.74684559049416, 97.80613505808248, 109.1162420781983, 98.91791898310322, 87.6078119629874, 99.71520191124597, 47.69347108791642, 38.66978270158385, 45.34191143925422, 54.36559982558679, 47.09828952681924], "Y": [67.003516802153, 56.01851095940158, 60.110656888574525, 71.09566273132594, 64.58809309079926, 24.873883150397553, 38.55794880686031, 37.51146915365882, 23.82740349719607, 31.360893213209394, 76.58427561645546, 83.43306696087969, 74.17347055351634, 67.32467920909211, 75.91130084159833, 64.49735459600925, 56.09349761854143, 63.22057684044213, 71.62443381790995, 65.26342760631789, 79.53813699160949, 77.81150210192638, 89.37912638819486, 91.10576127787797, 85.25132087942984, 92.45071091838926, 99.50157509432339, 83.69464506114366, 76.64378088520954, 89.25167653726585, 90.39195588577051, 97.26040668137513, 110.97714290605167, 104.10869211044705, 101.01115813492322, 21.720602789254002, 19.613078912166433, 32.24674238009665, 34.35426625718422, 28.085304038437506, 55.174770898280826, 61.49511237462506, 45.84447479487248, 39.52413331852825, 51.18535694925009, 32.6394821538743, 47.031073359674544, 55.045762213868585, 40.65417100806834, 45.554294093574235, 94.70775199562594, 89.2651498954643, 78.2029393031368, 83.64554140329844, 86.54658095290057]}