{"X": [76.950704561296, 83.50676972755451, 74.64830233188549, 68.09223716562698, 76.10039542911623, 57.797047399930996, 67.6202163305903, 63.615200029738354, 53.792031099079054, 61.11600461583816, 46.63298558250014, 38.78721636222704, 49.9696238210357, 57.815393041308795, 48.95375264309411, 17.310996279072057, 20.413151953886995, 34.52394641423438, 31.421790739419443, 26.52799890013962, 97.98734160710345, 106.66472372493368, 92.77900571435063, 84.1016235965204, 95.96817061617826, 100.45835491987773, 92.13533634340189, 93.1159279975706, 101.43894657404644, 97.5669618465422, 27.27161230213521, 19.804674468690337, 33.45123730277809, 40.91817513622296, 30.362225710010563, 22.80494426189947, 17.267904533288014, 26.854097121703248, 32.39113685031471, 24.878649592097318], "Y": [56.75677650992874, 75.38957119957189, 78.50647827049367, 59.873683580850525, 70.08985589225689, 44.25928178425145, 49.18009411281492, 57.17510572196479, 52.25429339340132, 51.443046355096584, 112.28600144738566, 95.03195556728005, 89.94708510509857, 107.20113098520417, 101.97010196025131, 96.56493421215424, 77.16839946593613, 79.42518820083367, 98.82172294705178, 88.52717126347977, 20.18699688760223, 29.773888271432572, 42.34226693915096, 32.75537555532061, 31.4586995720442, 93.85908457312074, 93.0728178917522, 82.69277413944958, 83.47904082081813, 88.592382794718, 35.3995633655967, 22.33732974247584, 14.536364052965622, 27.59859767608648, 26.608546418619813, 72.49544096260655, 55.286972095915715, 52.20249493415514, 69.41096380084598, 64.19919043498479]}