{"X": [71.60933080971125, 53.4169856452953, 56.87653270628749, 75.06887787070345, 64.69183710721312, 99.77237291643762, 115.69934629845736, 107.45590688176573, 91.52893349974599, 105.66644329750764, 36.55509108765363, 21.27653297896487, 20.557748889123424, 35.83630699781219, 29.57267700213356, 63.74777029706713, 47.1987724164152, 47.62984350594851, 64.17884138660042, 56.41493702057629, 34.997054565429785, 51.02649771685865, 46.12879538369635, 30.099352232267485, 41.596935970145836, 25.618436686123616, 29.57620918491215, 37.67421264012275, 33.71644014133422, 31.78748579650352, 69.14226240949934, 78.14834549977903, 66.93625064503685, 57.93016755475716, 68.07361524290202, 91.24577307499328, 79.7744737855481, 82.08095012620146, 93.55224941564664, 86.7761015338455, 88.59182492834167, 89.5158909597618, 103.8983306604549, 102.97426462903476, 97.1337868817845, 81.6480111667616, 96.68472677295537, 92.19337352847838, 77.15665792228461, 86.93812859634902], "Y": [51.29582834924612, 47.088331592574704, 32.12996611164658, 36.337462868318, 44.018840522743865, 58.58691471388631, 67.68788772489276, 82.11415181854056, 73.0131788075341, 71.05132041368223, 35.882870758704755, 37.233739557906446, 29.104168062337493, 27.7532992631358, 33.568904445368865, 107.36640631271436, 106.5459858941846, 97.85069457040075, 98.67111498893051, 104.54426617449867, 55.1930430133758, 63.18645876077245, 73.00797231680316, 65.01455656940651, 64.55907721874759, 79.71375429913685, 72.34556749330956, 76.69535614752495, 84.06354295335224, 78.30368420036604, 68.80527420574155, 78.88387506526378, 88.90283099826935, 78.82423013874713, 79.23441387721513, 33.255650481432106, 31.22319628519543, 18.205298781453628, 20.237752977690302, 26.88444637440502, 106.03275362791896, 86.39791736534171, 87.07479206898716, 106.70962833156442, 96.92068796245476, 41.92899579461007, 51.419549025654554, 58.53559376825631, 49.045040537211825, 50.87548999943813]}