{"X": [111.75364285478963, 106.17935882306256, 94.41381501464124, 99.98809904636832, 104.18753681354515, 16.52738229808811, 19.614872814973626, 36.8565218731207, 33.76903135623519, 27.72535476071893, 60.76690140036847, 73.36845105912806, 78.1050766607702, 65.5035270020106, 69.91175069329108, 35.66751779973087, 29.177436500360624, 20.93991692152712, 27.429998220897364, 29.374536797655857, 40.626162827731605, 50.352743930677825, 57.49591402904241, 47.76933292609619, 49.8952590725969, 62.96739698426761, 72.8481569413654, 80.66895596488702, 70.78819600778922, 72.12396804965579, 86.32592953870773, 89.36962336094331, 80.31420435547335, 77.27051053323777, 83.38567896528374, 95.99311865325436, 102.32649919942054, 110.21565633069943, 103.88227578453325, 103.77924601030902, 23.924023367171337, 38.63667486782451, 35.15316850725541, 20.44051700660223, 30.451014360473636, 55.75455873029466, 67.82709359292414, 59.07639537313156, 47.00386051050207, 57.61453795280785, 91.66932078935298, 98.9195875984406, 111.7043492076329, 104.45408239854528, 102.79270537064399], "Y": [65.8875786277849, 75.10962735264694, 67.99792311722504, 58.77587439236301, 68.09747538566187, 27.316999171276915, 16.925795180956104, 22.04872684624561, 32.439930836566425, 25.306537288869475, 87.80727796286801, 79.14497309987624, 86.03561290973282, 94.6979177727246, 87.87956662039429, 94.58116799790272, 106.99845794226091, 102.69299579944655, 90.27570585508836, 99.35600735027103, 76.42700295643697, 64.27899469409441, 69.99833746975413, 82.14634573209669, 74.72047429415872, 25.556815326719974, 18.871934028215797, 30.431666261817785, 37.11654756032196, 28.818247627958254, 51.4660424422897, 61.772880624262825, 64.4470201031294, 54.14018192115627, 58.79330165604011, 39.05365447370121, 29.289091455377232, 34.406067423183124, 44.1706304415071, 37.19948799371527, 74.41998128111821, 80.5830881650431, 88.89896131938359, 82.7358544354587, 82.410465186599, 35.28161056851011, 45.21720680983549, 55.849996907664924, 45.914400666339546, 47.04371074019492, 108.10185315177927, 90.18718879579114, 95.36132607881765, 113.27599043480578, 101.86280727968321]}