{"X": [62.51918791413377, 52.67852978834948, 36.90529077367836, 46.74594889946265, 51.49106025014568, 96.8615065390127, 86.48086251582058, 78.94163642287354, 89.32228044606566, 88.63714475412895, 77.68606421651074, 66.36013746563971, 67.56121392178926, 78.8871406726603, 73.24140929048602, 66.07173477557019, 61.50765155576588, 70.56868053144807, 75.13276375125237, 69.37116311748125, 90.39357206325334, 86.73187041414755, 102.3030225263939, 105.9647241754997, 97.29445670852606, 41.73774330950209, 28.695129389138586, 27.4209582996173, 40.463572219980804, 35.41136844087478, 20.378323812946494, 22.222065583308815, 39.531874640879025, 37.68813287051671, 31.301930728141922, 112.33517189255778, 102.15600658362749, 89.05339247216017, 99.23255778109046, 100.93661908731967, 58.30683290500486, 59.57095258452988, 69.15875254687653, 67.89463286735152, 63.78657727566915, 29.61831136545486, 31.4303827161122, 22.889901362262346, 21.07783001160501, 27.103574954511203], "Y": [47.89599118187878, 61.12940947378168, 49.40008532972174, 36.16666703781884, 50.66419381592961, 63.878888330299674, 75.7365975935892, 69.1365013571654, 57.27879209387588, 67.00681912486871, 41.648212349452685, 40.00504937327944, 31.726318558502847, 33.36948153467609, 36.98958770600003, 76.94122297023935, 60.64773087038206, 58.10958312104637, 74.40307522090366, 69.59242919075295, 110.3805561130182, 103.21627376698784, 95.25777763101658, 102.42205997704694, 103.20084296199437, 78.73190506726769, 80.72032348424567, 72.36266523323624, 70.37424681625826, 76.44804060773308, 34.201993125551105, 25.97902927041789, 29.860211111745734, 38.08317496687895, 32.352803001088205, 41.011858697064156, 54.40100844939345, 44.439683235554114, 31.050533483224818, 43.674498234022444, 108.13617342995332, 93.37745544175579, 94.19867356012108, 108.95739154831861, 101.85262363847275, 94.75059512250193, 107.01044019319272, 108.27276948796761, 96.01292441727682, 102.85655963145373]}