{"X": [85.75893413842421, 92.54857103409722, 82.73301481921861, 75.9433779235456, 84.65721076200006, 53.78938757630924, 35.71199932586438, 32.2547026469657, 50.33209089741055, 44.82322421200473, 89.23285727735978, 104.83222216436653, 111.99128311645441, 96.39191822944767, 102.13397166778148, 28.491300149907026, 26.174412594513598, 42.622567076964295, 44.93945463235772, 35.76787581431408, 62.22260912454516, 56.39336909817853, 48.48625958315637, 54.315499609522995, 56.31349341639789], "Y": [24.860320166188835, 40.863486852169224, 45.02791655135345, 29.02474986537306, 36.39374138865728, 53.5360352342478, 57.61191671610083, 42.278081657430015, 38.202200175576984, 48.12776362570674, 74.2336988313811, 68.17565786253401, 86.61013273885595, 92.66817370770305, 80.75890052673014, 98.66459709961539, 90.96098211388207, 86.01414553129668, 93.71776051703, 92.63998822452629, 69.61757716909928, 85.10553637900954, 82.12951877377601, 66.64155956386575, 76.47190379647246]}