{"X": [40.943342075167735, 30.103852142449387, 36.41413791210306, 47.25362784482141, 39.989851372507, 62.0481979007721, 63.85694678558826, 73.59809217680552, 71.78934329198935, 68.93277216289206, 103.19855357393038, 89.45806380674208, 88.90581474235339, 102.6463045095417, 96.25238518277526, 42.69954200453656, 35.29785955069929, 27.55111126157359, 34.952793715410856, 35.85791239604157, 64.47273945083175, 73.47863139209022, 77.63193833635115, 68.62604639509269, 71.83333120683155, 104.0810587544111, 107.93943911649409, 91.274813846937, 87.41643348485401, 99.37500271602984, 36.23213270450531, 47.191061205085205, 34.17071232651009, 23.211783825930198, 36.098653687848845, 55.503754133549755, 44.747812407637646, 48.96151852636192, 59.71746025227403, 52.95068315559722, 80.40881925874446, 85.07815288511813, 100.45591795698421, 95.78658433061054, 91.4760022808147], "Y": [95.21989178821534, 89.1182590327579, 77.90809909457445, 84.00973185003188, 87.44936786219392, 47.478154471846274, 29.510334790956385, 30.49093712201917, 48.45875680290906, 39.38293709777442, 72.43864448723296, 73.30073443671354, 64.49866845422044, 63.63657850473986, 69.98617636911241, 57.65504669015787, 68.85700386722498, 63.73834737001025, 52.53639019294315, 62.25307064144603, 81.77863782142288, 78.17784465277644, 88.56562084180786, 92.16641401045429, 85.6308658200674, 77.85823604915142, 88.30571907695759, 94.46016438310447, 84.0126813552983, 87.07159954994486, 16.283588925052022, 26.363576371502763, 40.519255946595145, 30.439268500144404, 29.88898983388628, 77.46033154702124, 71.40167205237042, 63.92107712817429, 69.97973662282511, 72.08626377973405, 48.70736531643583, 39.160538662754504, 46.68177248769785, 56.22859914137918, 48.31415753557816]}