{"X": [65.39066288988344, 65.61362501513909, 80.08370157878058, 79.86073945352493, 73.33008170086276, 27.700710735726034, 25.84167205316625, 37.91648345296154, 39.77552213552133, 33.712883683676694, 68.12644525185183, 67.43456005160982, 55.52813780374602, 56.220023003988025, 62.67707418994594, 90.59371073489483, 99.47299114932623, 96.79548873053405, 87.91620831610264, 94.88979265359673, 22.483735317997514, 35.79022835401185, 40.88271937120568, 27.576226335191343, 32.93648058350906, 83.49552176317252, 83.49913914741735, 74.67947133768146, 74.67585395343663, 80.16280395934746, 55.20522265813668, 45.9429306456183, 51.24970226496555, 60.51199427748393, 54.28274320663742, 110.97516829844932, 99.75145531940191, 93.65827722863773, 104.88199020768513, 103.6389803048733, 102.5181627216054, 86.16324197578301, 88.13421470328943, 104.48913544911183, 95.59218279669874], "Y": [82.03538243030243, 65.09580525458011, 65.28626331559153, 82.22584049131385, 75.69280758996051, 49.284771415311155, 36.98175858515871, 35.15720213002615, 47.4602149601786, 42.325458947128176, 31.75123231363507, 41.31150357978164, 40.4498253792582, 30.889554113111632, 36.94683035980257, 72.61760454457612, 74.73747422493798, 85.9524536206128, 83.83258394025094, 80.3844917202921, 92.64134162296517, 86.99155471567761, 98.98549313640788, 104.63528004369545, 97.2427972518351, 89.17003400130793, 98.50849496886025, 98.51191139127616, 89.17345042372384, 94.83985480699201, 96.31278178981147, 89.60317060039314, 82.27743040554283, 88.98704159496116, 90.17214165307142, 26.142814205343043, 32.899377697317504, 22.77765204459631, 16.02108855262185, 25.329337417203995, 64.60060276506373, 60.53384246529752, 52.60736035805408, 56.67412065782029, 58.79509640913957]}