{"X": [87.16193054988939, 74.32216378893746, 78.01555380569728, 90.85532056664921, 82.75385784129314, 59.776503093372014, 54.742219318595794, 41.89090298660179, 46.92518676137801, 52.63949090974009, 27.424009620056815, 23.80297158727224, 35.9535959435026, 39.574633976287174, 32.654239186047874, 81.55211100996007, 75.20624497612431, 91.15429176242628, 97.50015779626204, 87.51762403489174, 50.695779354087115, 51.64187180419252, 60.38357877205551, 59.437486321950104, 55.68706054921095, 17.57713678081192, 27.162727380964505, 35.7341316544428, 26.148541054290213, 27.117561236056332, 64.64577431139318, 52.493096839456776, 59.37968780485805, 71.53236527679445, 63.23070634576154, 101.90748113066634, 109.64041869596807, 101.48961582932155, 93.75667826401983, 102.78172421139969], "Y": [77.78203609527282, 74.76960796518019, 59.02740123875247, 62.03982936884511, 69.22038165095996, 52.9991973215105, 60.99166547235451, 52.89689773933052, 44.90442958848651, 53.17192660951136, 93.53180324737454, 74.73881575150145, 72.39763008713325, 91.19061758300634, 83.07010282236696, 39.26446757115605, 30.07892632221016, 19.061157672068692, 28.246698921014573, 29.781071643455792, 37.69264468509098, 27.99998625211971, 28.85325710866775, 38.54591554163902, 33.56961885367159, 57.41882822239656, 43.496357428805766, 49.397750468307386, 63.32022126189818, 54.02865362406709, 100.26820351945686, 93.24660569731199, 81.32759224716425, 88.34919006930912, 91.28828846735732, 30.26084462335027, 36.83415031531796, 46.42287973526257, 39.84957404329487, 38.502631253530375]}