{"X": [90.6148662582466, 75.19978147029731, 72.31856689545964, 87.73365168340892, 82.46457538611871, 49.28599827682826, 43.13160286345853, 35.00004288438357, 41.154438297753295, 42.15719918684467, 40.62128876481987, 31.283625873351653, 17.513902483355047, 26.851565374823267, 29.60276080329506, 51.82968958332352, 59.43467900697946, 54.66852232448176, 47.06353290082583, 53.74808162683573, 25.723435456037045, 37.94080698095391, 33.2065115583758, 20.989140033458938, 29.500198159461974, 85.32145444853772, 98.29443420908268, 103.99609372207745, 91.02311396153249, 96.04066743749961, 57.66615337979404, 59.32212250998031, 41.1004904725, 39.44452134231373, 50.92686755759103], "Y": [48.38538548597365, 53.23239636428211, 44.069188754791874, 39.222177876483414, 48.24145662714492, 63.86489881566455, 73.84191450904626, 68.8259020082383, 58.8488863148566, 67.57664009736087, 23.716524429181987, 41.23403582305153, 33.89412136639244, 16.376609972522903, 29.634635630821503, 93.25879191977783, 98.11762820026726, 105.57755668302546, 100.71872040253604, 99.858892314347, 77.57992451819372, 83.23878440970259, 93.46003872510629, 87.80117883359742, 85.5282402532986, 96.65427623556349, 91.738845794096, 106.78686942995012, 111.70229987141761, 102.4452266172924, 33.07966759488467, 42.18574646578286, 45.49940765667306, 36.39332878577486, 39.43612407568623]}