{"X": [72.88847177884563, 89.84725322951655, 98.12400647483872, 81.1652250241678, 85.78962715165189, 96.88708091218017, 87.28039794396271, 87.35448019628485, 96.96116316450231, 93.06491563500589, 84.64631774109823, 92.06281178584241, 102.82374332246953, 95.40724927772534, 94.802066481164, 70.98298329382742, 57.26601439825039, 55.24296468308455, 68.95993357866158, 63.93585284491858, 50.04014377851015, 32.488032636607755, 29.46986693182844, 47.021978073730835, 39.81352514890859, 25.337784904082504, 23.219427635347742, 34.615415402799364, 36.733772671534126, 30.478941263620076], "Y": [56.79462791237383, 46.81789026452076, 60.88698322485892, 70.86372087271198, 59.702873108143734, 36.38353049216511, 36.32295562920738, 24.574110037481873, 24.6346849004396, 31.456081864262284, 95.10389856585319, 76.85123965162653, 81.22366478882613, 99.47632370305278, 88.60868014837875, 77.18970645807954, 79.90974497595653, 69.70764311793033, 66.98760460005334, 73.64302581414641, 35.96486482471418, 41.99272362031416, 33.20433263583494, 27.176473840234955, 34.85064168643018, 82.44888974192742, 67.9383875262595, 66.27471157881178, 80.78521379447969, 74.42548776200861]}