{"X": [82.88842381343964, 87.9506563534481, 79.45968890592577, 74.39745636591732, 81.80196130864968, 70.4400170168542, 71.21577532887858, 59.5927350427213, 58.81697673069693, 65.58225225288307, 31.668655874354563, 41.06846928969845, 34.90562018303725, 25.505806767693365, 33.76464684544943, 41.872493898753845, 51.72085009556554, 59.93954388308369, 50.091187686271994, 51.151024149276076, 38.983118728075056, 21.859881384795667, 17.616978482484864, 34.74021582576425, 28.305529054877237, 100.75746834898695, 93.43673025631061, 87.43353049438065, 94.75426858705698, 94.86118579630809, 41.7892060463505, 54.55006388705408, 59.6265881573069, 46.86573031660332, 51.67654723226553, 93.0350374899622, 102.36183415668448, 111.50808112138478, 102.1812844546625, 103.03167168917365, 88.68423278862575, 85.28065456269194, 94.65230541231738, 98.05588363825119, 91.72043521275451, 33.88155246221267, 25.873132585458034, 15.700309408667623, 23.708729285422255, 25.287785813573333], "Y": [81.79911453470383, 88.65471721810438, 94.92451634358103, 88.06891366018048, 88.83809024757832, 38.935418610902914, 51.0612794252304, 51.804869529969764, 39.679008715642276, 46.187454512121654, 43.507608252055185, 53.25884409614637, 59.19959177528663, 49.448355931195444, 52.57283476789489, 72.44633552956066, 59.77970592565869, 66.16977387767872, 78.83640348158069, 69.77463908575447, 99.16984847790451, 106.31577850934232, 96.14883969226315, 89.00290966082534, 99.25769965293541, 101.93132718674848, 106.4282049205924, 96.6552344783786, 92.15835674453467, 100.01163582600107, 21.80049706720879, 17.89038684954479, 34.457900533667825, 38.36801075133183, 29.21686517458631, 73.88462121162779, 61.33763296007527, 68.13649050206986, 80.68347875362238, 72.87441772404753, 54.79896731692395, 37.08284382108365, 35.28238522864221, 52.99850872448251, 45.38797802079185, 70.35194196762461, 80.80854864922556, 73.01747054785, 62.56086386624905, 73.0819383915533]}