{"X": [71.47640634518972, 59.91654079934142, 49.01063941098942, 60.57050495683771, 60.87133713479636, 50.539805246405344, 58.09774830810699, 42.55958437639055, 35.001641314688904, 47.190308857460124, 26.69782728773898, 20.29537914615337, 30.80742035321321, 37.209868494798826, 29.607991878287912, 17.77238699833384, 32.19783850194377, 37.98355432478991, 23.558102821179975, 28.29461937203718, 91.03212133925057, 85.30776709580985, 69.4497227528234, 75.17407699626412, 82.30238891298295, 106.01054571427015, 96.72324693283959, 85.77048887755076, 95.05778765898133, 96.83381220613788, 59.835162963150644, 50.624169509414315, 56.296006719905, 65.50700017364133, 59.636653303350364, 77.27489511880533, 81.10393289199156, 73.3573173371622, 69.52827956397597, 75.68392407504152, 94.67823726586252, 92.11333842927176, 102.79942447260922, 105.36432330919997, 99.20295677825864, 30.40502620930159, 23.762491683866553, 35.812364175998475, 42.45489870143351, 34.40051510070125], "Y": [61.37943947670801, 77.07051239139815, 69.03595959879718, 53.344886684107024, 67.20073011534261, 90.26119610425597, 104.23563099928849, 112.63930235783796, 98.66486746280545, 101.71791974856878, 74.23533897692654, 62.2649185229217, 56.642492898941654, 68.6129133529465, 65.5813956224206, 86.96909014522228, 78.16501319204161, 87.64488978330462, 96.44896673648529, 89.15981237674896, 44.133653811425425, 53.13866748954841, 43.05794283190779, 34.0529291537848, 44.464299976400575, 105.90206831788083, 112.17305470503989, 95.95207601682577, 89.68108962966672, 102.02717628318547, 40.4792196259675, 37.37614977613178, 20.540158984866306, 23.643228834702033, 31.181036367696052, 94.06993696841694, 101.4820021802145, 105.48386707565301, 98.07180186385546, 100.26246778365018, 35.73137010398808, 24.856802482439612, 22.336359315030055, 33.210926936578524, 30.34370267610329, 40.19927905302056, 27.11770078964671, 20.99904351109959, 34.080621774473435, 31.1300347499093]}