{"X": [33.01365233066355, 28.479094973082166, 47.23667893448041, 51.771236292061786, 42.48162823814078, 74.25079301208977, 60.55249038292213, 51.32227596490661, 65.02057859407425, 62.793117742936374, 87.21501419391575, 97.8085000529736, 96.88095383074025, 86.2874679716824, 92.68086321038318, 23.55007491929421, 18.333045761117372, 33.57077700682631, 38.78780616500315, 28.71893939507965, 98.28417686185307, 97.74249981636751, 82.84948387677696, 83.39116092226251, 92.2699612320115, 82.41378460911162, 88.09684764395666, 80.41157423046363, 74.72851119561858, 81.48825913178631, 57.421961056945726, 57.2374648211938, 68.45734766854605, 68.64184390429797, 63.40156536312632, 113.11104965376488, 95.59660727571553, 93.49873301707929, 111.01317539512864, 105.00340951799436], "Y": [57.56557880690672, 40.12275903994349, 35.24640639174908, 52.689226158712316, 47.00911694703931, 78.6277787112789, 86.26311071008215, 69.70348102405136, 62.06814902524811, 75.48282732434839, 56.19391706319783, 57.293296451824865, 66.23101885275389, 65.13163946412686, 61.408514314020564, 97.93241349437535, 88.14330445525114, 80.02247467435843, 89.81158371348265, 89.62226624112482, 87.44769504719613, 99.94485584468012, 99.29933283323334, 86.80217203574935, 94.720258224618, 21.892031544543663, 34.561726351221544, 38.00899906894157, 25.33930426226369, 30.053677266846023, 46.48087411834631, 37.3776224921017, 37.15022834373539, 46.25347996998, 42.80052793263533, 33.43379399783192, 35.706466960011944, 19.539117574189138, 17.266444612009117, 27.488206137806618]}