{"X": [45.609579160786865, 35.26256594819033, 44.07975433971673, 54.426767552313265, 46.788111799104364, 88.77443818043403, 90.3074346564623, 79.57275906664293, 78.03976259061466, 84.40720558688547, 25.35379476161284, 41.5716341649081, 30.415270606476888, 14.197431203181631, 30.18826965435977, 72.53523935807868, 81.03460082728927, 83.75936463808532, 75.26000316887473, 79.01629145304496, 77.13769446472108, 58.05511205771271, 53.359155951730195, 72.44173835873858, 65.87256281561547, 83.74577632487262, 97.12660841100184, 94.07927924876114, 80.69844716263192, 89.03601339651925, 30.265318865044815, 45.13795317104066, 35.26416468904851, 20.391530383052675, 34.6915302910589, 113.04454221587756, 100.10120866129816, 91.20602566445717, 104.14935921903657, 102.8429897392602], "Y": [103.14473474622054, 97.37366323090129, 81.5652358802952, 87.33630739561445, 93.65835740258643, 32.15161208454228, 43.96963067000505, 45.362099274745816, 33.54408068928304, 40.20092138941633, 35.575899449399444, 46.89863178221793, 62.87817693060835, 51.55544459778986, 50.72792072686894, 67.21883297635112, 64.39033035381472, 72.57796728993044, 75.40646991246685, 70.30735092034435, 58.762855632252354, 63.63969364489566, 45.26488415977698, 40.38804614713368, 53.352316882384095, 95.68588704775394, 100.77822679250114, 108.78550868549902, 103.69316894075182, 102.82032252854306, 11.770452836537242, 21.350973956323585, 36.678871413189455, 27.098350293403115, 26.05119002022463, 64.51702813609909, 73.31311697154334, 60.223967610841015, 51.427878775396756, 63.02340243072154]}