{"X": [47.095340207276124, 32.17960152150782, 34.45258591192135, 49.36832459768965, 41.850398685343784, 77.3495795569797, 79.98361735513404, 67.61166810624954, 64.9776303080952, 73.72984046045165, 24.918702843140466, 30.932423234077525, 39.63884309060178, 33.62512269966472, 32.80335303588135, 74.224265406204, 65.38626069253682, 53.89571378859245, 62.733718502259634, 66.11866328940135, 110.84864074819421, 100.8954746464629, 91.17612308007094, 101.12928918180225, 102.2021441879166, 57.56925424700212, 58.568741588474545, 45.07459606507278, 44.07510872360036, 51.34227449848936, 38.865398226821526, 43.73122147812845, 59.970486936827086, 55.104663685520165, 51.072818028400725, 85.46975635410824, 92.4558278546562, 78.45712260881693, 71.47105110826897, 83.71528344612334], "Y": [59.31810908010082, 56.44466071864048, 44.64586117904884, 47.519309540509184, 53.8189833786682, 34.430302350730166, 44.80425511577057, 47.94560178434508, 37.57164901930467, 41.94716759608548, 88.28802204289333, 71.06218710298091, 74.1016899663182, 91.32752490623062, 83.00876520914824, 72.17290817867071, 79.23892323537117, 64.86681860712325, 57.80080355042279, 69.6251126920628, 33.90768818123173, 44.21715343624744, 34.833706463150854, 24.524241208135138, 34.96405253411192, 82.57129285679129, 102.12107409985039, 102.81096558594645, 83.26118434288735, 93.97925305323126, 38.76311289679737, 23.21475244913227, 28.296792817250136, 43.84515326491523, 33.893137497619584, 79.77164681529528, 94.96567576236102, 101.40214867571659, 86.20811972865086, 90.67260406783203]}