{"X": [69.1866996435635, 57.936831009583486, 45.42658099553306, 56.67644962951307, 58.09462872424666, 106.2376599799257, 109.65276549725002, 95.6138677341126, 92.19876221678828, 102.16879391878979, 103.64694198254378, 92.25463564873382, 87.12556013517656, 98.51786646898651, 96.14729803987471, 25.87923619100397, 37.68045118773735, 40.171154639232526, 28.369939642499148, 34.297667354138966, 37.94207766566258, 38.790335769543596, 25.718051317050524, 24.86979321316951, 32.9172022931036, 40.381740708051495, 22.502362292758328, 22.681833256582934, 40.5612116718761, 32.00302704127915, 68.66996837059597, 83.49363685623406, 77.66643418798293, 62.842765702344835, 73.96240241329319], "Y": [67.37346400952379, 82.64513934741778, 73.42947268856108, 58.15779735066708, 70.56086228163367, 68.93821351873834, 77.8001129028887, 83.21027557002435, 74.34837618587399, 76.59145502695523, 46.02066718799606, 54.487954772727555, 47.58704360430868, 39.11975601957719, 48.229667081216796, 43.15722723874705, 40.35483748276251, 50.84350233083753, 53.645892086822066, 47.102452499669624, 66.17266594304823, 84.04702221770795, 84.66738980201, 66.79303352735029, 76.22464004543858, 111.93658016074059, 111.7585667750138, 93.73279155773625, 93.91080494346303, 104.99058695723662, 86.49909332507508, 94.17715987374412, 105.42745576597682, 97.74938921730778, 96.6446227690011]}