{"X": [39.49977473266867, 30.697564439300304, 32.67541724518469, 41.47762753855306, 36.861439564848375, 88.52872262489363, 92.75289381618559, 105.09447593612897, 100.87030474483701, 98.05114094152898, 74.06091075879984, 87.07752451687122, 88.10373583585472, 75.08712207778333, 81.62982397706023, 91.25657654598643, 91.0180824974828, 74.77172649874575, 75.01022054724939, 84.77765952496527, 61.07764773421312, 53.507003262037244, 45.68039698119731, 53.25104145337319, 54.28020362310324, 96.10694023641878, 95.66051008872384, 111.7456787741605, 112.19210892185544, 105.20437240088047, 48.656693911453544, 63.90593784826481, 64.37346721280258, 49.12422327599131, 56.696724564254346, 99.66533157095519, 82.12248955797591, 76.23915594010872, 93.781997953088, 89.57920481374491, 30.85153886139338, 21.65921540475604, 26.297603023750767, 35.48992648038811, 28.703386542894123, 29.11194532854716, 17.436360428020144, 20.354254022773905, 32.02983892330092, 25.38023699332258], "Y": [86.58871087318407, 85.65744026890725, 66.96311420860754, 67.89438481288435, 76.99408157136666, 56.13211986348151, 48.642458315167225, 55.60311405504674, 63.09277560336103, 56.64248726220058, 33.30204221454581, 32.36606179921476, 46.6375103835792, 47.57349079891024, 40.260091775200216, 74.9168361248807, 83.56977855207813, 83.12199339134578, 74.46905096414835, 79.38720730494221, 98.88834053867973, 112.17500241560664, 107.71545839132216, 94.42879651439524, 103.3708322306249, 44.81931308687249, 35.27967949509501, 34.52693525572226, 44.06656884749974, 40.57728751000562, 51.00097912259933, 50.1951252509388, 59.042224679483894, 59.848078551144425, 55.220346477832244, 102.30723539803247, 110.72506242260764, 98.46413191565145, 90.04630489107629, 102.42941362319087, 38.79681032162242, 35.1342055232285, 23.49288420738289, 27.155489005776797, 31.194699330922525, 57.987491340605985, 53.44018636147906, 45.94825112673425, 50.495556105861176, 52.12062981949323]}