{"X": [73.30849112054678, 57.03789737224045, 60.897963296407156, 77.16855704471348, 67.41359097027633, 70.89882898933874, 82.49544517741649, 92.57827112162582, 80.98165493354807, 82.74162696013452, 46.38086281555804, 50.10200509061029, 62.588096749364944, 58.86695447431269, 55.141865829720984, 54.39673446763917, 50.121178730595524, 64.66035102244328, 68.93590675948693, 60.724277807250424, 36.71702906027823, 20.543194833131707, 14.152324808737914, 30.326159035884437, 26.562054343741362, 105.72507107877624, 96.87663450034267, 88.45256168630544, 97.30099826473901, 98.07862821251658, 36.11767959855827, 16.984724431109438, 15.528642325077346, 34.661597492526184, 25.956451028238867, 27.80682858097864, 40.829491461556216, 44.78732757984023, 31.764664699262653, 37.082176287848924, 52.264943228980194, 60.86254925603826, 76.92129601584222, 68.32368998878415, 65.66920347119013], "Y": [47.47976470626854, 44.20122259179054, 25.044669983712552, 28.323212098190552, 37.77013195562367, 83.26299506904539, 74.45687169905335, 87.73475319735607, 96.5408765673481, 87.27079906515247, 58.36432606636698, 48.53081700885946, 53.2557349653947, 63.08924402290222, 56.73302747628174, 82.0479371305084, 74.99181381884479, 66.18201291846633, 73.23813623012994, 74.24326634168288, 23.879816514198176, 34.84203321017493, 25.412838804656467, 14.450622108679713, 25.696678250921295, 22.61331595500457, 33.12604634299508, 26.035607296611158, 15.522876908620649, 24.338122865028623, 77.21796455577066, 80.12308368784338, 70.53340684902821, 67.6282877169555, 74.52316743104335, 36.172203903867135, 31.180349124282525, 41.50548232242324, 46.497337102007855, 39.39654706843641, 103.23328345447216, 90.15243579142955, 100.70731583327658, 113.78816349631919, 102.10255145726784]}