{"X": [80.31727978195593, 89.25279371694408, 73.6519295672883, 64.71641563230015, 77.94204602024443, 67.67435518765737, 75.69331390656176, 87.25046210491487, 79.23150338601049, 78.9370005117693, 38.76820443618892, 44.44044077103293, 28.846097379835093, 23.173861044991078, 33.869592842968196, 96.57645999492344, 87.14292673448573, 97.43754445163789, 106.8710777120756, 98.17494109156854, 50.55626765999465, 54.35412565069744, 66.60216110621204, 62.804303115509256, 59.16101493892329, 42.08042471989458, 47.171918959470666, 28.756952377633823, 23.665458138057737, 36.92276260688655], "Y": [66.9403817128862, 84.66137246937444, 92.52784793469607, 74.80685717820782, 80.59999854890154, 28.67716796062426, 13.515560268182236, 19.628124066878364, 34.78973175932039, 24.24611848294544, 34.55758110918578, 49.235957892691225, 55.262155646450104, 40.58377886294466, 45.29374817666509, 66.50526172768362, 54.396766616025275, 46.376395980144835, 58.48489109180318, 56.47289883670201, 42.18299617605811, 31.6036659127005, 36.00056989123024, 46.579900154587854, 39.2590210397935, 76.57288178216048, 93.01395679286843, 98.71672843111857, 82.27565342041062, 88.91093380333518]}