{"X": [57.255839708276895, 45.16569091160637, 44.963698106806376, 57.0538469034769, 51.70396901424312, 33.270569398264, 41.12419729971795, 31.08490512054772, 23.23127721909377, 33.71626187748252, 111.18839237978025, 93.28300343861144, 95.08404622344312, 112.98943516461193, 103.45271405152779, 63.48662844811349, 72.75149084188365, 88.17287761928543, 78.90801522551527, 76.56808839891471, 67.31589940920497, 60.66024589949516, 48.81275786297266, 55.468411372682475, 58.722900953374314, 84.14554084285119, 73.36457301899317, 74.32910014606519, 85.11006796992321, 80.09466675413557, 36.22389344216136, 36.88790879366889, 47.72297000148071, 47.05895464997318, 43.087063548178406, 33.458675244234385, 43.11502563357687, 36.07875519719248, 26.422404807849993, 34.82122989376204, 90.15589062438411, 96.61164198358544, 104.26724630459131, 97.81149494538998, 97.41535083942628, 56.93859855823442, 68.21704840471648, 65.37950270327566, 54.10105285679359, 61.64093380694554, 92.3736356195547, 96.25289697940428, 107.30675172584941, 103.42749036599983, 100.82459984524958, 76.27350712672683, 85.76254581583918, 78.25534380612106, 68.76630511700871, 77.37322584498602], "Y": [68.63422430295766, 68.79620341952014, 53.719426130475526, 53.55744701391304, 61.801993868344304, 90.94802010208818, 99.04991746003651, 108.78157187205264, 100.6796745141043, 100.66593040158763, 104.08908863078702, 101.95342208120454, 86.85351260872562, 88.9891791583081, 96.03092698336171, 60.08835846919291, 45.9292471306977, 56.02006589735899, 70.1791772358542, 58.83689727929314, 97.64426006603038, 102.60065401500127, 86.69135056911627, 81.73495662014538, 92.21241901143588, 31.5180797318842, 30.48748753919401, 20.397622706181906, 21.428214898872096, 26.25790761467836, 45.06043648240186, 36.46399927050106, 37.30093285114196, 45.89737006304276, 41.9839076966761, 63.78178585281028, 78.35664105552374, 83.01841586034307, 68.4435606576296, 74.44855185493324, 44.39781368855034, 28.07448664751, 31.102219773029205, 47.42554681406955, 39.83549750196704, 17.447665231562087, 19.240079769540586, 37.094831671349255, 35.30241713337076, 28.167026866800985, 78.93893311905376, 69.06805076152506, 73.4122208207061, 83.2831031782348, 77.1782136203706, 79.73207025454543, 90.56634374703896, 97.14141593499441, 86.30714244250089, 89.14756361462373]}