{"X": [62.096231027881274, 71.47993954633822, 79.3594274227719, 69.97571890431496, 71.62867961639593, 35.81368838189882, 27.609197180434037, 14.651832302913737, 22.856323504378523, 25.47047115918979, 28.122176402393492, 19.50006824067548, 31.15146292607038, 39.7735710877884, 30.695447127862188, 56.01227084575968, 60.62004099442248, 41.54449181958251, 36.93672167091971, 48.78303520027627, 60.317628899720795, 58.32260021055344, 74.47177784482507, 76.46680653399241, 69.01150512263513, 110.02520753019212, 93.53490019886694, 97.956537961643, 114.44684529296818, 104.61883773232833, 17.72053522813952, 26.059823062645027, 33.982103818000525, 25.642815983495023, 25.990905105910056], "Y": [39.562944710060904, 30.361867805719967, 38.39775515628496, 47.598832060625895, 39.63183448614449, 27.130807989170155, 42.15817656579622, 35.08384511583503, 20.056476539208973, 33.057040926720916, 103.98033918159766, 93.35090915872973, 83.89982993846911, 94.52925996133703, 95.01362222024495, 46.41781899547169, 63.347591729375225, 68.53937707928468, 51.60960434538114, 59.08443957911997, 105.09617616167849, 88.72145514544603, 86.753905734687, 103.12862675091945, 97.72150478398146, 79.51797435664146, 73.57718120030978, 61.303707996103284, 67.24450115243496, 71.0416721084346, 75.77500772223097, 63.625268388994414, 69.06293068878911, 81.21267002202566, 73.64035358138777]}