{"X": [97.37952484808886, 89.23409692731677, 98.38237436339648, 106.52780228416857, 98.43432726534562, 90.93076259027605, 75.21705395988722, 74.85073381104895, 90.56444244143778, 83.36634502661232, 96.77078806706392, 96.62100501887232, 107.80665832013635, 107.95644136832794, 103.61494987752971, 33.7598666289021, 50.15422960413819, 45.76855731955476, 29.374194344318674, 40.46561683072671, 57.2537505405683, 72.2038417116383, 70.85700331789596, 55.90691214682594, 64.57816546616726, 95.44886221240682, 99.76909861929366, 82.40472232842612, 78.08448592153928, 90.99049597378568, 81.05431502104624, 75.52930903254149, 63.32371102093772, 68.84871700944247, 73.63651121365989, 43.24643709175056, 43.1168096380264, 54.99577531739188, 55.125402771116036, 50.4370501619528], "Y": [81.88943733922747, 66.89580334047066, 61.925918490607614, 76.91955248936442, 73.93105426565624, 93.49536062617383, 93.98123894759571, 82.1341409592761, 81.64826263785422, 88.48631510642025, 98.60665244074133, 89.55425666407984, 89.36917624019944, 98.42157201686092, 94.14557600987196, 62.7015520727269, 73.09693330480646, 80.01349573947824, 69.61811450739869, 73.64478917757054, 23.447850709079933, 25.936036938414944, 34.02842027441913, 31.54023404508412, 30.430212221360907, 34.71226876252878, 46.88616237420881, 53.04838236952021, 40.87448875784018, 44.68476191695854, 57.92198912507536, 72.69156175369648, 68.12568812938373, 53.35611550076263, 63.61361641932029, 102.46216295051921, 85.04086255997663, 84.952474205527, 102.37377459606958, 94.61533498704324]}