{"X": [85.50134447448887, 95.8289117055088, 104.33634116221667, 94.00877393119674, 96.34024294144822, 86.56218882598608, 78.10217175475441, 82.32061970160106, 90.78063677283274, 85.83754935445158, 58.50823291165146, 41.90048124829366, 46.63631167789576, 63.244063341253565, 53.22076372162852, 86.56463225427859, 69.28986220524627, 73.28997488497012, 90.56474493400245, 80.06319560127154, 37.26998843155439, 31.496881818714655, 12.901789803594147, 18.67489641643388, 26.50331380527404, 60.104751680345174, 52.57574997095764, 57.13850708627224, 64.66750879565978, 59.31246518107085, 42.34388978566721, 56.448179479475286, 49.964240167619856, 35.85995047381178, 47.315337163203225], "Y": [62.36467446302991, 51.254228745845786, 59.16219678905565, 70.27264250623978, 61.45222648786389, 40.014763187182474, 37.55955008343902, 23.02389059628029, 25.479103700023742, 32.011324046683214, 33.38759279648512, 24.49193416145168, 15.650374596108822, 24.54603323114226, 25.92304475826041, 100.9636227579717, 92.62115055416781, 84.33811106367477, 92.68058326747867, 93.83764566046513, 61.66671803696744, 78.31663675195006, 71.86907081985609, 55.21915210487348, 67.15100440249252, 80.11388382843882, 76.76124191763267, 66.51469396093077, 69.86733587173691, 73.37980498026593, 39.48747610665194, 51.68109016133536, 59.18102889987155, 46.98741484518813, 50.77040452149555]}