{"X": [97.30038000140668, 88.06959521235953, 81.27685802513467, 90.50764281418182, 89.75734591042865, 45.502923880540166, 60.47808891850388, 54.802904057448984, 39.82773901948527, 51.17438743445568, 107.84898159719853, 111.96123116223146, 93.00979334684541, 88.89754378181249, 101.04904485262192, 50.597936005815704, 37.27700599332681, 32.17509445047899, 45.49602446296788, 41.626540823505714, 64.93028482449058, 62.20982416847329, 70.44810591926957, 73.16856657528686, 68.42333092461809, 58.613971059384795, 63.85721044482209, 81.03330118208422, 75.79006179664692, 70.21401937141857, 36.97069578715194, 20.342508435983156, 14.978537981785957, 31.60672533295474, 26.75091125629434, 34.93901878878638, 17.887500390271484, 19.333059526130576, 36.38457792464547, 28.45652137224413], "Y": [81.8548972559676, 88.66647139726594, 79.46121372801908, 72.64963958672074, 80.84296415155713, 44.90370256068519, 56.99237368264899, 64.02266088773627, 51.933989765772466, 56.38180194014184, 92.44822668180731, 106.27828571574445, 111.91333338414793, 98.0832743502108, 103.93647460771551, 89.23467639651712, 97.61129596965807, 89.4979745995315, 81.12135502639055, 89.83033641193445, 90.71082307709841, 77.80366936606521, 76.06727404003229, 88.97442775106549, 84.05548772006374, 28.88364617582013, 15.652557850431014, 22.45912985922371, 35.690218184612824, 27.03074986465768, 40.45383273355861, 48.52650568123778, 37.477735808284194, 29.40506286060503, 40.93598103039706, 73.1128071726112, 71.61614456260342, 55.14684945466031, 56.643512064668094, 65.39403674413849]}