{"X": [61.49014191256021, 59.723272209472604, 68.50289964124937, 70.26976934433696, 65.26247050135773, 68.45032514073439, 57.883138140868425, 51.05714838396722, 61.624335383833184, 60.8562884457634, 31.79551471570788, 17.331730766922043, 27.668197386867163, 42.131981335653, 30.8499226667481, 69.53886974961759, 75.03887401764726, 88.43618375367325, 82.93617948564358, 79.9128577750544, 87.85326425976442, 102.12533355453786, 107.97720012318331, 93.70513082840986, 99.800534201333], "Y": [80.54071814569988, 64.72718528773193, 63.74622436945193, 79.5597572274199, 72.73458183912271, 46.22833065101097, 53.25064413105797, 42.978885340269564, 35.95657186022257, 45.910169705547155, 97.50639956083023, 87.19936460756176, 72.69427942423138, 83.00131437749985, 86.45342501235406, 94.30297212722425, 86.70226884511348, 96.39680078424155, 103.99750406635232, 95.50831116082827, 61.38561982142918, 56.819829909430005, 75.11200865203597, 79.67779856403513, 69.70971446000864]}