{"X": [94.50549942560536, 93.14235019865662, 112.68675302570955, 114.0499022526583, 105.90323312674961, 52.716713816756815, 55.54113429103965, 74.80268659362753, 71.97826611934468, 65.63598273091615, 27.52167935952024, 35.07210379978915, 23.53145487112813, 15.981030430859217, 25.885815459040085, 22.584850260525005, 26.648936430746378, 41.79375070652988, 37.7296645363085, 33.76093925643309, 79.65202389845584, 87.7096293954748, 95.5456137866864, 87.48800828966743, 89.58616957090663, 53.7702973316368, 44.682540678609705, 51.747444513597614, 60.83520116662471, 53.82880122516389, 59.19022790611699, 51.818215970444854, 43.479037972857554, 50.85104990852969, 52.53710316394958, 42.52504467762077, 34.77541824562985, 40.66532789810692, 48.41495433009784, 42.534715554893666, 71.20904404917738, 73.03896903488108, 85.14079336722946, 83.31086838152576, 79.16170029603622], "Y": [76.70313445568316, 67.94508275682135, 64.9030891124661, 73.66114081132791, 70.98499089369996, 88.53379010158524, 74.37179288924499, 78.21325125660677, 92.37524846894702, 84.83895122707814, 57.660705828207895, 65.6577639543013, 76.5538705416986, 68.5568124156052, 67.15750506859742, 35.02973012247423, 20.51028144828012, 24.749411433854398, 39.2688601080485, 31.12529618946402, 32.10982553202025, 28.12332540756369, 43.96159680703805, 47.94809693149461, 38.95676100449304, 46.367683054284626, 33.91568732027856, 28.759555869472788, 41.21155160347886, 38.89964031675574, 58.01736537246801, 66.37523393999217, 59.01970791858703, 50.66183935106287, 59.53649958613203, 99.53597966706899, 93.21032121895219, 85.99453492583301, 92.3201933739498, 93.87459954727525, 70.8001450230645, 55.41474709899774, 56.85412688154599, 72.23952480561273, 63.88001747006087]}