{"X": [95.2916948097233, 77.60745252089872, 78.23143847283778, 95.91568076166236, 88.38008875912939, 50.43025867208281, 58.40874419420633, 50.90746913857189, 42.92898361644837, 51.72020688391485, 90.12406907982226, 98.94276780334397, 92.67158318767655, 83.85288446415484, 91.62711056718025, 27.76602120969654, 42.10585262382339, 42.19160713602448, 27.851775721897635, 37.14474572600565, 52.31031203796145, 47.94881909973083, 62.29050994259424, 66.65200288082487, 57.43010529956186, 32.47059785162617, 44.05709638039659, 37.81279296863616, 26.226294439865736, 35.48006629911047, 53.514732791577515, 67.1401902742436, 71.01945457277535, 57.393997090109266, 63.214220852129365], "Y": [101.30192028555469, 100.74361609948153, 80.97890891265907, 81.53721309873222, 93.09516789799807, 28.46253034298774, 37.88294166101889, 44.23604158504153, 34.81563026701038, 37.176137888996784, 41.84468972770515, 49.655126893143326, 56.73586854610466, 48.92543138066649, 49.79305093608066, 63.76424765207727, 63.696872061994725, 81.94836709836741, 82.01574268844996, 73.20288652984328, 79.58584962593368, 65.521692183499, 61.074132236203134, 75.13828967863782, 71.46020358053286, 87.87485767296788, 92.93682940575478, 107.22960228414574, 102.16763055135884, 97.89608043356421, 86.81733549916626, 80.46533608829958, 88.78661374352794, 95.13861315439462, 89.47131627502438]}