{"X": [79.04882099003937, 72.59230739437827, 60.650559488954926, 67.10707308461603, 71.61339461110533, 96.29447779889672, 93.63488014661601, 110.87273969578997, 113.53233734807068, 104.07635962631632, 21.930876183392975, 32.1197720934954, 36.233378801628696, 26.044482891526275, 29.36807951827073, 50.792723284074924, 58.781805809105244, 57.181164689346616, 49.1920821643163, 54.28964780773662, 106.90214838274466, 110.4418097524488, 97.0500301627649, 93.51036879306075, 102.42127864658782, 56.913553407335215, 47.971016686037096, 43.411460741002415, 52.35399746230053, 51.37723011352916, 21.185221028715784, 33.99001769259228, 39.96099161825914, 27.156194954382645, 31.381454203409717, 81.20726204059069, 70.99845029793661, 61.96414831359864, 72.17296005625272, 72.01610912765679, 104.70587253178142, 106.61284358184565, 89.43932793467242, 87.53235688460819, 97.28711287019127], "Y": [80.45194320064786, 89.52850774999416, 81.03387772911515, 71.95731317976885, 81.5660516882371, 112.55652595670199, 97.06520766806332, 94.10575838601281, 109.59707667465148, 104.0111137477578, 83.08148127378828, 79.26042697870177, 90.22941808101751, 94.05047237610403, 87.14051301368814, 22.377834726376367, 23.26771905018071, 37.637737328556646, 36.74785300475231, 30.666240668609454, 53.47505447364141, 70.12812915468616, 72.9745923930425, 56.321517711997735, 64.82603490642639, 90.5074929316051, 94.20042506660904, 83.15933495699016, 79.46640282198622, 87.62143613926456, 46.88840772749542, 41.6758318011963, 56.3436482674701, 61.55622419376922, 51.79860385377375, 52.753381477296685, 67.34837020683769, 61.029112967692626, 46.434124238151625, 58.163313982456316, 35.01128703352957, 48.23242326442372, 50.709471877723544, 37.48833564682939, 44.10634149999475]}