{"X": [52.8217132213495, 56.387109725860306, 65.12802423177264, 61.562627727261834, 59.38654480204799, 26.65304825751321, 16.647983890414764, 25.5669115624677, 35.57197592956614, 27.195151285086276, 63.34161684960785, 77.05131570794339, 67.56487915750256, 53.85518029916702, 65.6549206706397, 109.33638466695834, 100.97686161704449, 88.54205330936023, 96.90157635927407, 99.9758415539177, 79.00094880559658, 96.0733526120064, 99.56089173247864, 82.48848792606881, 89.92981612383073, 35.641145175233994, 40.06590216958648, 30.972527290350136, 26.547770295997648, 33.42215602752619, 73.48072327380028, 85.14640329704972, 93.60475670707017, 81.93907668382073, 84.36204719634665], "Y": [84.79834283730602, 75.19833533617913, 78.44466884393412, 88.04467634506102, 82.65705511522071, 45.04809912327626, 31.75401978084174, 25.04167489814272, 38.33575424057723, 35.90741202523093, 50.473603890944766, 60.87074769210466, 73.3795857761506, 62.98244197499072, 63.94958072741533, 83.73333057881176, 96.14380400001733, 87.76788930753422, 75.35741588632865, 86.29987937317902, 40.277608140954904, 34.683786697114385, 45.327793974271025, 50.92161541811154, 42.96575756900542, 49.56650975970527, 66.1204256265397, 68.55102720883858, 51.99711134200414, 60.699052137226396, 106.08475660082814, 90.45866795416931, 96.77326443676111, 112.39935308341994, 102.63461554111322]}