{"X": [72.25303690360857, 57.343818840952366, 58.962031221379625, 73.87124928403583, 66.82929351272486, 71.164537636952, 82.5553709643948, 86.30498462526968, 74.91415129782689, 78.90244483764259, 90.6657810979964, 98.83355866392083, 84.10938789552857, 75.94161032960415, 87.84075197591164, 83.05335620241534, 93.10293791413119, 98.44474413142679, 88.39516241971094, 91.22121984198249, 38.67677690499082, 27.592871309748745, 21.234115442911516, 32.31802103815359, 32.27350126790078, 45.10487448389775, 32.694494688747625, 38.101350029976324, 50.51172982512645, 42.19686571331337, 96.30454811970085, 108.9657453398481, 103.94492417319358, 91.28372695304634, 101.72804655725847, 30.588524206229447, 25.560629651540694, 18.740742239042188, 23.76863679373094, 25.096885881407566, 35.423987669955615, 24.184079343837958, 26.386734830658234, 37.62664315677589, 31.718192598227585, 106.01853255137296, 94.45018802830462, 91.54825934650087, 103.1166038695692, 98.78604554749379], "Y": [55.71205904188172, 53.48968739420374, 42.6335908107686, 44.855962458446584, 49.46918126737197, 93.5602664742246, 89.68835291876968, 100.71939058053643, 104.59130413599135, 97.65469523479167, 15.888851999278057, 25.06320957993211, 38.171893280305255, 28.9975356996512, 27.535096499705837, 73.95241821601695, 68.62356521408302, 78.69757514631073, 84.02642814824466, 77.68989232428001, 73.34315609488071, 77.18377574066535, 58.832609462439315, 54.99198981665468, 67.2944212378387, 53.430455166686535, 47.700682939398234, 35.989723826135055, 41.719496053423356, 45.62729285765062, 45.304623470357, 50.36348783929137, 62.92947149927498, 57.87060713034061, 55.58666965113581, 35.620146208691956, 42.53416771888761, 37.57472772664476, 30.660706216449107, 36.686184950906096, 104.97235213342644, 102.23240411941462, 93.19659554959073, 95.93654356360254, 99.86714599491896, 98.25747060993183, 102.47591395493755, 94.51788109141125, 90.29943774640553, 97.64444318520715]}