{"X": [43.30330896746209, 35.93041108961393, 22.03022137424126, 29.403119252089418, 33.66070371729096, 86.60124477559816, 80.96433547243625, 86.88441933055302, 92.52132863371493, 87.17232860372438, 48.440380693115486, 55.44396240460596, 72.25612627998328, 65.25254456849281, 60.75042619043873, 55.2767122480409, 45.06327354362952, 29.85427199467089, 40.06771069908227, 44.54913074005368, 79.83552752865262, 87.59336606723684, 75.0650739822214, 67.30723544363718, 78.5330024632557, 44.05162386252117, 27.713471575769756, 20.007837453816318, 36.34598974056773, 32.99471931101544, 102.0087111399558, 85.13564425240683, 85.5256837811342, 102.39875066868318, 94.71450038716814], "Y": [36.054751174144556, 51.83621650336845, 45.3422264260099, 29.560761096786006, 40.98819162921193, 67.67189773662992, 61.94454264714892, 56.117948127698384, 61.84530321717938, 62.25995225343046, 40.515546797857795, 29.421059745026987, 40.03402119943962, 51.12850825227043, 41.42428104784867, 93.09248035346825, 108.43977555954552, 98.31836960561064, 82.97107439953336, 95.80943196977579, 71.32088641252449, 78.25444693069703, 92.27213191448504, 85.3385713963125, 82.9736543766488, 75.24793424392739, 82.69834301140574, 65.80050187549263, 58.35009310801428, 71.75896910206988, 47.41526783378178, 46.743923544456536, 36.94096079993129, 37.61230508925654, 42.38740767551731]}