{"X": [62.10334122116005, 52.35163265407893, 54.80494949465613, 64.55665806173725, 58.71224529672656, 51.57314606608993, 51.442314729631455, 70.44483649200718, 70.57566782846565, 62.8491000027988, 59.83022128083291, 45.32634573723183, 52.99532952183669, 67.49920506543776, 57.68732480606422, 63.3191524996791, 71.34090355010784, 76.3448667330841, 68.32311568265536, 70.79537082026049, 86.18002834828732, 90.71034776543904, 102.47654153479749, 97.94622211764577, 95.25374152224998, 34.93023866494459, 28.093119210786735, 36.069270036635054, 42.906389490792904, 37.012929764476524, 95.76389478681166, 95.04244008479955, 105.03624700087995, 105.75770170289206, 100.65518895080537, 24.696183351501706, 16.867212003284997, 24.29717874668476, 32.12615009490147, 26.349737252784443], "Y": [29.745752453430672, 26.996438776529804, 18.294619463213312, 21.04393314011418, 24.5325690170023, 78.97665276855948, 67.78828473378685, 67.56607848256895, 78.75444651734158, 74.36702086733618, 107.08120145370351, 98.40856280029269, 85.58317126687989, 94.25580992029072, 98.27841428529716, 48.02493442819882, 42.970461476307, 50.91205050080114, 55.96652345269296, 50.618267639673334, 59.20304554556307, 49.99634750157748, 55.786112284198566, 64.99281032818415, 57.55515860694476, 64.6906157831914, 60.479997276494245, 47.52848055894634, 51.7390990656435, 56.72599159828625, 92.04256903025063, 81.55513727689664, 80.86764016986646, 91.35507192322045, 87.15029326676583, 94.09431429479993, 90.50780763270352, 74.28896232369236, 77.87546898578877, 84.49450928405764]}