{"X": [29.778135184507025, 19.827537506664886, 26.710891244554336, 36.66148892239647, 29.303848659185608, 106.53762453419323, 113.4926942346004, 96.03666951010952, 89.08159980970234, 102.7702449514214, 68.34370192268821, 79.00670776975821, 66.41296573782788, 55.749959890757886, 69.15799284176518, 81.34491674894862, 68.45991633852765, 64.67760618204922, 77.56260659247019, 74.00850445463509, 24.31297175050922, 35.339151560076715, 45.65668622622455, 34.630506416657056, 35.842456456483305, 30.624706680575667, 38.724098707478156, 36.410412645358576, 28.31102061845609, 34.10301362365986, 105.19505195620175, 112.31800454282933, 99.10765325655518, 91.9847006699276, 102.26655833449948, 68.77355012708418, 81.09744196898352, 75.91690325689208, 63.59301141499275, 72.81991283936271, 82.50068025322695, 86.79835782022266, 98.52772043361766, 94.23004286662194, 91.01116755245063, 58.514835776521274, 56.28470505937361, 47.07336124973529, 49.30349196688296, 53.017950118960464], "Y": [91.30041948244101, 82.47322287764939, 74.7138529682006, 83.54104957299222, 84.17932844362782, 54.35864531283013, 72.3579426129167, 79.10308752756185, 61.10379022747528, 68.26805638676821, 31.679231545243056, 41.07859492861351, 55.3654289880933, 45.96606560472284, 44.66425480801684, 100.93939995285344, 104.89691296395029, 92.5823437428483, 88.62483073175144, 97.5711671612941, 29.836170385047225, 13.747915497442529, 20.819098370610547, 36.907353258215245, 26.68774941804929, 46.39437343530014, 48.2728522507226, 58.24871691868388, 56.37023810326142, 53.23139295025265, 86.83964627556614, 99.2285737004529, 106.82379987603005, 94.43487245114329, 97.31160074507676, 66.625076209343, 74.90426478709307, 82.61569667090907, 74.33650809315901, 76.41517767545906, 28.865195362303133, 18.689535276693007, 23.64341720225297, 33.819077287863095, 26.653759978030493, 58.53201206847894, 69.58492067227662, 67.72636004245072, 56.67345143865303, 64.40580690685144]}