{"X": [91.44553039495784, 87.67200218415817, 104.08293845661606, 107.85646666741573, 98.60338879832726, 108.26785232701982, 99.20930890582441, 86.6874731799019, 95.74601660109731, 97.56367059132447, 70.00822523972042, 78.99305080173582, 84.33353483801801, 75.34870927600261, 78.12457056260557, 61.751259437446876, 55.15141259642091, 43.51732141548182, 50.11716825650778, 54.24840575250398, 93.82533323263259, 84.85828637310017, 78.93911043879204, 87.90615729832446, 87.2452566097602, 37.92503886405824, 30.32224354393546, 23.882052397410057, 31.484847717532833, 31.76769078979592, 38.963196626154506, 31.340499986129885, 17.709942694499922, 25.332639334524544, 29.41957748072474, 57.57789340855973, 65.93023594635277, 60.278905707072255, 51.92656316927922, 59.40909725308985, 71.76654677829042, 78.00482958845484, 67.39950019224956, 61.16121738208514, 69.95923452981374], "Y": [74.66436762053124, 63.76550007187383, 58.08352158068792, 68.98238912934532, 66.84529345470644, 99.47270156395398, 108.74877744434104, 96.52059021312446, 87.2445143327374, 99.36179058884115, 65.9771829971751, 62.49559627471629, 76.27762191641449, 79.7592086388733, 71.86975699891003, 36.9454196909339, 42.411075706854916, 28.36276756139796, 22.897111545476946, 33.566825610432296, 51.60621662208045, 55.94994176010211, 43.730584805823966, 39.38685966780231, 47.90549309585299, 102.54483388692465, 107.93525022655184, 98.8518228946872, 93.46140655506001, 101.40450533000467, 51.46770112128572, 59.90387807280907, 47.58768273152845, 39.1515057800051, 50.35332882683498, 71.77910191432525, 75.75369089547323, 87.62959710276755, 83.65500812161957, 79.966668070974, 91.21011590426734, 96.49904535765367, 109.00801237102901, 103.71908291764268, 100.77699025699694]}