{"X": [36.52132894766743, 45.61122875399102, 46.19884705802693, 37.108947251703334, 41.969747554711944, 82.6243194675821, 97.80053909750985, 95.13541530400178, 79.95919567407402, 90.45339990916676, 69.72170113083469, 69.09378702117007, 49.76962829341694, 50.397542403081566, 60.720578196930326, 31.96763433402214, 34.380932823709585, 50.47102909729277, 48.05773060760532, 43.07245406366614, 76.30114282759499, 67.47071630006171, 57.72134262673919, 66.55176915427246, 68.8260400201523, 83.3562620456431, 91.38309686213987, 94.50489329634048, 86.47805847984372, 89.19448317022311, 31.80824777233607, 22.17100229781425, 37.057123658563654, 46.69436913308547, 35.61922433555764, 86.154421799963, 77.52448768454052, 79.68995711334843, 88.31989122877091, 84.2120466719141, 96.96967638297667, 82.39613591337421, 89.51868319793178, 104.09222366753424, 93.37893166240862, 109.37681210800979, 103.3685906426726, 96.99913772321527, 103.00735918855246, 103.3892290106148], "Y": [94.40516041388695, 94.04768252271975, 108.98956183897063, 109.34703973013782, 102.13482260592475, 67.38072811530495, 70.50742654506608, 83.44327723224436, 80.31657880248322, 76.36887482821673, 53.68900142990241, 69.0963515965341, 68.30881111804001, 52.90146095140833, 61.796020375264234, 78.36724790740999, 69.71360146123676, 74.2007509279376, 82.85439737411083, 76.76584768178819, 36.22319566932804, 44.14797758859481, 33.2844448392031, 25.35966291993633, 34.81402726162453, 49.523581033098054, 46.66064053127669, 55.413230496773835, 58.2761709985952, 53.05256499393926, 39.28886129526321, 25.40730499178781, 15.072642034641737, 28.954198338117138, 29.291532268872857, 104.9739696103518, 103.87175818748246, 86.9168817347195, 88.01909315758884, 96.3372364830992, 42.49501556613028, 31.248952800606656, 22.018990878610936, 33.26505364413456, 32.48250683867005, 90.67705340685652, 96.74686630910597, 90.44204532542199, 84.37223242317253, 91.44320988650026]}