{"X": [104.78706730756439, 92.19474758244088, 85.77925903070862, 98.37157875583212, 96.24397677435184, 69.31039782665503, 83.75218800172408, 77.71447770786655, 63.272687532797505, 74.17426217450698, 78.94626742359262, 80.85252707361218, 70.736333727577, 68.83007407755744, 75.20676777914862, 18.360631482796272, 30.618433967596808, 33.37029564421454, 21.112493159414008, 26.8467805535253, 103.54345316501973, 92.06376367873665, 102.19789640281716, 113.67758588910024, 105.04548833069434, 34.31621218723167, 24.17039862960229, 33.04234032547116, 43.18815388310054, 34.70656723753816, 53.426651084709526, 37.337472659732, 38.247331770584516, 54.33651019556204, 46.51609478486039, 84.25855640049984, 79.41226406660859, 88.92099332486667, 93.76728565875793, 87.7536014653118], "Y": [58.63247254732143, 71.427664004798, 65.113895015505, 52.318703558028425, 63.64143747605827, 30.61057286165587, 38.62571182431643, 49.50454319679224, 41.489404234131676, 41.57933722691955, 89.31148665981357, 97.36029454581822, 99.75618862857732, 91.70738074257267, 95.41819836241486, 54.292656287497245, 50.067748204768215, 58.05177442189804, 62.27668250462707, 57.64314635981972, 99.81125202814229, 92.45211116890385, 76.6436494054388, 84.00279026467723, 88.24609345870701, 102.42106246524807, 96.71761548432522, 80.93539349795037, 86.63884047887322, 92.83991260942977, 74.78955942468352, 73.64538374198955, 60.851119891153125, 61.9952955738471, 69.35395582833655, 32.41892936266029, 19.720618000637845, 16.09162510579012, 28.789936467812563, 24.57732050046908]}