{"X": [80.90742715494797, 90.44040986270684, 85.98607224792347, 76.4530895401646, 84.16374721166127, 47.51759636198545, 47.80339086075932, 33.636610855911705, 33.35081635713783, 40.74330210772146, 113.84829634593893, 100.73322535127357, 89.75295450760444, 102.8680255022698, 104.19051841159006, 45.76112190822743, 52.713919572578014, 43.25294212100774, 36.30014445665716, 45.03758717622309, 78.67869985071522, 79.22550786076617, 61.659221597439256, 61.1124135873883, 70.48508965363835, 55.288906390795994, 56.04029189370045, 47.49697433905039, 46.745588836145934, 51.51664213469248, 33.084699530576614, 27.917515902804116, 15.65198239707578, 20.819166024848283, 25.836266239637094, 39.02976824886871, 27.693614059216426, 23.886788673323487, 35.22294286297577, 32.535517154216585, 85.30169024380196, 82.39810898593862, 93.93773814740494, 96.84131940526828, 89.80294622434313], "Y": [68.34419231900425, 73.01776714248881, 82.10355801137017, 77.42998318788561, 76.19073184353951, 97.06435413532076, 107.16445945621659, 107.5653253543522, 97.46522003345636, 102.53203302762853, 66.5537870365597, 75.28039942462952, 58.77834510487455, 50.05173271680472, 62.89996243025287, 40.18980305634307, 47.89869810985404, 56.43173189370249, 48.72283684019152, 48.99937437543321, 29.035402051169008, 38.443100634931184, 39.46411400500387, 30.0564154212417, 34.52766676001797, 63.92969565137804, 76.40252091599397, 76.91718578310184, 64.44436051848591, 71.61527270355809, 27.25710701670526, 34.976774043512485, 26.766800258813237, 19.04713323200601, 28.060192902708994, 89.48513106154338, 92.1201178437461, 75.74251783488013, 73.10753105267742, 83.68641445015821, 42.63489433025486, 25.67190786149999, 23.69665126280824, 40.65963773156311, 34.3756294118397]}