{"X": [102.98433479597499, 90.45317830323424, 79.26869909240231, 91.79985558514306, 92.03105041130135, 58.173466636790515, 52.987070986434155, 67.79375909826469, 72.98015474862106, 63.700233270956645, 90.26001013869842, 91.0293966064028, 107.13396282083323, 106.36457635312885, 100.52765704894432, 30.64816986781893, 14.668814630473197, 20.90276288194483, 36.88211811929057, 26.741485695325544, 31.024042191849055, 47.19238045595815, 52.50714344054631, 36.33880517643721, 42.28055150517138, 23.49935962204868, 26.9668574309214, 35.761761932017045, 32.29426412314432, 30.453574776827125, 78.33807382564623, 85.76477867987883, 77.55143347769547, 70.12472862346287, 78.36492144723412, 79.89883078674205, 90.22029529913677, 90.36435968404939, 80.04289517165468, 85.88011950123422, 17.598660964666237, 17.125731794243542, 32.43369927276132, 32.90662844318401, 25.8673442172927, 60.289024163767294, 72.54004663355332, 70.3820869006988, 58.13106443091278, 66.42223911427592, 42.79743679695093, 53.82217878045155, 61.64205252007021, 50.61731053656959, 52.761129818445], "Y": [60.20847395725232, 73.09689266503614, 62.22244309457831, 49.33402438679449, 62.36781932633725, 89.71591073322438, 80.94511600720628, 72.18954194370917, 80.96033666972727, 80.97792318757375, 37.89591440067586, 29.777477400771552, 31.303711491616625, 39.422148491520936, 35.36499772169412, 43.12462219231509, 34.06098979282785, 23.070421193958907, 32.13405359344615, 33.68876654590256, 57.50811750613626, 47.87526655596532, 56.79587439811847, 66.42872534828942, 57.79446095923575, 82.27735041838278, 73.31328178685384, 76.71534321011544, 85.67941184164438, 80.20972144699832, 23.342839685425538, 32.14254038022717, 39.07437735947549, 30.27467666467386, 32.0291665508153, 97.08623672510274, 96.9755273152146, 110.40668405137791, 110.51739346126604, 105.0118658021754, 108.20419752502801, 92.09314131920969, 91.64378627581667, 107.75484248163498, 100.59044576220752, 49.8559354342119, 51.683208235146985, 66.1513342656801, 64.32406146474503, 58.18083468823043, 38.11359537679998, 24.90135006117206, 31.426515789125432, 44.63876110475335, 35.27864852387181]}