{"X": [43.438344912801185, 40.06417843882118, 51.78510792963391, 55.159274403613914, 47.62998470587363, 105.33103371824029, 114.29872032042286, 100.68326339827809, 91.71557679609552, 103.33007618917702, 92.9054574857122, 95.71092182729849, 78.9628379396156, 76.15737359802931, 86.12824469741528, 38.45621436548003, 29.301257656245248, 36.035678691805835, 45.190635401040616, 37.52132807775173, 64.1348362893881, 53.03674460512089, 49.45042358490251, 60.54851526916973, 57.92068140841172, 48.84016912388007, 37.908388907440994, 31.549780157648406, 42.48156037408748, 41.329546770871225, 30.46204359109761, 20.433809596737255, 19.367331756411247, 29.395565750771603, 26.471144885855956], "Y": [42.18463546252327, 26.70097894096142, 24.14677817599931, 39.63043469756116, 34.689330532812676, 82.00351325028387, 92.2457287356064, 104.16689469801796, 93.92467921269542, 94.40985132477184, 42.46435537900018, 56.689357138728894, 59.99242542163125, 45.76742366190254, 52.332546691689885, 99.79891254251686, 93.50454710367858, 83.709543359235, 90.00390879807328, 93.08663845860023, 90.22940478009056, 94.31595515056341, 84.57636652853628, 80.48981615806343, 88.34052357542114, 66.63465788155395, 77.11155786227806, 70.47687456254738, 59.99997458182327, 69.83262547594053, 45.24567480254592, 45.84502937990023, 28.00101894487712, 27.401664367522805, 37.71401674675292]}