{"X": [34.52800654018282, 19.865326062875837, 22.420162336010492, 37.08284281331748, 29.778871145663434, 78.07725822942399, 67.0485267814976, 73.08875687550517, 84.11748832343156, 75.76146557310882, 80.35324533999383, 74.27756726137687, 83.21479615478964, 89.2904742334066, 81.91960953195309, 53.382801312940195, 40.2461248163786, 40.18173231894561, 53.31840881550721, 47.12568434197122, 85.32974258318328, 87.68131335184397, 95.86859087685505, 93.51702010819436, 90.82031185661013, 73.1399675981334, 78.93655942187898, 70.13840202461036, 64.34181020086477, 72.19773954667592, 38.04948149159148, 34.55635958377049, 26.04178783486003, 29.534909742681023, 32.64138957152257, 60.57360380648751, 47.06589080976899, 55.987281724642386, 69.49499472136091, 60.63714745355384, 88.92192574241577, 102.76960935103594, 108.00968999700373, 94.16200638838356, 100.63992463355417], "Y": [58.953070904208964, 56.18633722104768, 42.646635813283574, 45.41336949644486, 52.19870433058738, 101.46402707892182, 92.48473818695064, 85.06587947865611, 94.0451683706273, 93.48998563507058, 55.36895342084637, 49.52092980504869, 40.23578849258777, 46.08381210838545, 48.76865069599592, 99.21825059326929, 99.29624451178097, 88.45048340982947, 88.3724894913178, 95.39957284456133, 74.08488205663627, 62.64963930393717, 64.33329070680611, 75.7685334595052, 69.91310197305845, 20.469546304341318, 27.824644114730983, 34.75851889760517, 27.403421087215502, 27.794662958463256, 20.29313591555437, 37.47420001655832, 35.74308272737395, 18.562018626370005, 29.833759273686937, 63.82411594295268, 56.82182263949149, 39.612091086247965, 46.61438438970916, 53.16240894349262, 21.74491066605144, 17.676275370593736, 35.51099723667663, 39.57963253213433, 28.759189512206696]}