{"X": [93.06100327329708, 99.51771395726152, 89.55183570655018, 83.09512502258573, 91.68549181444749, 77.4407602585025, 61.17672179552016, 60.06275994321427, 76.32679840619659, 70.26673095495597, 33.8496594901581, 40.99090441497242, 52.41711073939712, 45.2758658145828, 44.19866415136374, 55.66501348993847, 37.7793019126129, 38.5080013844781, 56.393712961803665, 48.17719653174862, 84.54253539487966, 95.49681221835831, 99.83762174084252, 88.88334491736387, 93.02403057877898, 29.175902504543256, 20.470317518819368, 19.649338046631403, 28.35492303235529, 25.308036853592185, 61.09073245403937, 63.37747233715701, 52.74720602463546, 50.46046614151782, 58.00695552496695], "Y": [66.86829906155636, 85.06159331791999, 88.59843451169938, 70.40514025533575, 78.39411484257897, 71.58063421356917, 72.70552446193855, 56.59949239484478, 55.47460214647541, 65.03016475080325, 67.97403627238975, 55.043033824661066, 61.353243590224245, 74.28424603795294, 65.35195850976491, 103.34795015184218, 102.20145970617679, 90.83345517582399, 91.97994562148938, 98.41275026802761, 36.76553286717433, 33.342994709000166, 47.23631801168355, 50.658856169857714, 42.64329174436067, 58.63519686919743, 59.15371698165522, 45.37005383156121, 44.851533719103415, 53.005742230046444, 32.93984797528244, 48.60928600887969, 50.16062779234915, 34.4911897587519, 42.04240141425296]}