{"X": [60.678646493953394, 43.57592416481055, 37.50517790077315, 54.60790022991599, 50.74615456640149, 68.21979955990166, 77.84194900331283, 81.5479822003309, 71.92583275691973, 76.14368268392383, 46.206817892642526, 41.425099702738656, 59.543504030030924, 64.3252222199348, 54.31602498183757, 93.1204530579512, 84.8110527707884, 82.296545604277, 90.6059458914398, 88.04490721396365, 91.83264423306132, 106.69124813686845, 109.7771978703701, 94.91859396656297, 101.4974641575024, 89.27778714961254, 78.42058007916226, 62.644960101643406, 73.50216717209368, 76.68431589923047, 63.16277140913597, 64.6369773196847, 77.58883596064722, 76.11463005009848, 70.44338451200444], "Y": [87.91321542861441, 95.32746179343516, 81.32384192761175, 73.909595562791, 86.8489989316715, 27.921730224246907, 25.3114236707048, 38.97265637747683, 41.58296293101894, 33.62690020649824, 49.07458255214544, 31.580664228515715, 26.6282515133596, 44.12216983698933, 40.01174896073896, 66.62648946100792, 68.78061396637005, 59.081060147882646, 56.9269356425205, 63.27252636540004, 24.2473385714361, 19.344242708375745, 28.696069806559418, 33.59916566961977, 27.93134945468235, 94.3755704606627, 110.37990375673658, 99.67785390610818, 83.6735206100343, 98.07810926515711, 74.60327612429504, 62.83859067903964, 64.46155855607702, 76.22624400133242, 70.92457233496994]}