{"X": [109.07582020071997, 107.0867113445152, 96.65876903020633, 98.64787788641111, 103.33030024719004, 69.54578896104023, 76.28336246047493, 66.72330842170656, 59.98573492227187, 68.37911057580996, 69.06658620622352, 61.03470299102317, 65.15370290371368, 73.18558611891403, 68.26772252488088, 96.16324463919497, 106.97707002678104, 111.14980465345465, 100.33597926586859, 104.34625617840419, 82.48643046538913, 91.35000914640642, 90.25132740768922, 81.38774872667193, 86.40486301287457, 66.12802538892436, 62.15103817644169, 48.246675119543035, 52.2236623320257, 57.83850057430497, 17.742440952407797, 26.81814593108004, 33.67179366185668, 24.59608868318444, 26.877387657497366, 57.71725455514277, 45.89668584985261, 38.52173996176626, 50.34230866705642, 49.08762930027627], "Y": [39.01843054830367, 57.86752366129256, 56.76708279206629, 37.9179896790774, 48.2822136372996, 44.27083870262497, 50.204904086373304, 61.05944689629479, 55.125381512546454, 52.86100959591582, 79.68010731914663, 76.23838608629072, 66.62594974300836, 70.06767097586427, 73.87327526163847, 88.19646739319627, 83.90241377320196, 94.41071842768422, 98.70477204767853, 92.55578408151105, 72.37287034144374, 73.31770402687057, 83.6245465820421, 82.67971289661527, 78.26533278201572, 89.83977335991291, 104.48756312995717, 100.71242196920066, 86.0646321991564, 95.6297157040337, 72.38804370729233, 63.08036471938034, 69.76319992599389, 79.07087891390587, 71.23864080109895, 24.38401083557466, 33.97362707994037, 24.88295521711778, 15.293338972752068, 24.835156165154388]}