{"X": [46.682303298899996, 60.037963238297166, 50.0785003773336, 36.722840437936426, 48.45026007538286, 93.84175873174497, 84.01150579802012, 93.64257778794162, 103.47283072166647, 94.52346735011427, 54.071466019675896, 63.75476183836171, 64.0445319409168, 54.361236122230984, 59.14167515134943, 28.86265727980296, 39.01603903036608, 42.22856552810455, 32.07518377754143, 36.244827411593306, 103.8473901004413, 102.2419321987919, 91.35257052287396, 92.95802842452336, 98.21997546626945, 19.817627262476094, 19.746328473052323, 33.003297951160036, 33.07459674058381, 27.67240033334817, 67.91992714211351, 69.09267542108802, 82.57548851483067, 81.40274023585616, 75.9998741539991, 63.245889462399596, 63.64946000456329, 74.91794268515443, 74.51437214299074, 69.55207552491215], "Y": [85.76901603637089, 95.52983446116203, 109.15729820049813, 99.396479775707, 99.32270112495311, 56.494404260771084, 50.502330871109535, 34.702144937607706, 40.694218327269255, 45.636687818873966, 21.32993881157061, 21.113216254504195, 34.06032088649675, 34.277043443563166, 27.918814347237177, 32.12365397572884, 29.059516312939536, 39.7046019797649, 42.76873964255421, 36.462400754492855, 88.06317430030025, 98.2660999020222, 96.55262943002641, 86.34970382830446, 92.45797430547475, 69.96880792074674, 59.71984061648625, 59.627616117455595, 69.87658342171609, 65.07265104018603, 101.25660808652034, 85.66970440793548, 86.68414230897582, 102.27104598756068, 94.44609098066591, 76.38733910101914, 61.80178446266896, 62.11357429703091, 76.69912893538108, 70.76155391229682]}