{"X": [70.24853265016986, 60.114830996040595, 69.33564140564584, 79.46934305977511, 70.19479714017326, 33.185346955556426, 39.09033100303963, 28.75918435787348, 22.854200310390276, 31.419279537933647, 23.633950792106535, 18.107442858601097, 30.592103558150594, 36.11861149165603, 28.03083625039437, 107.8146757000335, 96.2888646998098, 91.48666020676377, 103.01247120698747, 100.49491213398896, 61.525194948175624, 48.66615796907303, 36.32800567849738, 49.18704265759997, 49.322037057955534, 78.42996095618666, 95.86035146739009, 95.02111065175079, 77.59072014054736, 87.15769713446322, 75.15625352110585, 60.953523343099356, 71.39155552004156, 85.59428569804805, 73.93695119208672, 50.03651344518281, 44.29158296719975, 58.04213070688731, 63.787061184870375, 55.34390055627948], "Y": [111.70195445234955, 101.787298941807, 92.36277162455724, 102.2774271350998, 102.58825859599432, 60.163155846089275, 66.48944246529013, 76.1325806605719, 69.80629404137105, 68.27439814163687, 112.47611020371009, 100.13147160257377, 94.54227789407325, 106.88691649520958, 105.14350344043753, 35.52359129212178, 39.339500666556376, 24.83462229022575, 21.01871291579116, 31.428807938123548, 35.42646763673538, 47.47803738184531, 34.31321653992232, 22.26164679481239, 35.46448098395143, 73.92528841426993, 75.74640215372087, 83.77901144804433, 81.95789770859339, 78.88330659502225, 58.62404356248832, 46.84198912930721, 34.25941658737799, 46.0414710205591, 48.246507870377116, 79.36076782098878, 63.00069536755587, 58.1721140135585, 74.53218646699142, 70.58415688049057]}