{"X": [35.810353104239425, 32.0891794093927, 46.31432706828019, 50.03550076312692, 41.9615181981519, 91.23934416651984, 110.39781120430742, 108.58785175339675, 89.42938471560917, 101.07630198192604, 87.58135148426038, 89.71747759432145, 72.41881201187397, 70.2826859018129, 81.59899606696358, 98.9532577505052, 85.77285668369764, 88.77961944664344, 101.960020513451, 94.05311749265755, 71.83897746026845, 58.44215042641097, 51.24174609530451, 64.638573129162, 62.93380190868932, 79.6964288168558, 83.49562530203261, 91.58971080858858, 87.79051432341177, 86.20727129894368], "Y": [85.6767958184692, 68.41714287535206, 65.35020720474392, 82.60986014786107, 75.79237599347897, 90.10650975319064, 93.1040830834571, 104.67212318105214, 101.67454985078568, 97.50872275788797, 19.699680176090297, 30.712418076304957, 34.067817210898056, 23.055079310683396, 27.04138930369937, 63.29955736240546, 59.343946987027984, 49.32517987713886, 53.28079025251633, 56.88066816644824, 66.30859728117312, 72.80364120045711, 57.951921551376486, 51.4568776320925, 62.65694089439372, 77.58169808383688, 65.93279820628418, 68.57262012341515, 80.22152000096786, 73.35652192029838]}