{"X": [69.47004540839855, 77.83234618693082, 67.44705945399774, 59.084758675465466, 68.85748676359482, 45.147602033833806, 25.583532706041314, 26.122136385988068, 45.686205713780566, 36.66307995855869, 31.97578902086172, 13.308020536509776, 18.59567331773996, 37.263441802091904, 26.845439099840277, 106.15620733086341, 94.31466584202244, 99.56215324316626, 111.40369473200724, 104.06179298714666, 89.74703013473507, 89.11479793091576, 77.08239952094198, 77.71463172476129, 83.44708412722927, 40.63122767274102, 52.54504037657103, 56.44570481412707, 44.53189211029706, 48.64887417313817, 88.07076772636266, 70.239370821897, 68.4578507725236, 86.28924767698926, 79.16284869412821], "Y": [27.12168307102352, 37.15599414785721, 45.81078775223198, 35.77647667539829, 37.55787103303037, 72.38731225148237, 71.16111417449852, 62.567657756265, 63.79385583324884, 69.65135546500856, 99.50089811897274, 92.88391264294334, 77.966443305399, 84.5834287814284, 88.99749356029236, 93.71254577255725, 86.9787621237693, 77.75091296588916, 84.4846966146771, 86.28069985510788, 79.50274596888812, 87.90555080892618, 87.00022575273513, 78.59742091269707, 84.22909966224276, 25.968803456735614, 20.780682241486463, 29.738026066249304, 34.92614728149846, 29.422252563445856, 103.58011791494135, 106.76051478157605, 96.77214149807006, 93.59174463143536, 101.25641331527174]}