{"X": [102.98392012575485, 91.67205998170277, 78.30153254321644, 89.61339268726852, 91.96279591462047, 90.63744950268692, 97.82407569451031, 104.6844411146093, 97.4978149227859, 98.09960749756446, 103.37096776461141, 91.74729636581341, 100.6058304152001, 112.2295018139981, 102.25567751625341, 21.973286527527687, 33.27146603478349, 26.859810294278848, 15.561630787023052, 25.37389558347935, 26.13061155628901, 38.080972220393384, 44.54636749258975, 32.59600682848538, 36.60455087768746, 68.01171238898621, 64.8682210032909, 75.80245264451341, 78.94594403020872, 72.97882039683441, 27.628517966538652, 44.98870824277683, 53.03744738383671, 35.67725710759853, 42.22863047228729, 59.93810984413378, 63.42606938192582, 74.22568762541417, 70.73772808762212, 67.25279748654035], "Y": [87.17048980748517, 101.23169233078153, 90.4754617604738, 76.41425923717745, 89.14782620496698, 57.959221606905864, 53.86945894437321, 65.92465282279527, 70.01441548532793, 62.862467894884496, 41.83955683134309, 27.60963567705329, 20.37356685076236, 34.60348800505216, 32.71179211298512, 64.10960840964684, 76.59018286499608, 82.39440588005932, 69.91383142471008, 74.85380455913443, 92.12862112119018, 85.3884987063529, 96.8517631077024, 103.59188552253967, 95.29522439794466, 52.36353892047775, 44.1131986885854, 39.94710832051625, 48.1974485524086, 46.54650867086987, 24.368163142596785, 15.485347738677309, 31.21545543752147, 40.09827084144095, 29.51200347519079, 86.01070970293713, 75.13740842657597, 78.60173177230914, 89.4750330486703, 83.29737037568388]}