{"X": [89.8365308372286, 72.73058122841351, 70.78031854098677, 87.88626814980185, 81.31464431114696, 110.45852936029756, 95.14188743289382, 88.23116616284695, 103.54780809025068, 100.53066498712532, 36.222216667343574, 51.359729840093095, 59.538615809305426, 44.401102636555905, 48.624618350015716, 38.99975240448033, 56.34788480716305, 59.18361821855537, 41.83548581587265, 49.999460510146065, 59.33038316819857, 62.77850251289171, 79.57848133128607, 76.13036198659293, 70.95836149293329, 39.82557709225377, 31.435207821058587, 31.976502257506958, 40.36687152870214, 37.20586150933982], "Y": [92.82036063845563, 95.66131205532467, 83.91838148038345, 81.0774300635144, 90.35603478854117, 48.48669207199435, 55.469303645136165, 40.31035601577887, 33.327744442637055, 44.441761518639304, 82.94797484070264, 71.05516965001988, 81.46549691194824, 93.358302102631, 83.96833204456466, 35.13768916996983, 31.49338189770257, 44.99242986599839, 48.63673713826565, 42.040375036573394, 62.82888200595678, 50.24073001032056, 54.84254384083531, 67.43069583647153, 60.11160901738455, 69.87025668100596, 69.51619937016706, 56.68872746883996, 57.04278477967885, 63.31457504704725]}