{"X": [46.31328382278971, 42.60526123661069, 53.949158985057785, 57.657181571236805, 51.56280419239457, 109.10448947709932, 108.31648635080495, 90.52740610907736, 91.31540923537173, 101.22033220554049, 97.24574340111317, 88.70766508154071, 88.69599609349771, 97.23407441307018, 94.24814069571842, 74.45047449716898, 63.534935567512186, 61.051299197551856, 71.96683812720865, 68.87040467807375, 42.835035246218546, 49.57458064055632, 40.33753873689388, 33.59799334255611, 42.608497728447446, 54.968868592771976, 70.00788517549537, 71.8699884927596, 56.8309719100362, 64.67605592748734, 69.55526750270255, 63.031749522275135, 78.43865429594248, 84.9621722763699, 74.19986523075323], "Y": [100.75871114186329, 91.05656775970901, 86.7210897720391, 96.42323315419337, 94.7591191913137, 25.54380792653537, 36.854418318855856, 35.61506426472803, 24.30445387240754, 31.789853563870718, 85.09688361778319, 85.10222445036243, 66.44769215729826, 66.44235132471903, 76.68388352551604, 47.302526871625204, 49.37314502630925, 36.28032565636114, 34.209707501677094, 43.08552033383564, 17.06214099379829, 22.15221003865899, 34.38258700810084, 29.292517963240147, 25.908381730102604, 55.376677200524576, 52.86370417302888, 64.00755743395645, 66.52053046145215, 60.452518391110864, 111.16913504330951, 99.58166006927307, 90.90787906530507, 102.4953540393415, 102.59444938035992]}