{"X": [87.1471114437435, 102.5334502452879, 95.12147836694042, 79.73513956539603, 92.51867438935537, 70.26377624681099, 75.94251585602524, 87.40342729176403, 81.72468768254978, 79.97334033349607, 54.99435178535071, 57.384824405277314, 48.41359678755358, 46.023124167626975, 51.96986670857083, 27.96630759075447, 24.77589709837416, 39.44980989503245, 42.64022038741277, 35.050932749725, 23.85059295813442, 29.58801452857087, 40.700049156822864, 34.96262758638641, 32.78216382004859, 59.203128303949875, 75.54433283787512, 74.40930042150586, 58.06809588758063, 67.09632392834199], "Y": [67.37630926815784, 76.78282912838048, 88.90666580787634, 79.50014594765369, 80.14408575720668, 53.25592226432988, 39.872181460133866, 44.73506192681339, 58.1188027310094, 49.981136163641004, 85.17460024999582, 96.52779683938466, 98.4167339170128, 87.06353732762396, 92.4185176947833, 75.83397194930384, 62.40812951215172, 58.92113749881011, 72.34697993596224, 68.00697348272963, 34.776235682065604, 24.063449351403754, 30.014695385789185, 40.72748171645103, 32.442458423164645, 62.80847566779862, 64.63932445508475, 74.77003377271156, 72.93918498542543, 70.44104382878564]}